ADM3_PCODE,ADM3_EN,ADM2_PCODE,ADM2_EN,ADM1_PCODE,ADM1_EN,ADM0_PCODE,year,month,ACLED_BRD_total,GID_0,GID_3,ACLED_BRD_state,ACLED_BRD_nonstate
ET010101,Tahtay Adiyabo,ET0101,North Western,ET01,Tigray,ET,1998,5,15,ETH,ET010101,7.5,7.5
ET010101,Tahtay Adiyabo,ET0101,North Western,ET01,Tigray,ET,1998,10,11,ETH,ET010101,5.5,5.5
ET010101,Tahtay Adiyabo,ET0101,North Western,ET01,Tigray,ET,2000,6,0,ETH,ET010101,0.0,0.0
ET010101,Tahtay Adiyabo,ET0101,North Western,ET01,Tigray,ET,2006,1,75,ETH,ET010101,37.5,37.5
ET010101,Tahtay Adiyabo,ET0101,North Western,ET01,Tigray,ET,2009,4,29,ETH,ET010101,14.5,14.5
ET010101,Tahtay Adiyabo,ET0101,North Western,ET01,Tigray,ET,2010,5,0,ETH,ET010101,0.0,0.0
ET010101,Tahtay Adiyabo,ET0101,North Western,ET01,Tigray,ET,2013,10,1,ETH,ET010101,0.5,0.5
ET010101,Tahtay Adiyabo,ET0101,North Western,ET01,Tigray,ET,2013,11,12,ETH,ET010101,6.0,6.0
ET010101,Tahtay Adiyabo,ET0101,North Western,ET01,Tigray,ET,2015,7,30,ETH,ET010101,15.0,15.0
ET010101,Tahtay Adiyabo,ET0101,North Western,ET01,Tigray,ET,2020,11,50,ETH,ET010101,25.0,25.0
ET010101,Tahtay Adiyabo,ET0101,North Western,ET01,Tigray,ET,2020,12,0,ETH,ET010101,0.0,0.0
ET010101,Tahtay Adiyabo,ET0101,North Western,ET01,Tigray,ET,2021,1,56,ETH,ET010101,28.0,28.0
ET010101,Tahtay Adiyabo,ET0101,North Western,ET01,Tigray,ET,2021,3,0,ETH,ET010101,0.0,0.0
ET010101,Tahtay Adiyabo,ET0101,North Western,ET01,Tigray,ET,2022,1,0,ETH,ET010101,0.0,0.0
ET010101,Tahtay Adiyabo,ET0101,North Western,ET01,Tigray,ET,2022,5,1,ETH,ET010101,0.5,0.5
ET010101,Tahtay Adiyabo,ET0101,North Western,ET01,Tigray,ET,2022,8,0,ETH,ET010101,0.0,0.0
ET010101,Tahtay Adiyabo,ET0101,North Western,ET01,Tigray,ET,2022,9,50,ETH,ET010101,25.0,25.0
ET010101,Tahtay Adiyabo,ET0101,North Western,ET01,Tigray,ET,2022,10,0,ETH,ET010101,0.0,0.0
ET010101,Tahtay Adiyabo,ET0101,North Western,ET01,Tigray,ET,2023,5,0,ETH,ET010101,0.0,0.0
ET010101,Tahtay Adiyabo,ET0101,North Western,ET01,Tigray,ET,2023,6,3,ETH,ET010101,1.5,1.5
ET010101,Tahtay Adiyabo,ET0101,North Western,ET01,Tigray,ET,2025,1,0,ETH,ET010101,0.0,0.0
ET010101,Tahtay Adiyabo,ET0101,North Western,ET01,Tigray,ET,2025,2,0,ETH,ET010101,0.0,0.0
ET010101,Tahtay Adiyabo,ET0101,North Western,ET01,Tigray,ET,2025,8,0,ETH,ET010101,0.0,0.0
ET010102,Laelay Adiabo,ET0101,North Western,ET01,Tigray,ET,2021,1,0,ETH,ET010102,0.0,0.0
ET010102,Laelay Adiabo,ET0101,North Western,ET01,Tigray,ET,2021,3,0,ETH,ET010102,0.0,0.0
ET010103,Zana,ET0101,North Western,ET01,Tigray,ET,2021,2,0,ETH,ET010103,0.0,0.0
ET010103,Zana,ET0101,North Western,ET01,Tigray,ET,2021,3,0,ETH,ET010103,0.0,0.0
ET010103,Zana,ET0101,North Western,ET01,Tigray,ET,2021,4,0,ETH,ET010103,0.0,0.0
ET010103,Zana,ET0101,North Western,ET01,Tigray,ET,2022,9,0,ETH,ET010103,0.0,0.0
ET010103,Zana,ET0101,North Western,ET01,Tigray,ET,2022,10,0,ETH,ET010103,0.0,0.0
ET010104,Tahtay Koraro,ET0101,North Western,ET01,Tigray,ET,1998,7,18,ETH,ET010104,9.0,9.0
ET010104,Tahtay Koraro,ET0101,North Western,ET01,Tigray,ET,2002,8,28,ETH,ET010104,14.0,14.0
ET010104,Tahtay Koraro,ET0101,North Western,ET01,Tigray,ET,2008,3,0,ETH,ET010104,0.0,0.0
ET010104,Tahtay Koraro,ET0101,North Western,ET01,Tigray,ET,2010,3,1,ETH,ET010104,0.5,0.5
ET010104,Tahtay Koraro,ET0101,North Western,ET01,Tigray,ET,2010,5,0,ETH,ET010104,0.0,0.0
ET010104,Tahtay Koraro,ET0101,North Western,ET01,Tigray,ET,2013,1,0,ETH,ET010104,0.0,0.0
ET010104,Tahtay Koraro,ET0101,North Western,ET01,Tigray,ET,2013,10,0,ETH,ET010104,0.0,0.0
ET010104,Tahtay Koraro,ET0101,North Western,ET01,Tigray,ET,2019,1,0,ETH,ET010104,0.0,0.0
ET010104,Tahtay Koraro,ET0101,North Western,ET01,Tigray,ET,2020,11,5,ETH,ET010104,2.5,2.5
ET010104,Tahtay Koraro,ET0101,North Western,ET01,Tigray,ET,2020,12,3,ETH,ET010104,1.5,1.5
ET010104,Tahtay Koraro,ET0101,North Western,ET01,Tigray,ET,2021,1,0,ETH,ET010104,0.0,0.0
ET010104,Tahtay Koraro,ET0101,North Western,ET01,Tigray,ET,2021,2,2,ETH,ET010104,1.0,1.0
ET010104,Tahtay Koraro,ET0101,North Western,ET01,Tigray,ET,2021,3,0,ETH,ET010104,0.0,0.0
ET010104,Tahtay Koraro,ET0101,North Western,ET01,Tigray,ET,2021,5,0,ETH,ET010104,0.0,0.0
ET010104,Tahtay Koraro,ET0101,North Western,ET01,Tigray,ET,2021,6,0,ETH,ET010104,0.0,0.0
ET010104,Tahtay Koraro,ET0101,North Western,ET01,Tigray,ET,2022,3,0,ETH,ET010104,0.0,0.0
ET010104,Tahtay Koraro,ET0101,North Western,ET01,Tigray,ET,2022,8,4,ETH,ET010104,2.0,2.0
ET010104,Tahtay Koraro,ET0101,North Western,ET01,Tigray,ET,2022,9,4,ETH,ET010104,2.0,2.0
ET010104,Tahtay Koraro,ET0101,North Western,ET01,Tigray,ET,2022,10,3,ETH,ET010104,1.5,1.5
ET010104,Tahtay Koraro,ET0101,North Western,ET01,Tigray,ET,2022,11,5,ETH,ET010104,2.5,2.5
ET010104,Tahtay Koraro,ET0101,North Western,ET01,Tigray,ET,2022,12,0,ETH,ET010104,0.0,0.0
ET010104,Tahtay Koraro,ET0101,North Western,ET01,Tigray,ET,2023,1,0,ETH,ET010104,0.0,0.0
ET010104,Tahtay Koraro,ET0101,North Western,ET01,Tigray,ET,2023,2,0,ETH,ET010104,0.0,0.0
ET010104,Tahtay Koraro,ET0101,North Western,ET01,Tigray,ET,2023,5,0,ETH,ET010104,0.0,0.0
ET010104,Tahtay Koraro,ET0101,North Western,ET01,Tigray,ET,2023,12,0,ETH,ET010104,0.0,0.0
ET010104,Tahtay Koraro,ET0101,North Western,ET01,Tigray,ET,2024,1,0,ETH,ET010104,0.0,0.0
ET010104,Tahtay Koraro,ET0101,North Western,ET01,Tigray,ET,2024,3,0,ETH,ET010104,0.0,0.0
ET010104,Tahtay Koraro,ET0101,North Western,ET01,Tigray,ET,2024,9,0,ETH,ET010104,0.0,0.0
ET010104,Tahtay Koraro,ET0101,North Western,ET01,Tigray,ET,2025,1,0,ETH,ET010104,0.0,0.0
ET010104,Tahtay Koraro,ET0101,North Western,ET01,Tigray,ET,2025,2,0,ETH,ET010104,0.0,0.0
ET010104,Tahtay Koraro,ET0101,North Western,ET01,Tigray,ET,2025,7,3,ETH,ET010104,1.5,1.5
ET010105,Asgede,ET0101,North Western,ET01,Tigray,ET,2020,11,16,ETH,ET010105,8.0,8.0
ET010105,Asgede,ET0101,North Western,ET01,Tigray,ET,2020,12,0,ETH,ET010105,0.0,0.0
ET010105,Asgede,ET0101,North Western,ET01,Tigray,ET,2021,1,0,ETH,ET010105,0.0,0.0
ET010105,Asgede,ET0101,North Western,ET01,Tigray,ET,2021,2,0,ETH,ET010105,0.0,0.0
ET010105,Asgede,ET0101,North Western,ET01,Tigray,ET,2021,3,0,ETH,ET010105,0.0,0.0
ET010105,Asgede,ET0101,North Western,ET01,Tigray,ET,2021,6,0,ETH,ET010105,0.0,0.0
ET010105,Asgede,ET0101,North Western,ET01,Tigray,ET,2021,11,0,ETH,ET010105,0.0,0.0
ET010105,Asgede,ET0101,North Western,ET01,Tigray,ET,2022,1,56,ETH,ET010105,28.0,28.0
ET010105,Asgede,ET0101,North Western,ET01,Tigray,ET,2022,8,6,ETH,ET010105,3.0,3.0
ET010105,Asgede,ET0101,North Western,ET01,Tigray,ET,2022,9,0,ETH,ET010105,0.0,0.0
ET010105,Asgede,ET0101,North Western,ET01,Tigray,ET,2022,10,1,ETH,ET010105,0.5,0.5
ET010105,Asgede,ET0101,North Western,ET01,Tigray,ET,2024,1,1,ETH,ET010105,0.5,0.5
ET010105,Asgede,ET0101,North Western,ET01,Tigray,ET,2024,4,22,ETH,ET010105,11.0,11.0
ET010105,Asgede,ET0101,North Western,ET01,Tigray,ET,2024,12,0,ETH,ET010105,0.0,0.0
ET010105,Asgede,ET0101,North Western,ET01,Tigray,ET,2025,1,0,ETH,ET010105,0.0,0.0
ET010106,Tselemti,ET0101,North Western,ET01,Tigray,ET,2020,11,0,ETH,ET010106,0.0,0.0
ET010106,Tselemti,ET0101,North Western,ET01,Tigray,ET,2020,12,0,ETH,ET010106,0.0,0.0
ET010106,Tselemti,ET0101,North Western,ET01,Tigray,ET,2021,1,0,ETH,ET010106,0.0,0.0
ET010106,Tselemti,ET0101,North Western,ET01,Tigray,ET,2021,7,6,ETH,ET010106,3.0,3.0
ET010106,Tselemti,ET0101,North Western,ET01,Tigray,ET,2021,8,2,ETH,ET010106,1.0,1.0
ET010106,Tselemti,ET0101,North Western,ET01,Tigray,ET,2022,1,3,ETH,ET010106,1.5,1.5
ET010107,Sheraro town,ET0101,North Western,ET01,Tigray,ET,2020,11,0,ETH,ET010107,0.0,0.0
ET010107,Sheraro town,ET0101,North Western,ET01,Tigray,ET,2020,12,0,ETH,ET010107,0.0,0.0
ET010107,Sheraro town,ET0101,North Western,ET01,Tigray,ET,2022,8,0,ETH,ET010107,0.0,0.0
ET010107,Sheraro town,ET0101,North Western,ET01,Tigray,ET,2022,9,0,ETH,ET010107,0.0,0.0
ET010107,Sheraro town,ET0101,North Western,ET01,Tigray,ET,2022,10,0,ETH,ET010107,0.0,0.0
ET010107,Sheraro town,ET0101,North Western,ET01,Tigray,ET,2024,1,0,ETH,ET010107,0.0,0.0
ET010107,Sheraro town,ET0101,North Western,ET01,Tigray,ET,2024,6,0,ETH,ET010107,0.0,0.0
ET010108,Indasilassie town,ET0101,North Western,ET01,Tigray,ET,2021,2,0,ETH,ET010108,0.0,0.0
ET010108,Indasilassie town,ET0101,North Western,ET01,Tigray,ET,2024,6,0,ETH,ET010108,0.0,0.0
ET010109,Selekleka,ET0101,North Western,ET01,Tigray,ET,2021,1,0,ETH,ET010109,0.0,0.0
ET010109,Selekleka,ET0101,North Western,ET01,Tigray,ET,2021,2,1,ETH,ET010109,0.5,0.5
ET010109,Selekleka,ET0101,North Western,ET01,Tigray,ET,2021,4,33,ETH,ET010109,16.5,16.5
ET010109,Selekleka,ET0101,North Western,ET01,Tigray,ET,2021,6,10,ETH,ET010109,5.0,5.0
ET010109,Selekleka,ET0101,North Western,ET01,Tigray,ET,2025,1,0,ETH,ET010109,0.0,0.0
ET010110,Seyemti Adyabo,ET0101,North Western,ET01,Tigray,ET,2020,11,0,ETH,ET010110,0.0,0.0
ET010110,Seyemti Adyabo,ET0101,North Western,ET01,Tigray,ET,2020,12,0,ETH,ET010110,0.0,0.0
ET010110,Seyemti Adyabo,ET0101,North Western,ET01,Tigray,ET,2021,2,0,ETH,ET010110,0.0,0.0
ET010110,Seyemti Adyabo,ET0101,North Western,ET01,Tigray,ET,2022,9,0,ETH,ET010110,0.0,0.0
ET010111,Adi Daero,ET0101,North Western,ET01,Tigray,ET,2020,11,0,ETH,ET010111,0.0,0.0
ET010111,Adi Daero,ET0101,North Western,ET01,Tigray,ET,2020,12,0,ETH,ET010111,0.0,0.0
ET010111,Adi Daero,ET0101,North Western,ET01,Tigray,ET,2021,1,0,ETH,ET010111,0.0,0.0
ET010111,Adi Daero,ET0101,North Western,ET01,Tigray,ET,2021,2,0,ETH,ET010111,0.0,0.0
ET010111,Adi Daero,ET0101,North Western,ET01,Tigray,ET,2021,6,25,ETH,ET010111,12.5,12.5
ET010111,Adi Daero,ET0101,North Western,ET01,Tigray,ET,2022,8,0,ETH,ET010111,0.0,0.0
ET010111,Adi Daero,ET0101,North Western,ET01,Tigray,ET,2022,9,5,ETH,ET010111,2.5,2.5
ET010111,Adi Daero,ET0101,North Western,ET01,Tigray,ET,2022,10,50,ETH,ET010111,25.0,25.0
ET010111,Adi Daero,ET0101,North Western,ET01,Tigray,ET,2025,1,0,ETH,ET010111,0.0,0.0
ET010112,Adi Hageray,ET0101,North Western,ET01,Tigray,ET,2022,5,120,ETH,ET010112,60.0,60.0
ET010112,Adi Hageray,ET0101,North Western,ET01,Tigray,ET,2022,9,0,ETH,ET010112,0.0,0.0
ET010112,Adi Hageray,ET0101,North Western,ET01,Tigray,ET,2022,10,0,ETH,ET010112,0.0,0.0
ET010113,Tsimbla,ET0101,North Western,ET01,Tigray,ET,2021,1,30,ETH,ET010113,15.0,15.0
ET010113,Tsimbla,ET0101,North Western,ET01,Tigray,ET,2021,2,0,ETH,ET010113,0.0,0.0
ET010113,Tsimbla,ET0101,North Western,ET01,Tigray,ET,2021,3,0,ETH,ET010113,0.0,0.0
ET010114,Endabaguna town,ET0101,North Western,ET01,Tigray,ET,2021,2,0,ETH,ET010114,0.0,0.0
ET010114,Endabaguna town,ET0101,North Western,ET01,Tigray,ET,2023,3,0,ETH,ET010114,0.0,0.0
ET010114,Endabaguna town,ET0101,North Western,ET01,Tigray,ET,2023,9,1,ETH,ET010114,0.5,0.5
ET010114,Endabaguna town,ET0101,North Western,ET01,Tigray,ET,2024,1,0,ETH,ET010114,0.0,0.0
ET010114,Endabaguna town,ET0101,North Western,ET01,Tigray,ET,2025,1,0,ETH,ET010114,0.0,0.0
ET010115,Dima (TG),ET0101,North Western,ET01,Tigray,ET,2021,1,0,ETH,ET010115,0.0,0.0
ET010115,Dima (TG),ET0101,North Western,ET01,Tigray,ET,2021,2,0,ETH,ET010115,0.0,0.0
ET010115,Dima (TG),ET0101,North Western,ET01,Tigray,ET,2021,3,0,ETH,ET010115,0.0,0.0
ET010115,Dima (TG),ET0101,North Western,ET01,Tigray,ET,2023,6,0,ETH,ET010115,0.0,0.0
ET010115,Dima (TG),ET0101,North Western,ET01,Tigray,ET,2023,7,0,ETH,ET010115,0.0,0.0
ET010115,Dima (TG),ET0101,North Western,ET01,Tigray,ET,2025,8,4,ETH,ET010115,2.0,2.0
ET010116,May Tsebri town,ET0101,North Western,ET01,Tigray,ET,2020,11,0,ETH,ET010116,0.0,0.0
ET010116,May Tsebri town,ET0101,North Western,ET01,Tigray,ET,2020,12,0,ETH,ET010116,0.0,0.0
ET010116,May Tsebri town,ET0101,North Western,ET01,Tigray,ET,2021,7,1,ETH,ET010116,0.5,0.5
ET010116,May Tsebri town,ET0101,North Western,ET01,Tigray,ET,2021,8,46,ETH,ET010116,23.0,23.0
ET010116,May Tsebri town,ET0101,North Western,ET01,Tigray,ET,2021,9,64,ETH,ET010116,32.0,32.0
ET010116,May Tsebri town,ET0101,North Western,ET01,Tigray,ET,2021,10,0,ETH,ET010116,0.0,0.0
ET010116,May Tsebri town,ET0101,North Western,ET01,Tigray,ET,2021,11,0,ETH,ET010116,0.0,0.0
ET010116,May Tsebri town,ET0101,North Western,ET01,Tigray,ET,2022,1,17,ETH,ET010116,8.5,8.5
ET010116,May Tsebri town,ET0101,North Western,ET01,Tigray,ET,2022,9,32,ETH,ET010116,16.0,16.0
ET010116,May Tsebri town,ET0101,North Western,ET01,Tigray,ET,2023,6,0,ETH,ET010116,0.0,0.0
ET010116,May Tsebri town,ET0101,North Western,ET01,Tigray,ET,2024,4,0,ETH,ET010116,0.0,0.0
ET010116,May Tsebri town,ET0101,North Western,ET01,Tigray,ET,2024,6,0,ETH,ET010116,0.0,0.0
ET010116,May Tsebri town,ET0101,North Western,ET01,Tigray,ET,2025,8,4,ETH,ET010116,2.0,2.0
ET010201,Chila,ET0102,Central,ET01,Tigray,ET,2021,3,0,ETH,ET010201,0.0,0.0
ET010202,Aheferom,ET0102,Central,ET01,Tigray,ET,2020,11,15,ETH,ET010202,7.5,7.5
ET010202,Aheferom,ET0102,Central,ET01,Tigray,ET,2021,1,0,ETH,ET010202,0.0,0.0
ET010202,Aheferom,ET0102,Central,ET01,Tigray,ET,2025,6,0,ETH,ET010202,0.0,0.0
ET010203,Edaga arbi,ET0102,Central,ET01,Tigray,ET,2004,12,3,ETH,ET010203,1.5,1.5
ET010203,Edaga arbi,ET0102,Central,ET01,Tigray,ET,2021,3,0,ETH,ET010203,0.0,0.0
ET010204,Adwa,ET0102,Central,ET01,Tigray,ET,2020,11,0,ETH,ET010204,0.0,0.0
ET010204,Adwa,ET0102,Central,ET01,Tigray,ET,2020,12,0,ETH,ET010204,0.0,0.0
ET010204,Adwa,ET0102,Central,ET01,Tigray,ET,2021,3,0,ETH,ET010204,0.0,0.0
ET010204,Adwa,ET0102,Central,ET01,Tigray,ET,2022,10,167,ETH,ET010204,83.5,83.5
ET010204,Adwa,ET0102,Central,ET01,Tigray,ET,2025,6,0,ETH,ET010204,0.0,0.0
ET010205,Laelay Maychew,ET0102,Central,ET01,Tigray,ET,2020,11,0,ETH,ET010205,0.0,0.0
ET010205,Laelay Maychew,ET0102,Central,ET01,Tigray,ET,2020,12,0,ETH,ET010205,0.0,0.0
ET010205,Laelay Maychew,ET0102,Central,ET01,Tigray,ET,2021,2,0,ETH,ET010205,0.0,0.0
ET010205,Laelay Maychew,ET0102,Central,ET01,Tigray,ET,2023,1,0,ETH,ET010205,0.0,0.0
ET010206,Tahtay Mayechew,ET0102,Central,ET01,Tigray,ET,2020,11,0,ETH,ET010206,0.0,0.0
ET010206,Tahtay Mayechew,ET0102,Central,ET01,Tigray,ET,2020,12,0,ETH,ET010206,0.0,0.0
ET010206,Tahtay Mayechew,ET0102,Central,ET01,Tigray,ET,2021,1,0,ETH,ET010206,0.0,0.0
ET010206,Tahtay Mayechew,ET0102,Central,ET01,Tigray,ET,2021,2,0,ETH,ET010206,0.0,0.0
ET010207,Adet,ET0102,Central,ET01,Tigray,ET,2021,2,0,ETH,ET010207,0.0,0.0
ET010207,Adet,ET0102,Central,ET01,Tigray,ET,2024,7,1,ETH,ET010207,0.5,0.5
ET010208,Kola Temben,ET0102,Central,ET01,Tigray,ET,2020,11,0,ETH,ET010208,0.0,0.0
ET010208,Kola Temben,ET0102,Central,ET01,Tigray,ET,2020,12,0,ETH,ET010208,0.0,0.0
ET010208,Kola Temben,ET0102,Central,ET01,Tigray,ET,2021,1,0,ETH,ET010208,0.0,0.0
ET010208,Kola Temben,ET0102,Central,ET01,Tigray,ET,2021,2,0,ETH,ET010208,0.0,0.0
ET010208,Kola Temben,ET0102,Central,ET01,Tigray,ET,2021,3,0,ETH,ET010208,0.0,0.0
ET010208,Kola Temben,ET0102,Central,ET01,Tigray,ET,2024,1,0,ETH,ET010208,0.0,0.0
ET010208,Kola Temben,ET0102,Central,ET01,Tigray,ET,2024,5,2,ETH,ET010208,1.0,1.0
ET010209,Naeder,ET0102,Central,ET01,Tigray,ET,2021,1,11,ETH,ET010209,5.5,5.5
ET010209,Naeder,ET0102,Central,ET01,Tigray,ET,2021,2,0,ETH,ET010209,0.0,0.0
ET010210,Abergele (TG),ET0102,Central,ET01,Tigray,ET,2020,11,0,ETH,ET010210,0.0,0.0
ET010210,Abergele (TG),ET0102,Central,ET01,Tigray,ET,2020,12,0,ETH,ET010210,0.0,0.0
ET010210,Abergele (TG),ET0102,Central,ET01,Tigray,ET,2021,1,0,ETH,ET010210,0.0,0.0
ET010210,Abergele (TG),ET0102,Central,ET01,Tigray,ET,2021,2,0,ETH,ET010210,0.0,0.0
ET010210,Abergele (TG),ET0102,Central,ET01,Tigray,ET,2021,3,0,ETH,ET010210,0.0,0.0
ET010210,Abergele (TG),ET0102,Central,ET01,Tigray,ET,2021,6,114,ETH,ET010210,57.0,57.0
ET010210,Abergele (TG),ET0102,Central,ET01,Tigray,ET,2022,10,0,ETH,ET010210,0.0,0.0
ET010210,Abergele (TG),ET0102,Central,ET01,Tigray,ET,2024,10,3,ETH,ET010210,1.5,1.5
ET010210,Abergele (TG),ET0102,Central,ET01,Tigray,ET,2025,9,2,ETH,ET010210,1.0,1.0
ET010212,Adwa town,ET0102,Central,ET01,Tigray,ET,2002,6,0,ETH,ET010212,0.0,0.0
ET010212,Adwa town,ET0102,Central,ET01,Tigray,ET,2003,9,1,ETH,ET010212,0.5,0.5
ET010212,Adwa town,ET0102,Central,ET01,Tigray,ET,2009,4,120,ETH,ET010212,60.0,60.0
ET010212,Adwa town,ET0102,Central,ET01,Tigray,ET,2018,11,0,ETH,ET010212,0.0,0.0
ET010212,Adwa town,ET0102,Central,ET01,Tigray,ET,2020,11,40,ETH,ET010212,20.0,20.0
ET010212,Adwa town,ET0102,Central,ET01,Tigray,ET,2020,12,1,ETH,ET010212,0.5,0.5
ET010212,Adwa town,ET0102,Central,ET01,Tigray,ET,2021,2,0,ETH,ET010212,0.0,0.0
ET010212,Adwa town,ET0102,Central,ET01,Tigray,ET,2021,4,9,ETH,ET010212,4.5,4.5
ET010212,Adwa town,ET0102,Central,ET01,Tigray,ET,2021,6,10,ETH,ET010212,5.0,5.0
ET010212,Adwa town,ET0102,Central,ET01,Tigray,ET,2021,10,0,ETH,ET010212,0.0,0.0
ET010212,Adwa town,ET0102,Central,ET01,Tigray,ET,2022,10,20,ETH,ET010212,10.0,10.0
ET010212,Adwa town,ET0102,Central,ET01,Tigray,ET,2022,12,0,ETH,ET010212,0.0,0.0
ET010212,Adwa town,ET0102,Central,ET01,Tigray,ET,2023,5,0,ETH,ET010212,0.0,0.0
ET010212,Adwa town,ET0102,Central,ET01,Tigray,ET,2024,1,0,ETH,ET010212,0.0,0.0
ET010212,Adwa town,ET0102,Central,ET01,Tigray,ET,2024,3,0,ETH,ET010212,0.0,0.0
ET010212,Adwa town,ET0102,Central,ET01,Tigray,ET,2024,6,0,ETH,ET010212,0.0,0.0
ET010212,Adwa town,ET0102,Central,ET01,Tigray,ET,2025,1,0,ETH,ET010212,0.0,0.0
ET010212,Adwa town,ET0102,Central,ET01,Tigray,ET,2025,5,0,ETH,ET010212,0.0,0.0
ET010213,Axum town,ET0102,Central,ET01,Tigray,ET,2020,11,250,ETH,ET010213,125.0,125.0
ET010213,Axum town,ET0102,Central,ET01,Tigray,ET,2020,12,0,ETH,ET010213,0.0,0.0
ET010213,Axum town,ET0102,Central,ET01,Tigray,ET,2021,1,0,ETH,ET010213,0.0,0.0
ET010213,Axum town,ET0102,Central,ET01,Tigray,ET,2021,2,0,ETH,ET010213,0.0,0.0
ET010213,Axum town,ET0102,Central,ET01,Tigray,ET,2021,4,1,ETH,ET010213,0.5,0.5
ET010213,Axum town,ET0102,Central,ET01,Tigray,ET,2021,6,0,ETH,ET010213,0.0,0.0
ET010213,Axum town,ET0102,Central,ET01,Tigray,ET,2022,10,5,ETH,ET010213,2.5,2.5
ET010213,Axum town,ET0102,Central,ET01,Tigray,ET,2022,11,4,ETH,ET010213,2.0,2.0
ET010213,Axum town,ET0102,Central,ET01,Tigray,ET,2022,12,0,ETH,ET010213,0.0,0.0
ET010213,Axum town,ET0102,Central,ET01,Tigray,ET,2023,2,0,ETH,ET010213,0.0,0.0
ET010213,Axum town,ET0102,Central,ET01,Tigray,ET,2023,5,0,ETH,ET010213,0.0,0.0
ET010213,Axum town,ET0102,Central,ET01,Tigray,ET,2024,1,0,ETH,ET010213,0.0,0.0
ET010213,Axum town,ET0102,Central,ET01,Tigray,ET,2024,6,0,ETH,ET010213,0.0,0.0
ET010213,Axum town,ET0102,Central,ET01,Tigray,ET,2024,8,0,ETH,ET010213,0.0,0.0
ET010213,Axum town,ET0102,Central,ET01,Tigray,ET,2025,1,0,ETH,ET010213,0.0,0.0
ET010213,Axum town,ET0102,Central,ET01,Tigray,ET,2025,6,0,ETH,ET010213,0.0,0.0
ET010214,Rama,ET0102,Central,ET01,Tigray,ET,2000,6,0,ETH,ET010214,0.0,0.0
ET010214,Rama,ET0102,Central,ET01,Tigray,ET,2021,1,0,ETH,ET010214,0.0,0.0
ET010214,Rama,ET0102,Central,ET01,Tigray,ET,2021,2,0,ETH,ET010214,0.0,0.0
ET010214,Rama,ET0102,Central,ET01,Tigray,ET,2022,5,0,ETH,ET010214,0.0,0.0
ET010214,Rama,ET0102,Central,ET01,Tigray,ET,2022,9,0,ETH,ET010214,0.0,0.0
ET010214,Rama,ET0102,Central,ET01,Tigray,ET,2022,10,10,ETH,ET010214,5.0,5.0
ET010214,Rama,ET0102,Central,ET01,Tigray,ET,2025,6,0,ETH,ET010214,0.0,0.0
ET010217,Hahayle,ET0102,Central,ET01,Tigray,ET,2021,2,0,ETH,ET010217,0.0,0.0
ET010217,Hahayle,ET0102,Central,ET01,Tigray,ET,2021,3,0,ETH,ET010217,0.0,0.0
ET010218,Endafelasi,ET0102,Central,ET01,Tigray,ET,2020,11,21,ETH,ET010218,10.5,10.5
ET010218,Endafelasi,ET0102,Central,ET01,Tigray,ET,2021,1,0,ETH,ET010218,0.0,0.0
ET010218,Endafelasi,ET0102,Central,ET01,Tigray,ET,2021,2,0,ETH,ET010218,0.0,0.0
ET010218,Endafelasi,ET0102,Central,ET01,Tigray,ET,2021,3,0,ETH,ET010218,0.0,0.0
ET010218,Endafelasi,ET0102,Central,ET01,Tigray,ET,2024,11,0,ETH,ET010218,0.0,0.0
ET010219,Emba Sieneti,ET0102,Central,ET01,Tigray,ET,2020,11,10,ETH,ET010219,5.0,5.0
ET010219,Emba Sieneti,ET0102,Central,ET01,Tigray,ET,2021,2,0,ETH,ET010219,0.0,0.0
ET010219,Emba Sieneti,ET0102,Central,ET01,Tigray,ET,2021,3,0,ETH,ET010219,0.0,0.0
ET010219,Emba Sieneti,ET0102,Central,ET01,Tigray,ET,2024,1,1,ETH,ET010219,0.5,0.5
ET010219,Emba Sieneti,ET0102,Central,ET01,Tigray,ET,2025,1,0,ETH,ET010219,0.0,0.0
ET010220,Enticho town,ET0102,Central,ET01,Tigray,ET,2022,10,0,ETH,ET010220,0.0,0.0
ET010220,Enticho town,ET0102,Central,ET01,Tigray,ET,2025,1,0,ETH,ET010220,0.0,0.0
ET010221,Keyhe tekli,ET0102,Central,ET01,Tigray,ET,2020,11,0,ETH,ET010221,0.0,0.0
ET010221,Keyhe tekli,ET0102,Central,ET01,Tigray,ET,2020,12,25,ETH,ET010221,12.5,12.5
ET010221,Keyhe tekli,ET0102,Central,ET01,Tigray,ET,2021,1,0,ETH,ET010221,0.0,0.0
ET010221,Keyhe tekli,ET0102,Central,ET01,Tigray,ET,2021,2,0,ETH,ET010221,0.0,0.0
ET010221,Keyhe tekli,ET0102,Central,ET01,Tigray,ET,2021,3,0,ETH,ET010221,0.0,0.0
ET010221,Keyhe tekli,ET0102,Central,ET01,Tigray,ET,2021,4,11,ETH,ET010221,5.5,5.5
ET010221,Keyhe tekli,ET0102,Central,ET01,Tigray,ET,2022,9,2,ETH,ET010221,1.0,1.0
ET010221,Keyhe tekli,ET0102,Central,ET01,Tigray,ET,2022,10,0,ETH,ET010221,0.0,0.0
ET010221,Keyhe tekli,ET0102,Central,ET01,Tigray,ET,2023,9,3,ETH,ET010221,1.5,1.5
ET010221,Keyhe tekli,ET0102,Central,ET01,Tigray,ET,2025,7,0,ETH,ET010221,0.0,0.0
ET010222,Tanqua Melashe,ET0102,Central,ET01,Tigray,ET,2005,1,0,ETH,ET010222,0.0,0.0
ET010222,Tanqua Melashe,ET0102,Central,ET01,Tigray,ET,2020,11,0,ETH,ET010222,0.0,0.0
ET010222,Tanqua Melashe,ET0102,Central,ET01,Tigray,ET,2020,12,0,ETH,ET010222,0.0,0.0
ET010222,Tanqua Melashe,ET0102,Central,ET01,Tigray,ET,2021,1,0,ETH,ET010222,0.0,0.0
ET010222,Tanqua Melashe,ET0102,Central,ET01,Tigray,ET,2021,2,0,ETH,ET010222,0.0,0.0
ET010222,Tanqua Melashe,ET0102,Central,ET01,Tigray,ET,2021,4,0,ETH,ET010222,0.0,0.0
ET010222,Tanqua Melashe,ET0102,Central,ET01,Tigray,ET,2021,10,0,ETH,ET010222,0.0,0.0
ET010222,Tanqua Melashe,ET0102,Central,ET01,Tigray,ET,2022,9,3,ETH,ET010222,1.5,1.5
ET010222,Tanqua Melashe,ET0102,Central,ET01,Tigray,ET,2023,5,0,ETH,ET010222,0.0,0.0
ET010222,Tanqua Melashe,ET0102,Central,ET01,Tigray,ET,2024,6,0,ETH,ET010222,0.0,0.0
ET010222,Tanqua Melashe,ET0102,Central,ET01,Tigray,ET,2025,1,0,ETH,ET010222,0.0,0.0
ET010301,Gulo Mekeda,ET0103,Eastern,ET01,Tigray,ET,2010,1,10,ETH,ET010301,5.0,5.0
ET010301,Gulo Mekeda,ET0103,Eastern,ET01,Tigray,ET,2020,11,0,ETH,ET010301,0.0,0.0
ET010301,Gulo Mekeda,ET0103,Eastern,ET01,Tigray,ET,2020,12,0,ETH,ET010301,0.0,0.0
ET010301,Gulo Mekeda,ET0103,Eastern,ET01,Tigray,ET,2021,1,38,ETH,ET010301,19.0,19.0
ET010301,Gulo Mekeda,ET0103,Eastern,ET01,Tigray,ET,2021,2,0,ETH,ET010301,0.0,0.0
ET010301,Gulo Mekeda,ET0103,Eastern,ET01,Tigray,ET,2022,8,10,ETH,ET010301,5.0,5.0
ET010301,Gulo Mekeda,ET0103,Eastern,ET01,Tigray,ET,2022,9,10,ETH,ET010301,5.0,5.0
ET010301,Gulo Mekeda,ET0103,Eastern,ET01,Tigray,ET,2022,10,8,ETH,ET010301,4.0,4.0
ET010301,Gulo Mekeda,ET0103,Eastern,ET01,Tigray,ET,2023,11,7,ETH,ET010301,3.5,3.5
ET010301,Gulo Mekeda,ET0103,Eastern,ET01,Tigray,ET,2024,1,0,ETH,ET010301,0.0,0.0
ET010301,Gulo Mekeda,ET0103,Eastern,ET01,Tigray,ET,2024,9,0,ETH,ET010301,0.0,0.0
ET010302,Erob,ET0103,Eastern,ET01,Tigray,ET,1998,5,0,ETH,ET010302,0.0,0.0
ET010302,Erob,ET0103,Eastern,ET01,Tigray,ET,1998,6,0,ETH,ET010302,0.0,0.0
ET010302,Erob,ET0103,Eastern,ET01,Tigray,ET,1998,11,0,ETH,ET010302,0.0,0.0
ET010302,Erob,ET0103,Eastern,ET01,Tigray,ET,1999,2,923,ETH,ET010302,461.5,461.5
ET010302,Erob,ET0103,Eastern,ET01,Tigray,ET,1999,3,2769,ETH,ET010302,1384.5,1384.5
ET010302,Erob,ET0103,Eastern,ET01,Tigray,ET,2017,7,0,ETH,ET010302,0.0,0.0
ET010302,Erob,ET0103,Eastern,ET01,Tigray,ET,2018,6,0,ETH,ET010302,0.0,0.0
ET010302,Erob,ET0103,Eastern,ET01,Tigray,ET,2020,11,0,ETH,ET010302,0.0,0.0
ET010302,Erob,ET0103,Eastern,ET01,Tigray,ET,2020,12,1,ETH,ET010302,0.5,0.5
ET010302,Erob,ET0103,Eastern,ET01,Tigray,ET,2021,1,27,ETH,ET010302,13.5,13.5
ET010302,Erob,ET0103,Eastern,ET01,Tigray,ET,2022,6,0,ETH,ET010302,0.0,0.0
ET010302,Erob,ET0103,Eastern,ET01,Tigray,ET,2022,8,10,ETH,ET010302,5.0,5.0
ET010302,Erob,ET0103,Eastern,ET01,Tigray,ET,2022,9,10,ETH,ET010302,5.0,5.0
ET010302,Erob,ET0103,Eastern,ET01,Tigray,ET,2022,10,10,ETH,ET010302,5.0,5.0
ET010302,Erob,ET0103,Eastern,ET01,Tigray,ET,2022,11,0,ETH,ET010302,0.0,0.0
ET010302,Erob,ET0103,Eastern,ET01,Tigray,ET,2023,1,0,ETH,ET010302,0.0,0.0
ET010302,Erob,ET0103,Eastern,ET01,Tigray,ET,2023,2,0,ETH,ET010302,0.0,0.0
ET010302,Erob,ET0103,Eastern,ET01,Tigray,ET,2023,8,0,ETH,ET010302,0.0,0.0
ET010302,Erob,ET0103,Eastern,ET01,Tigray,ET,2024,1,0,ETH,ET010302,0.0,0.0
ET010302,Erob,ET0103,Eastern,ET01,Tigray,ET,2024,4,0,ETH,ET010302,0.0,0.0
ET010302,Erob,ET0103,Eastern,ET01,Tigray,ET,2024,11,0,ETH,ET010302,0.0,0.0
ET010303,Saesie,ET0103,Eastern,ET01,Tigray,ET,2020,11,83,ETH,ET010303,41.5,41.5
ET010303,Saesie,ET0103,Eastern,ET01,Tigray,ET,2020,12,82,ETH,ET010303,41.0,41.0
ET010303,Saesie,ET0103,Eastern,ET01,Tigray,ET,2021,2,6,ETH,ET010303,3.0,3.0
ET010304,Ganta Afeshum,ET0103,Eastern,ET01,Tigray,ET,2020,11,0,ETH,ET010304,0.0,0.0
ET010304,Ganta Afeshum,ET0103,Eastern,ET01,Tigray,ET,2020,12,0,ETH,ET010304,0.0,0.0
ET010304,Ganta Afeshum,ET0103,Eastern,ET01,Tigray,ET,2021,1,0,ETH,ET010304,0.0,0.0
ET010304,Ganta Afeshum,ET0103,Eastern,ET01,Tigray,ET,2021,2,0,ETH,ET010304,0.0,0.0
ET010304,Ganta Afeshum,ET0103,Eastern,ET01,Tigray,ET,2021,3,3,ETH,ET010304,1.5,1.5
ET010304,Ganta Afeshum,ET0103,Eastern,ET01,Tigray,ET,2022,11,1,ETH,ET010304,0.5,0.5
ET010305,Hawzen,ET0103,Eastern,ET01,Tigray,ET,2021,2,0,ETH,ET010305,0.0,0.0
ET010305,Hawzen,ET0103,Eastern,ET01,Tigray,ET,2021,3,0,ETH,ET010305,0.0,0.0
ET010305,Hawzen,ET0103,Eastern,ET01,Tigray,ET,2021,5,19,ETH,ET010305,9.5,9.5
ET010306,Kelete Awelallo,ET0103,Eastern,ET01,Tigray,ET,2020,11,164,ETH,ET010306,82.0,82.0
ET010306,Kelete Awelallo,ET0103,Eastern,ET01,Tigray,ET,2020,12,0,ETH,ET010306,0.0,0.0
ET010306,Kelete Awelallo,ET0103,Eastern,ET01,Tigray,ET,2021,1,0,ETH,ET010306,0.0,0.0
ET010306,Kelete Awelallo,ET0103,Eastern,ET01,Tigray,ET,2021,2,0,ETH,ET010306,0.0,0.0
ET010306,Kelete Awelallo,ET0103,Eastern,ET01,Tigray,ET,2021,3,0,ETH,ET010306,0.0,0.0
ET010306,Kelete Awelallo,ET0103,Eastern,ET01,Tigray,ET,2021,4,0,ETH,ET010306,0.0,0.0
ET010307,Atsbi,ET0103,Eastern,ET01,Tigray,ET,2018,6,0,ETH,ET010307,0.0,0.0
ET010307,Atsbi,ET0103,Eastern,ET01,Tigray,ET,2019,10,0,ETH,ET010307,0.0,0.0
ET010308,Adigrat town,ET0103,Eastern,ET01,Tigray,ET,1998,6,4,ETH,ET010308,2.0,2.0
ET010308,Adigrat town,ET0103,Eastern,ET01,Tigray,ET,1998,11,1,ETH,ET010308,0.5,0.5
ET010308,Adigrat town,ET0103,Eastern,ET01,Tigray,ET,1999,2,1846,ETH,ET010308,923.0,923.0
ET010308,Adigrat town,ET0103,Eastern,ET01,Tigray,ET,2002,3,0,ETH,ET010308,0.0,0.0
ET010308,Adigrat town,ET0103,Eastern,ET01,Tigray,ET,2012,10,14,ETH,ET010308,7.0,7.0
ET010308,Adigrat town,ET0103,Eastern,ET01,Tigray,ET,2015,10,0,ETH,ET010308,0.0,0.0
ET010308,Adigrat town,ET0103,Eastern,ET01,Tigray,ET,2016,6,30,ETH,ET010308,15.0,15.0
ET010308,Adigrat town,ET0103,Eastern,ET01,Tigray,ET,2017,12,1,ETH,ET010308,0.5,0.5
ET010308,Adigrat town,ET0103,Eastern,ET01,Tigray,ET,2020,11,144,ETH,ET010308,72.0,72.0
ET010308,Adigrat town,ET0103,Eastern,ET01,Tigray,ET,2020,12,0,ETH,ET010308,0.0,0.0
ET010308,Adigrat town,ET0103,Eastern,ET01,Tigray,ET,2021,1,1,ETH,ET010308,0.5,0.5
ET010308,Adigrat town,ET0103,Eastern,ET01,Tigray,ET,2021,2,0,ETH,ET010308,0.0,0.0
ET010308,Adigrat town,ET0103,Eastern,ET01,Tigray,ET,2021,3,0,ETH,ET010308,0.0,0.0
ET010308,Adigrat town,ET0103,Eastern,ET01,Tigray,ET,2021,5,3,ETH,ET010308,1.5,1.5
ET010308,Adigrat town,ET0103,Eastern,ET01,Tigray,ET,2021,6,10,ETH,ET010308,5.0,5.0
ET010308,Adigrat town,ET0103,Eastern,ET01,Tigray,ET,2022,9,5,ETH,ET010308,2.5,2.5
ET010308,Adigrat town,ET0103,Eastern,ET01,Tigray,ET,2022,10,0,ETH,ET010308,0.0,0.0
ET010308,Adigrat town,ET0103,Eastern,ET01,Tigray,ET,2022,11,5,ETH,ET010308,2.5,2.5
ET010308,Adigrat town,ET0103,Eastern,ET01,Tigray,ET,2023,1,0,ETH,ET010308,0.0,0.0
ET010308,Adigrat town,ET0103,Eastern,ET01,Tigray,ET,2023,5,0,ETH,ET010308,0.0,0.0
ET010308,Adigrat town,ET0103,Eastern,ET01,Tigray,ET,2023,10,0,ETH,ET010308,0.0,0.0
ET010308,Adigrat town,ET0103,Eastern,ET01,Tigray,ET,2023,12,0,ETH,ET010308,0.0,0.0
ET010308,Adigrat town,ET0103,Eastern,ET01,Tigray,ET,2024,1,0,ETH,ET010308,0.0,0.0
ET010308,Adigrat town,ET0103,Eastern,ET01,Tigray,ET,2024,6,0,ETH,ET010308,0.0,0.0
ET010308,Adigrat town,ET0103,Eastern,ET01,Tigray,ET,2024,9,0,ETH,ET010308,0.0,0.0
ET010308,Adigrat town,ET0103,Eastern,ET01,Tigray,ET,2025,1,0,ETH,ET010308,0.0,0.0
ET010308,Adigrat town,ET0103,Eastern,ET01,Tigray,ET,2025,3,0,ETH,ET010308,0.0,0.0
ET010309,Wukro town,ET0103,Eastern,ET01,Tigray,ET,2001,11,2,ETH,ET010309,1.0,1.0
ET010309,Wukro town,ET0103,Eastern,ET01,Tigray,ET,2020,11,0,ETH,ET010309,0.0,0.0
ET010309,Wukro town,ET0103,Eastern,ET01,Tigray,ET,2020,12,81,ETH,ET010309,40.5,40.5
ET010309,Wukro town,ET0103,Eastern,ET01,Tigray,ET,2021,1,0,ETH,ET010309,0.0,0.0
ET010309,Wukro town,ET0103,Eastern,ET01,Tigray,ET,2021,2,21,ETH,ET010309,10.5,10.5
ET010309,Wukro town,ET0103,Eastern,ET01,Tigray,ET,2021,6,25,ETH,ET010309,12.5,12.5
ET010309,Wukro town,ET0103,Eastern,ET01,Tigray,ET,2022,9,4,ETH,ET010309,2.0,2.0
ET010309,Wukro town,ET0103,Eastern,ET01,Tigray,ET,2025,1,0,ETH,ET010309,0.0,0.0
ET010309,Wukro town,ET0103,Eastern,ET01,Tigray,ET,2025,5,0,ETH,ET010309,0.0,0.0
ET010309,Wukro town,ET0103,Eastern,ET01,Tigray,ET,2025,8,0,ETH,ET010309,0.0,0.0
ET010310,Bizet,ET0103,Eastern,ET01,Tigray,ET,2021,1,0,ETH,ET010310,0.0,0.0
ET010310,Bizet,ET0103,Eastern,ET01,Tigray,ET,2022,10,0,ETH,ET010310,0.0,0.0
ET010311,Edaga Hamus town,ET0103,Eastern,ET01,Tigray,ET,2020,2,0,ETH,ET010311,0.0,0.0
ET010311,Edaga Hamus town,ET0103,Eastern,ET01,Tigray,ET,2020,11,22,ETH,ET010311,11.0,11.0
ET010311,Edaga Hamus town,ET0103,Eastern,ET01,Tigray,ET,2020,12,20,ETH,ET010311,10.0,10.0
ET010311,Edaga Hamus town,ET0103,Eastern,ET01,Tigray,ET,2021,2,0,ETH,ET010311,0.0,0.0
ET010311,Edaga Hamus town,ET0103,Eastern,ET01,Tigray,ET,2021,4,0,ETH,ET010311,0.0,0.0
ET010311,Edaga Hamus town,ET0103,Eastern,ET01,Tigray,ET,2022,10,0,ETH,ET010311,0.0,0.0
ET010311,Edaga Hamus town,ET0103,Eastern,ET01,Tigray,ET,2025,1,0,ETH,ET010311,0.0,0.0
ET010312,Hawzen town,ET0103,Eastern,ET01,Tigray,ET,2001,11,0,ETH,ET010312,0.0,0.0
ET010312,Hawzen town,ET0103,Eastern,ET01,Tigray,ET,2020,11,0,ETH,ET010312,0.0,0.0
ET010312,Hawzen town,ET0103,Eastern,ET01,Tigray,ET,2020,12,3,ETH,ET010312,1.5,1.5
ET010312,Hawzen town,ET0103,Eastern,ET01,Tigray,ET,2021,1,0,ETH,ET010312,0.0,0.0
ET010312,Hawzen town,ET0103,Eastern,ET01,Tigray,ET,2021,3,0,ETH,ET010312,0.0,0.0
ET010312,Hawzen town,ET0103,Eastern,ET01,Tigray,ET,2021,4,4,ETH,ET010312,2.0,2.0
ET010312,Hawzen town,ET0103,Eastern,ET01,Tigray,ET,2021,5,3,ETH,ET010312,1.5,1.5
ET010312,Hawzen town,ET0103,Eastern,ET01,Tigray,ET,2021,6,25,ETH,ET010312,12.5,12.5
ET010312,Hawzen town,ET0103,Eastern,ET01,Tigray,ET,2024,6,4,ETH,ET010312,2.0,2.0
ET010313,Freweyni town,ET0103,Eastern,ET01,Tigray,ET,2021,2,0,ETH,ET010313,0.0,0.0
ET010313,Freweyni town,ET0103,Eastern,ET01,Tigray,ET,2021,3,14,ETH,ET010313,7.0,7.0
ET010316,Agulae,ET0103,Eastern,ET01,Tigray,ET,2021,6,25,ETH,ET010316,12.5,12.5
ET010316,Agulae,ET0103,Eastern,ET01,Tigray,ET,2021,10,10,ETH,ET010316,5.0,5.0
ET010316,Agulae,ET0103,Eastern,ET01,Tigray,ET,2022,12,0,ETH,ET010316,0.0,0.0
ET010316,Agulae,ET0103,Eastern,ET01,Tigray,ET,2023,1,0,ETH,ET010316,0.0,0.0
ET010316,Agulae,ET0103,Eastern,ET01,Tigray,ET,2024,12,0,ETH,ET010316,0.0,0.0
ET010317,Geraleta,ET0103,Eastern,ET01,Tigray,ET,2020,11,0,ETH,ET010317,0.0,0.0
ET010317,Geraleta,ET0103,Eastern,ET01,Tigray,ET,2020,12,0,ETH,ET010317,0.0,0.0
ET010318,Zala Anbesa town,ET0103,Eastern,ET01,Tigray,ET,1998,5,0,ETH,ET010318,0.0,0.0
ET010318,Zala Anbesa town,ET0103,Eastern,ET01,Tigray,ET,1998,6,0,ETH,ET010318,0.0,0.0
ET010318,Zala Anbesa town,ET0103,Eastern,ET01,Tigray,ET,1998,10,2,ETH,ET010318,1.0,1.0
ET010318,Zala Anbesa town,ET0103,Eastern,ET01,Tigray,ET,1999,2,2785,ETH,ET010318,1392.5,1392.5
ET010318,Zala Anbesa town,ET0103,Eastern,ET01,Tigray,ET,1999,3,3692,ETH,ET010318,1846.0,1846.0
ET010318,Zala Anbesa town,ET0103,Eastern,ET01,Tigray,ET,1999,5,0,ETH,ET010318,0.0,0.0
ET010318,Zala Anbesa town,ET0103,Eastern,ET01,Tigray,ET,2000,5,0,ETH,ET010318,0.0,0.0
ET010318,Zala Anbesa town,ET0103,Eastern,ET01,Tigray,ET,2010,1,10,ETH,ET010318,5.0,5.0
ET010318,Zala Anbesa town,ET0103,Eastern,ET01,Tigray,ET,2018,8,3,ETH,ET010318,1.5,1.5
ET010318,Zala Anbesa town,ET0103,Eastern,ET01,Tigray,ET,2018,9,0,ETH,ET010318,0.0,0.0
ET010318,Zala Anbesa town,ET0103,Eastern,ET01,Tigray,ET,2018,10,0,ETH,ET010318,0.0,0.0
ET010318,Zala Anbesa town,ET0103,Eastern,ET01,Tigray,ET,2019,1,0,ETH,ET010318,0.0,0.0
ET010318,Zala Anbesa town,ET0103,Eastern,ET01,Tigray,ET,2020,11,240,ETH,ET010318,120.0,120.0
ET010318,Zala Anbesa town,ET0103,Eastern,ET01,Tigray,ET,2022,9,0,ETH,ET010318,0.0,0.0
ET010318,Zala Anbesa town,ET0103,Eastern,ET01,Tigray,ET,2022,10,0,ETH,ET010318,0.0,0.0
ET010318,Zala Anbesa town,ET0103,Eastern,ET01,Tigray,ET,2023,11,0,ETH,ET010318,0.0,0.0
ET010318,Zala Anbesa town,ET0103,Eastern,ET01,Tigray,ET,2024,8,0,ETH,ET010318,0.0,0.0
ET010318,Zala Anbesa town,ET0103,Eastern,ET01,Tigray,ET,2025,5,0,ETH,ET010318,0.0,0.0
ET010318,Zala Anbesa town,ET0103,Eastern,ET01,Tigray,ET,2025,6,0,ETH,ET010318,0.0,0.0
ET010318,Zala Anbesa town,ET0103,Eastern,ET01,Tigray,ET,2025,8,0,ETH,ET010318,0.0,0.0
ET010402,Bora (TG),ET0104,Southern,ET01,Tigray,ET,2021,1,101,ETH,ET010402,50.5,50.5
ET010402,Bora (TG),ET0104,Southern,ET01,Tigray,ET,2021,3,0,ETH,ET010402,0.0,0.0
ET010402,Bora (TG),ET0104,Southern,ET01,Tigray,ET,2021,4,0,ETH,ET010402,0.0,0.0
ET010403,Neqsege,ET0104,Southern,ET01,Tigray,ET,2021,3,0,ETH,ET010403,0.0,0.0
ET010403,Neqsege,ET0104,Southern,ET01,Tigray,ET,2021,5,10,ETH,ET010403,5.0,5.0
ET010404,Emba Alaje,ET0104,Southern,ET01,Tigray,ET,2021,2,0,ETH,ET010404,0.0,0.0
ET010404,Emba Alaje,ET0104,Southern,ET01,Tigray,ET,2025,5,0,ETH,ET010404,0.0,0.0
ET010404,Emba Alaje,ET0104,Southern,ET01,Tigray,ET,2025,7,0,ETH,ET010404,0.0,0.0
ET010404,Emba Alaje,ET0104,Southern,ET01,Tigray,ET,2025,8,0,ETH,ET010404,0.0,0.0
ET010405,Endamehoni,ET0104,Southern,ET01,Tigray,ET,2021,1,0,ETH,ET010405,0.0,0.0
ET010405,Endamehoni,ET0104,Southern,ET01,Tigray,ET,2021,2,0,ETH,ET010405,0.0,0.0
ET010405,Endamehoni,ET0104,Southern,ET01,Tigray,ET,2021,3,0,ETH,ET010405,0.0,0.0
ET010405,Endamehoni,ET0104,Southern,ET01,Tigray,ET,2021,12,2,ETH,ET010405,1.0,1.0
ET010406,Raya Azebo,ET0104,Southern,ET01,Tigray,ET,2021,1,0,ETH,ET010406,0.0,0.0
ET010406,Raya Azebo,ET0104,Southern,ET01,Tigray,ET,2021,6,1,ETH,ET010406,0.5,0.5
ET010406,Raya Azebo,ET0104,Southern,ET01,Tigray,ET,2024,5,7,ETH,ET010406,3.5,3.5
ET010406,Raya Azebo,ET0104,Southern,ET01,Tigray,ET,2025,8,1,ETH,ET010406,0.5,0.5
ET010407,Raya Alamata,ET0104,Southern,ET01,Tigray,ET,2002,5,0,ETH,ET010407,0.0,0.0
ET010407,Raya Alamata,ET0104,Southern,ET01,Tigray,ET,2020,11,0,ETH,ET010407,0.0,0.0
ET010407,Raya Alamata,ET0104,Southern,ET01,Tigray,ET,2020,12,0,ETH,ET010407,0.0,0.0
ET010407,Raya Alamata,ET0104,Southern,ET01,Tigray,ET,2021,1,0,ETH,ET010407,0.0,0.0
ET010407,Raya Alamata,ET0104,Southern,ET01,Tigray,ET,2021,11,0,ETH,ET010407,0.0,0.0
ET010407,Raya Alamata,ET0104,Southern,ET01,Tigray,ET,2022,1,0,ETH,ET010407,0.0,0.0
ET010407,Raya Alamata,ET0104,Southern,ET01,Tigray,ET,2022,6,6,ETH,ET010407,3.0,3.0
ET010407,Raya Alamata,ET0104,Southern,ET01,Tigray,ET,2022,8,0,ETH,ET010407,0.0,0.0
ET010407,Raya Alamata,ET0104,Southern,ET01,Tigray,ET,2022,10,11,ETH,ET010407,5.5,5.5
ET010407,Raya Alamata,ET0104,Southern,ET01,Tigray,ET,2024,4,1,ETH,ET010407,0.5,0.5
ET010407,Raya Alamata,ET0104,Southern,ET01,Tigray,ET,2024,6,1,ETH,ET010407,0.5,0.5
ET010407,Raya Alamata,ET0104,Southern,ET01,Tigray,ET,2025,2,0,ETH,ET010407,0.0,0.0
ET010407,Raya Alamata,ET0104,Southern,ET01,Tigray,ET,2025,3,4,ETH,ET010407,2.0,2.0
ET010407,Raya Alamata,ET0104,Southern,ET01,Tigray,ET,2025,4,1,ETH,ET010407,0.5,0.5
ET010407,Raya Alamata,ET0104,Southern,ET01,Tigray,ET,2025,5,0,ETH,ET010407,0.0,0.0
ET010408,Ofla,ET0104,Southern,ET01,Tigray,ET,2020,11,0,ETH,ET010408,0.0,0.0
ET010408,Ofla,ET0104,Southern,ET01,Tigray,ET,2020,12,0,ETH,ET010408,0.0,0.0
ET010408,Ofla,ET0104,Southern,ET01,Tigray,ET,2021,1,0,ETH,ET010408,0.0,0.0
ET010408,Ofla,ET0104,Southern,ET01,Tigray,ET,2021,2,0,ETH,ET010408,0.0,0.0
ET010408,Ofla,ET0104,Southern,ET01,Tigray,ET,2021,3,80,ETH,ET010408,40.0,40.0
ET010408,Ofla,ET0104,Southern,ET01,Tigray,ET,2021,5,10,ETH,ET010408,5.0,5.0
ET010408,Ofla,ET0104,Southern,ET01,Tigray,ET,2022,10,0,ETH,ET010408,0.0,0.0
ET010408,Ofla,ET0104,Southern,ET01,Tigray,ET,2024,4,6,ETH,ET010408,3.0,3.0
ET010408,Ofla,ET0104,Southern,ET01,Tigray,ET,2025,4,3,ETH,ET010408,1.5,1.5
ET010409,Maichew town,ET0104,Southern,ET01,Tigray,ET,2018,7,0,ETH,ET010409,0.0,0.0
ET010409,Maichew town,ET0104,Southern,ET01,Tigray,ET,2018,9,2,ETH,ET010409,1.0,1.0
ET010409,Maichew town,ET0104,Southern,ET01,Tigray,ET,2018,10,4,ETH,ET010409,2.0,2.0
ET010409,Maichew town,ET0104,Southern,ET01,Tigray,ET,2020,11,33,ETH,ET010409,16.5,16.5
ET010409,Maichew town,ET0104,Southern,ET01,Tigray,ET,2021,3,0,ETH,ET010409,0.0,0.0
ET010409,Maichew town,ET0104,Southern,ET01,Tigray,ET,2021,6,10,ETH,ET010409,5.0,5.0
ET010409,Maichew town,ET0104,Southern,ET01,Tigray,ET,2021,12,2,ETH,ET010409,1.0,1.0
ET010409,Maichew town,ET0104,Southern,ET01,Tigray,ET,2022,1,4,ETH,ET010409,2.0,2.0
ET010409,Maichew town,ET0104,Southern,ET01,Tigray,ET,2023,9,1,ETH,ET010409,0.5,0.5
ET010409,Maichew town,ET0104,Southern,ET01,Tigray,ET,2024,4,0,ETH,ET010409,0.0,0.0
ET010409,Maichew town,ET0104,Southern,ET01,Tigray,ET,2024,10,0,ETH,ET010409,0.0,0.0
ET010409,Maichew town,ET0104,Southern,ET01,Tigray,ET,2025,1,0,ETH,ET010409,0.0,0.0
ET010409,Maichew town,ET0104,Southern,ET01,Tigray,ET,2025,5,0,ETH,ET010409,0.0,0.0
ET010409,Maichew town,ET0104,Southern,ET01,Tigray,ET,2025,7,0,ETH,ET010409,0.0,0.0
ET010409,Maichew town,ET0104,Southern,ET01,Tigray,ET,2025,8,0,ETH,ET010409,0.0,0.0
ET010410,Korem town,ET0104,Southern,ET01,Tigray,ET,2021,7,28,ETH,ET010410,14.0,14.0
ET010410,Korem town,ET0104,Southern,ET01,Tigray,ET,2021,12,3,ETH,ET010410,1.5,1.5
ET010410,Korem town,ET0104,Southern,ET01,Tigray,ET,2022,1,4,ETH,ET010410,2.0,2.0
ET010410,Korem town,ET0104,Southern,ET01,Tigray,ET,2022,9,10,ETH,ET010410,5.0,5.0
ET010410,Korem town,ET0104,Southern,ET01,Tigray,ET,2022,10,15,ETH,ET010410,7.5,7.5
ET010410,Korem town,ET0104,Southern,ET01,Tigray,ET,2023,3,0,ETH,ET010410,0.0,0.0
ET010410,Korem town,ET0104,Southern,ET01,Tigray,ET,2023,4,0,ETH,ET010410,0.0,0.0
ET010410,Korem town,ET0104,Southern,ET01,Tigray,ET,2024,2,0,ETH,ET010410,0.0,0.0
ET010410,Korem town,ET0104,Southern,ET01,Tigray,ET,2024,3,0,ETH,ET010410,0.0,0.0
ET010410,Korem town,ET0104,Southern,ET01,Tigray,ET,2024,4,0,ETH,ET010410,0.0,0.0
ET010410,Korem town,ET0104,Southern,ET01,Tigray,ET,2024,5,0,ETH,ET010410,0.0,0.0
ET010410,Korem town,ET0104,Southern,ET01,Tigray,ET,2024,6,2,ETH,ET010410,1.0,1.0
ET010410,Korem town,ET0104,Southern,ET01,Tigray,ET,2025,1,0,ETH,ET010410,0.0,0.0
ET010410,Korem town,ET0104,Southern,ET01,Tigray,ET,2025,5,0,ETH,ET010410,0.0,0.0
ET010411,Alamata town,ET0104,Southern,ET01,Tigray,ET,2013,1,0,ETH,ET010411,0.0,0.0
ET010411,Alamata town,ET0104,Southern,ET01,Tigray,ET,2018,9,0,ETH,ET010411,0.0,0.0
ET010411,Alamata town,ET0104,Southern,ET01,Tigray,ET,2018,10,6,ETH,ET010411,3.0,3.0
ET010411,Alamata town,ET0104,Southern,ET01,Tigray,ET,2018,11,0,ETH,ET010411,0.0,0.0
ET010411,Alamata town,ET0104,Southern,ET01,Tigray,ET,2020,11,0,ETH,ET010411,0.0,0.0
ET010411,Alamata town,ET0104,Southern,ET01,Tigray,ET,2020,12,0,ETH,ET010411,0.0,0.0
ET010411,Alamata town,ET0104,Southern,ET01,Tigray,ET,2021,7,10,ETH,ET010411,5.0,5.0
ET010411,Alamata town,ET0104,Southern,ET01,Tigray,ET,2021,12,2,ETH,ET010411,1.0,1.0
ET010411,Alamata town,ET0104,Southern,ET01,Tigray,ET,2022,1,0,ETH,ET010411,0.0,0.0
ET010411,Alamata town,ET0104,Southern,ET01,Tigray,ET,2022,3,0,ETH,ET010411,0.0,0.0
ET010411,Alamata town,ET0104,Southern,ET01,Tigray,ET,2022,10,15,ETH,ET010411,7.5,7.5
ET010411,Alamata town,ET0104,Southern,ET01,Tigray,ET,2023,1,0,ETH,ET010411,0.0,0.0
ET010411,Alamata town,ET0104,Southern,ET01,Tigray,ET,2023,3,0,ETH,ET010411,0.0,0.0
ET010411,Alamata town,ET0104,Southern,ET01,Tigray,ET,2023,4,0,ETH,ET010411,0.0,0.0
ET010411,Alamata town,ET0104,Southern,ET01,Tigray,ET,2023,5,0,ETH,ET010411,0.0,0.0
ET010411,Alamata town,ET0104,Southern,ET01,Tigray,ET,2023,6,0,ETH,ET010411,0.0,0.0
ET010411,Alamata town,ET0104,Southern,ET01,Tigray,ET,2024,2,0,ETH,ET010411,0.0,0.0
ET010411,Alamata town,ET0104,Southern,ET01,Tigray,ET,2024,3,4,ETH,ET010411,2.0,2.0
ET010411,Alamata town,ET0104,Southern,ET01,Tigray,ET,2024,4,14,ETH,ET010411,7.0,7.0
ET010411,Alamata town,ET0104,Southern,ET01,Tigray,ET,2024,5,1,ETH,ET010411,0.5,0.5
ET010411,Alamata town,ET0104,Southern,ET01,Tigray,ET,2024,6,8,ETH,ET010411,4.0,4.0
ET010411,Alamata town,ET0104,Southern,ET01,Tigray,ET,2024,7,0,ETH,ET010411,0.0,0.0
ET010411,Alamata town,ET0104,Southern,ET01,Tigray,ET,2024,8,1,ETH,ET010411,0.5,0.5
ET010411,Alamata town,ET0104,Southern,ET01,Tigray,ET,2024,9,0,ETH,ET010411,0.0,0.0
ET010411,Alamata town,ET0104,Southern,ET01,Tigray,ET,2024,10,2,ETH,ET010411,1.0,1.0
ET010411,Alamata town,ET0104,Southern,ET01,Tigray,ET,2025,1,0,ETH,ET010411,0.0,0.0
ET010411,Alamata town,ET0104,Southern,ET01,Tigray,ET,2025,3,1,ETH,ET010411,0.5,0.5
ET010411,Alamata town,ET0104,Southern,ET01,Tigray,ET,2025,4,0,ETH,ET010411,0.0,0.0
ET010411,Alamata town,ET0104,Southern,ET01,Tigray,ET,2025,5,0,ETH,ET010411,0.0,0.0
ET010411,Alamata town,ET0104,Southern,ET01,Tigray,ET,2025,6,1,ETH,ET010411,0.5,0.5
ET010411,Alamata town,ET0104,Southern,ET01,Tigray,ET,2025,7,2,ETH,ET010411,1.0,1.0
ET010411,Alamata town,ET0104,Southern,ET01,Tigray,ET,2025,9,8,ETH,ET010411,4.0,4.0
ET010412,Mekhoni town,ET0104,Southern,ET01,Tigray,ET,2020,11,0,ETH,ET010412,0.0,0.0
ET010412,Mekhoni town,ET0104,Southern,ET01,Tigray,ET,2020,12,0,ETH,ET010412,0.0,0.0
ET010412,Mekhoni town,ET0104,Southern,ET01,Tigray,ET,2021,6,53,ETH,ET010412,26.5,26.5
ET010412,Mekhoni town,ET0104,Southern,ET01,Tigray,ET,2021,11,0,ETH,ET010412,0.0,0.0
ET010412,Mekhoni town,ET0104,Southern,ET01,Tigray,ET,2021,12,3,ETH,ET010412,1.5,1.5
ET010412,Mekhoni town,ET0104,Southern,ET01,Tigray,ET,2022,10,0,ETH,ET010412,0.0,0.0
ET010412,Mekhoni town,ET0104,Southern,ET01,Tigray,ET,2023,6,0,ETH,ET010412,0.0,0.0
ET010412,Mekhoni town,ET0104,Southern,ET01,Tigray,ET,2024,4,0,ETH,ET010412,0.0,0.0
ET010412,Mekhoni town,ET0104,Southern,ET01,Tigray,ET,2025,1,0,ETH,ET010412,0.0,0.0
ET010412,Mekhoni town,ET0104,Southern,ET01,Tigray,ET,2025,3,2,ETH,ET010412,1.0,1.0
ET010412,Mekhoni town,ET0104,Southern,ET01,Tigray,ET,2025,5,0,ETH,ET010412,0.0,0.0
ET010412,Mekhoni town,ET0104,Southern,ET01,Tigray,ET,2025,7,0,ETH,ET010412,0.0,0.0
ET010412,Mekhoni town,ET0104,Southern,ET01,Tigray,ET,2025,8,0,ETH,ET010412,0.0,0.0
ET010412,Mekhoni town,ET0104,Southern,ET01,Tigray,ET,2025,9,1,ETH,ET010412,0.5,0.5
ET010413,Zata,ET0104,Southern,ET01,Tigray,ET,2021,3,0,ETH,ET010413,0.0,0.0
ET010413,Zata,ET0104,Southern,ET01,Tigray,ET,2021,5,10,ETH,ET010413,5.0,5.0
ET010413,Zata,ET0104,Southern,ET01,Tigray,ET,2022,10,0,ETH,ET010413,0.0,0.0
ET010413,Zata,ET0104,Southern,ET01,Tigray,ET,2024,2,0,ETH,ET010413,0.0,0.0
ET010413,Zata,ET0104,Southern,ET01,Tigray,ET,2024,4,6,ETH,ET010413,3.0,3.0
ET010413,Zata,ET0104,Southern,ET01,Tigray,ET,2025,4,0,ETH,ET010413,0.0,0.0
ET010414,Chercher,ET0104,Southern,ET01,Tigray,ET,2020,11,0,ETH,ET010414,0.0,0.0
ET010414,Chercher,ET0104,Southern,ET01,Tigray,ET,2020,12,0,ETH,ET010414,0.0,0.0
ET010414,Chercher,ET0104,Southern,ET01,Tigray,ET,2021,2,0,ETH,ET010414,0.0,0.0
ET010414,Chercher,ET0104,Southern,ET01,Tigray,ET,2021,3,0,ETH,ET010414,0.0,0.0
ET010414,Chercher,ET0104,Southern,ET01,Tigray,ET,2021,7,3,ETH,ET010414,1.5,1.5
ET010414,Chercher,ET0104,Southern,ET01,Tigray,ET,2021,11,0,ETH,ET010414,0.0,0.0
ET010414,Chercher,ET0104,Southern,ET01,Tigray,ET,2022,1,0,ETH,ET010414,0.0,0.0
ET010414,Chercher,ET0104,Southern,ET01,Tigray,ET,2022,8,0,ETH,ET010414,0.0,0.0
ET010414,Chercher,ET0104,Southern,ET01,Tigray,ET,2022,10,0,ETH,ET010414,0.0,0.0
ET010414,Chercher,ET0104,Southern,ET01,Tigray,ET,2024,2,0,ETH,ET010414,0.0,0.0
ET010414,Chercher,ET0104,Southern,ET01,Tigray,ET,2024,6,0,ETH,ET010414,0.0,0.0
ET010414,Chercher,ET0104,Southern,ET01,Tigray,ET,2025,1,0,ETH,ET010414,0.0,0.0
ET010414,Chercher,ET0104,Southern,ET01,Tigray,ET,2025,5,0,ETH,ET010414,0.0,0.0
ET010501,Kafta Humera,ET0105,Western,ET01,Tigray,ET,2000,5,25,ETH,ET010501,12.5,12.5
ET010501,Kafta Humera,ET0105,Western,ET01,Tigray,ET,2002,3,3,ETH,ET010501,1.5,1.5
ET010501,Kafta Humera,ET0105,Western,ET01,Tigray,ET,2004,6,15,ETH,ET010501,7.5,7.5
ET010501,Kafta Humera,ET0105,Western,ET01,Tigray,ET,2017,1,16,ETH,ET010501,8.0,8.0
ET010501,Kafta Humera,ET0105,Western,ET01,Tigray,ET,2018,10,0,ETH,ET010501,0.0,0.0
ET010501,Kafta Humera,ET0105,Western,ET01,Tigray,ET,2019,2,2,ETH,ET010501,1.0,1.0
ET010501,Kafta Humera,ET0105,Western,ET01,Tigray,ET,2020,6,0,ETH,ET010501,0.0,0.0
ET010501,Kafta Humera,ET0105,Western,ET01,Tigray,ET,2020,11,0,ETH,ET010501,0.0,0.0
ET010501,Kafta Humera,ET0105,Western,ET01,Tigray,ET,2020,12,0,ETH,ET010501,0.0,0.0
ET010501,Kafta Humera,ET0105,Western,ET01,Tigray,ET,2021,1,70,ETH,ET010501,35.0,35.0
ET010501,Kafta Humera,ET0105,Western,ET01,Tigray,ET,2021,3,0,ETH,ET010501,0.0,0.0
ET010501,Kafta Humera,ET0105,Western,ET01,Tigray,ET,2021,7,0,ETH,ET010501,0.0,0.0
ET010501,Kafta Humera,ET0105,Western,ET01,Tigray,ET,2021,8,0,ETH,ET010501,0.0,0.0
ET010501,Kafta Humera,ET0105,Western,ET01,Tigray,ET,2021,11,0,ETH,ET010501,0.0,0.0
ET010501,Kafta Humera,ET0105,Western,ET01,Tigray,ET,2022,1,0,ETH,ET010501,0.0,0.0
ET010501,Kafta Humera,ET0105,Western,ET01,Tigray,ET,2022,3,0,ETH,ET010501,0.0,0.0
ET010501,Kafta Humera,ET0105,Western,ET01,Tigray,ET,2022,8,10,ETH,ET010501,5.0,5.0
ET010501,Kafta Humera,ET0105,Western,ET01,Tigray,ET,2022,9,0,ETH,ET010501,0.0,0.0
ET010501,Kafta Humera,ET0105,Western,ET01,Tigray,ET,2022,10,0,ETH,ET010501,0.0,0.0
ET010501,Kafta Humera,ET0105,Western,ET01,Tigray,ET,2023,6,0,ETH,ET010501,0.0,0.0
ET010501,Kafta Humera,ET0105,Western,ET01,Tigray,ET,2025,3,0,ETH,ET010501,0.0,0.0
ET010501,Kafta Humera,ET0105,Western,ET01,Tigray,ET,2025,8,0,ETH,ET010501,0.0,0.0
ET010502,Welkait,ET0105,Western,ET01,Tigray,ET,2010,4,5,ETH,ET010502,2.5,2.5
ET010502,Welkait,ET0105,Western,ET01,Tigray,ET,2017,4,6,ETH,ET010502,3.0,3.0
ET010502,Welkait,ET0105,Western,ET01,Tigray,ET,2020,11,0,ETH,ET010502,0.0,0.0
ET010502,Welkait,ET0105,Western,ET01,Tigray,ET,2020,12,0,ETH,ET010502,0.0,0.0
ET010502,Welkait,ET0105,Western,ET01,Tigray,ET,2023,6,0,ETH,ET010502,0.0,0.0
ET010503,Tsegede (TG),ET0105,Western,ET01,Tigray,ET,2016,3,0,ETH,ET010503,0.0,0.0
ET010503,Tsegede (TG),ET0105,Western,ET01,Tigray,ET,2016,12,0,ETH,ET010503,0.0,0.0
ET010503,Tsegede (TG),ET0105,Western,ET01,Tigray,ET,2018,10,0,ETH,ET010503,0.0,0.0
ET010503,Tsegede (TG),ET0105,Western,ET01,Tigray,ET,2020,11,0,ETH,ET010503,0.0,0.0
ET010503,Tsegede (TG),ET0105,Western,ET01,Tigray,ET,2020,12,0,ETH,ET010503,0.0,0.0
ET010503,Tsegede (TG),ET0105,Western,ET01,Tigray,ET,2021,1,0,ETH,ET010503,0.0,0.0
ET010503,Tsegede (TG),ET0105,Western,ET01,Tigray,ET,2022,1,0,ETH,ET010503,0.0,0.0
ET010503,Tsegede (TG),ET0105,Western,ET01,Tigray,ET,2022,6,0,ETH,ET010503,0.0,0.0
ET010503,Tsegede (TG),ET0105,Western,ET01,Tigray,ET,2023,6,0,ETH,ET010503,0.0,0.0
ET010503,Tsegede (TG),ET0105,Western,ET01,Tigray,ET,2024,4,0,ETH,ET010503,0.0,0.0
ET010503,Tsegede (TG),ET0105,Western,ET01,Tigray,ET,2024,5,0,ETH,ET010503,0.0,0.0
ET010503,Tsegede (TG),ET0105,Western,ET01,Tigray,ET,2025,4,0,ETH,ET010503,0.0,0.0
ET010503,Tsegede (TG),ET0105,Western,ET01,Tigray,ET,2025,6,18,ETH,ET010503,9.0,9.0
ET010504,Setit Humera,ET0105,Western,ET01,Tigray,ET,2002,6,0,ETH,ET010504,0.0,0.0
ET010504,Setit Humera,ET0105,Western,ET01,Tigray,ET,2003,8,6,ETH,ET010504,3.0,3.0
ET010504,Setit Humera,ET0105,Western,ET01,Tigray,ET,2016,11,13,ETH,ET010504,6.5,6.5
ET010504,Setit Humera,ET0105,Western,ET01,Tigray,ET,2018,9,0,ETH,ET010504,0.0,0.0
ET010504,Setit Humera,ET0105,Western,ET01,Tigray,ET,2018,11,0,ETH,ET010504,0.0,0.0
ET010504,Setit Humera,ET0105,Western,ET01,Tigray,ET,2019,1,0,ETH,ET010504,0.0,0.0
ET010504,Setit Humera,ET0105,Western,ET01,Tigray,ET,2020,11,105,ETH,ET010504,52.5,52.5
ET010504,Setit Humera,ET0105,Western,ET01,Tigray,ET,2020,12,3,ETH,ET010504,1.5,1.5
ET010504,Setit Humera,ET0105,Western,ET01,Tigray,ET,2021,1,0,ETH,ET010504,0.0,0.0
ET010504,Setit Humera,ET0105,Western,ET01,Tigray,ET,2021,2,0,ETH,ET010504,0.0,0.0
ET010504,Setit Humera,ET0105,Western,ET01,Tigray,ET,2021,3,3,ETH,ET010504,1.5,1.5
ET010504,Setit Humera,ET0105,Western,ET01,Tigray,ET,2021,5,10,ETH,ET010504,5.0,5.0
ET010504,Setit Humera,ET0105,Western,ET01,Tigray,ET,2021,6,0,ETH,ET010504,0.0,0.0
ET010504,Setit Humera,ET0105,Western,ET01,Tigray,ET,2021,7,0,ETH,ET010504,0.0,0.0
ET010504,Setit Humera,ET0105,Western,ET01,Tigray,ET,2021,8,50,ETH,ET010504,25.0,25.0
ET010504,Setit Humera,ET0105,Western,ET01,Tigray,ET,2021,11,0,ETH,ET010504,0.0,0.0
ET010504,Setit Humera,ET0105,Western,ET01,Tigray,ET,2022,1,0,ETH,ET010504,0.0,0.0
ET010504,Setit Humera,ET0105,Western,ET01,Tigray,ET,2022,8,0,ETH,ET010504,0.0,0.0
ET010504,Setit Humera,ET0105,Western,ET01,Tigray,ET,2022,9,10,ETH,ET010504,5.0,5.0
ET010504,Setit Humera,ET0105,Western,ET01,Tigray,ET,2022,11,0,ETH,ET010504,0.0,0.0
ET010504,Setit Humera,ET0105,Western,ET01,Tigray,ET,2023,5,0,ETH,ET010504,0.0,0.0
ET010504,Setit Humera,ET0105,Western,ET01,Tigray,ET,2023,6,0,ETH,ET010504,0.0,0.0
ET010504,Setit Humera,ET0105,Western,ET01,Tigray,ET,2024,10,3,ETH,ET010504,1.5,1.5
ET010504,Setit Humera,ET0105,Western,ET01,Tigray,ET,2024,11,0,ETH,ET010504,0.0,0.0
ET010504,Setit Humera,ET0105,Western,ET01,Tigray,ET,2025,2,0,ETH,ET010504,0.0,0.0
ET010504,Setit Humera,ET0105,Western,ET01,Tigray,ET,2025,8,0,ETH,ET010504,0.0,0.0
ET010505,May Kadra,ET0105,Western,ET01,Tigray,ET,2020,11,660,ETH,ET010505,330.0,330.0
ET010505,May Kadra,ET0105,Western,ET01,Tigray,ET,2021,6,0,ETH,ET010505,0.0,0.0
ET010505,May Kadra,ET0105,Western,ET01,Tigray,ET,2021,11,0,ETH,ET010505,0.0,0.0
ET010505,May Kadra,ET0105,Western,ET01,Tigray,ET,2023,6,0,ETH,ET010505,0.0,0.0
ET010505,May Kadra,ET0105,Western,ET01,Tigray,ET,2025,9,0,ETH,ET010505,0.0,0.0
ET010506,Dansha town,ET0105,Western,ET01,Tigray,ET,2020,11,519,ETH,ET010506,259.5,259.5
ET010506,Dansha town,ET0105,Western,ET01,Tigray,ET,2021,6,0,ETH,ET010506,0.0,0.0
ET010506,Dansha town,ET0105,Western,ET01,Tigray,ET,2022,10,0,ETH,ET010506,0.0,0.0
ET010506,Dansha town,ET0105,Western,ET01,Tigray,ET,2023,6,0,ETH,ET010506,0.0,0.0
ET010506,Dansha town,ET0105,Western,ET01,Tigray,ET,2025,8,0,ETH,ET010506,0.0,0.0
ET010506,Dansha town,ET0105,Western,ET01,Tigray,ET,2025,9,0,ETH,ET010506,0.0,0.0
ET010508,Korarit,ET0105,Western,ET01,Tigray,ET,2020,11,3,ETH,ET010508,1.5,1.5
ET010508,Korarit,ET0105,Western,ET01,Tigray,ET,2023,6,0,ETH,ET010508,0.0,0.0
ET010509,May Gaba,ET0105,Western,ET01,Tigray,ET,2021,7,10,ETH,ET010509,5.0,5.0
ET010601,Saharti,ET0106,South Eastern,ET01,Tigray,ET,1999,2,1846,ETH,ET010601,923.0,923.0
ET010601,Saharti,ET0106,South Eastern,ET01,Tigray,ET,2019,10,0,ETH,ET010601,0.0,0.0
ET010601,Saharti,ET0106,South Eastern,ET01,Tigray,ET,2021,2,260,ETH,ET010601,130.0,130.0
ET010601,Saharti,ET0106,South Eastern,ET01,Tigray,ET,2021,3,0,ETH,ET010601,0.0,0.0
ET010601,Saharti,ET0106,South Eastern,ET01,Tigray,ET,2025,3,0,ETH,ET010601,0.0,0.0
ET010602,Enderta,ET0106,South Eastern,ET01,Tigray,ET,2020,11,0,ETH,ET010602,0.0,0.0
ET010602,Enderta,ET0106,South Eastern,ET01,Tigray,ET,2020,12,0,ETH,ET010602,0.0,0.0
ET010602,Enderta,ET0106,South Eastern,ET01,Tigray,ET,2021,6,40,ETH,ET010602,20.0,20.0
ET010602,Enderta,ET0106,South Eastern,ET01,Tigray,ET,2022,1,0,ETH,ET010602,0.0,0.0
ET010602,Enderta,ET0106,South Eastern,ET01,Tigray,ET,2025,7,0,ETH,ET010602,0.0,0.0
ET010603,Hintalo,ET0106,South Eastern,ET01,Tigray,ET,2020,1,0,ETH,ET010603,0.0,0.0
ET010603,Hintalo,ET0106,South Eastern,ET01,Tigray,ET,2020,5,0,ETH,ET010603,0.0,0.0
ET010603,Hintalo,ET0106,South Eastern,ET01,Tigray,ET,2020,8,0,ETH,ET010603,0.0,0.0
ET010603,Hintalo,ET0106,South Eastern,ET01,Tigray,ET,2020,11,0,ETH,ET010603,0.0,0.0
ET010603,Hintalo,ET0106,South Eastern,ET01,Tigray,ET,2020,12,10,ETH,ET010603,5.0,5.0
ET010603,Hintalo,ET0106,South Eastern,ET01,Tigray,ET,2021,1,0,ETH,ET010603,0.0,0.0
ET010603,Hintalo,ET0106,South Eastern,ET01,Tigray,ET,2021,2,3,ETH,ET010603,1.5,1.5
ET010603,Hintalo,ET0106,South Eastern,ET01,Tigray,ET,2021,3,0,ETH,ET010603,0.0,0.0
ET010604,Degua Temben,ET0106,South Eastern,ET01,Tigray,ET,2020,11,0,ETH,ET010604,0.0,0.0
ET010604,Degua Temben,ET0106,South Eastern,ET01,Tigray,ET,2020,12,0,ETH,ET010604,0.0,0.0
ET010604,Degua Temben,ET0106,South Eastern,ET01,Tigray,ET,2021,1,0,ETH,ET010604,0.0,0.0
ET010604,Degua Temben,ET0106,South Eastern,ET01,Tigray,ET,2021,2,0,ETH,ET010604,0.0,0.0
ET010604,Degua Temben,ET0106,South Eastern,ET01,Tigray,ET,2025,6,0,ETH,ET010604,0.0,0.0
ET010605,Hagere Selam town,ET0106,South Eastern,ET01,Tigray,ET,2025,3,0,ETH,ET010605,0.0,0.0
ET010606,Samre,ET0106,South Eastern,ET01,Tigray,ET,2020,12,0,ETH,ET010606,0.0,0.0
ET010606,Samre,ET0106,South Eastern,ET01,Tigray,ET,2021,1,0,ETH,ET010606,0.0,0.0
ET010606,Samre,ET0106,South Eastern,ET01,Tigray,ET,2021,2,0,ETH,ET010606,0.0,0.0
ET010606,Samre,ET0106,South Eastern,ET01,Tigray,ET,2021,3,13,ETH,ET010606,6.5,6.5
ET010606,Samre,ET0106,South Eastern,ET01,Tigray,ET,2021,4,3,ETH,ET010606,1.5,1.5
ET010606,Samre,ET0106,South Eastern,ET01,Tigray,ET,2022,1,4,ETH,ET010606,2.0,2.0
ET010606,Samre,ET0106,South Eastern,ET01,Tigray,ET,2022,10,5,ETH,ET010606,2.5,2.5
ET010606,Samre,ET0106,South Eastern,ET01,Tigray,ET,2023,4,0,ETH,ET010606,0.0,0.0
ET010606,Samre,ET0106,South Eastern,ET01,Tigray,ET,2025,2,0,ETH,ET010606,0.0,0.0
ET010606,Samre,ET0106,South Eastern,ET01,Tigray,ET,2025,3,0,ETH,ET010606,0.0,0.0
ET010607,Adigudom,ET0106,South Eastern,ET01,Tigray,ET,2021,2,0,ETH,ET010607,0.0,0.0
ET010607,Adigudom,ET0106,South Eastern,ET01,Tigray,ET,2025,1,0,ETH,ET010607,0.0,0.0
ET010607,Adigudom,ET0106,South Eastern,ET01,Tigray,ET,2025,3,1,ETH,ET010607,0.5,0.5
ET010607,Adigudom,ET0106,South Eastern,ET01,Tigray,ET,2025,7,2,ETH,ET010607,1.0,1.0
ET010608,Wajirat,ET0106,South Eastern,ET01,Tigray,ET,2002,7,5,ETH,ET010608,2.5,2.5
ET010608,Wajirat,ET0106,South Eastern,ET01,Tigray,ET,2002,11,9,ETH,ET010608,4.5,4.5
ET010608,Wajirat,ET0106,South Eastern,ET01,Tigray,ET,2021,2,8,ETH,ET010608,4.0,4.0
ET010608,Wajirat,ET0106,South Eastern,ET01,Tigray,ET,2021,3,0,ETH,ET010608,0.0,0.0
ET010608,Wajirat,ET0106,South Eastern,ET01,Tigray,ET,2025,6,0,ETH,ET010608,0.0,0.0
ET010608,Wajirat,ET0106,South Eastern,ET01,Tigray,ET,2025,7,0,ETH,ET010608,0.0,0.0
ET010701,Mekelle,ET0107,Mekelle,ET01,Tigray,ET,1998,6,51,ETH,ET010701,25.5,25.5
ET010701,Mekelle,ET0107,Mekelle,ET01,Tigray,ET,2001,4,0,ETH,ET010701,0.0,0.0
ET010701,Mekelle,ET0107,Mekelle,ET01,Tigray,ET,2002,12,2,ETH,ET010701,1.0,1.0
ET010701,Mekelle,ET0107,Mekelle,ET01,Tigray,ET,2004,4,28,ETH,ET010701,14.0,14.0
ET010701,Mekelle,ET0107,Mekelle,ET01,Tigray,ET,2004,6,151,ETH,ET010701,75.5,75.5
ET010701,Mekelle,ET0107,Mekelle,ET01,Tigray,ET,2010,6,0,ETH,ET010701,0.0,0.0
ET010701,Mekelle,ET0107,Mekelle,ET01,Tigray,ET,2015,7,50,ETH,ET010701,25.0,25.0
ET010701,Mekelle,ET0107,Mekelle,ET01,Tigray,ET,2015,12,0,ETH,ET010701,0.0,0.0
ET010701,Mekelle,ET0107,Mekelle,ET01,Tigray,ET,2016,1,0,ETH,ET010701,0.0,0.0
ET010701,Mekelle,ET0107,Mekelle,ET01,Tigray,ET,2016,6,0,ETH,ET010701,0.0,0.0
ET010701,Mekelle,ET0107,Mekelle,ET01,Tigray,ET,2016,10,0,ETH,ET010701,0.0,0.0
ET010701,Mekelle,ET0107,Mekelle,ET01,Tigray,ET,2018,6,0,ETH,ET010701,0.0,0.0
ET010701,Mekelle,ET0107,Mekelle,ET01,Tigray,ET,2018,7,0,ETH,ET010701,0.0,0.0
ET010701,Mekelle,ET0107,Mekelle,ET01,Tigray,ET,2018,8,0,ETH,ET010701,0.0,0.0
ET010701,Mekelle,ET0107,Mekelle,ET01,Tigray,ET,2018,11,0,ETH,ET010701,0.0,0.0
ET010701,Mekelle,ET0107,Mekelle,ET01,Tigray,ET,2018,12,0,ETH,ET010701,0.0,0.0
ET010701,Mekelle,ET0107,Mekelle,ET01,Tigray,ET,2019,5,0,ETH,ET010701,0.0,0.0
ET010701,Mekelle,ET0107,Mekelle,ET01,Tigray,ET,2019,10,0,ETH,ET010701,0.0,0.0
ET010701,Mekelle,ET0107,Mekelle,ET01,Tigray,ET,2019,11,0,ETH,ET010701,0.0,0.0
ET010701,Mekelle,ET0107,Mekelle,ET01,Tigray,ET,2020,3,1,ETH,ET010701,0.5,0.5
ET010701,Mekelle,ET0107,Mekelle,ET01,Tigray,ET,2020,5,0,ETH,ET010701,0.0,0.0
ET010701,Mekelle,ET0107,Mekelle,ET01,Tigray,ET,2020,11,28,ETH,ET010701,14.0,14.0
ET010701,Mekelle,ET0107,Mekelle,ET01,Tigray,ET,2020,12,21,ETH,ET010701,10.5,10.5
ET010701,Mekelle,ET0107,Mekelle,ET01,Tigray,ET,2021,1,33,ETH,ET010701,16.5,16.5
ET010701,Mekelle,ET0107,Mekelle,ET01,Tigray,ET,2021,2,5,ETH,ET010701,2.5,2.5
ET010701,Mekelle,ET0107,Mekelle,ET01,Tigray,ET,2021,3,0,ETH,ET010701,0.0,0.0
ET010701,Mekelle,ET0107,Mekelle,ET01,Tigray,ET,2021,4,0,ETH,ET010701,0.0,0.0
ET010701,Mekelle,ET0107,Mekelle,ET01,Tigray,ET,2021,6,51,ETH,ET010701,25.5,25.5
ET010701,Mekelle,ET0107,Mekelle,ET01,Tigray,ET,2021,7,4,ETH,ET010701,2.0,2.0
ET010701,Mekelle,ET0107,Mekelle,ET01,Tigray,ET,2021,10,15,ETH,ET010701,7.5,7.5
ET010701,Mekelle,ET0107,Mekelle,ET01,Tigray,ET,2021,11,0,ETH,ET010701,0.0,0.0
ET010701,Mekelle,ET0107,Mekelle,ET01,Tigray,ET,2021,12,0,ETH,ET010701,0.0,0.0
ET010701,Mekelle,ET0107,Mekelle,ET01,Tigray,ET,2022,1,3,ETH,ET010701,1.5,1.5
ET010701,Mekelle,ET0107,Mekelle,ET01,Tigray,ET,2022,3,4,ETH,ET010701,2.0,2.0
ET010701,Mekelle,ET0107,Mekelle,ET01,Tigray,ET,2022,5,0,ETH,ET010701,0.0,0.0
ET010701,Mekelle,ET0107,Mekelle,ET01,Tigray,ET,2022,8,4,ETH,ET010701,2.0,2.0
ET010701,Mekelle,ET0107,Mekelle,ET01,Tigray,ET,2022,9,38,ETH,ET010701,19.0,19.0
ET010701,Mekelle,ET0107,Mekelle,ET01,Tigray,ET,2022,10,1,ETH,ET010701,0.5,0.5
ET010701,Mekelle,ET0107,Mekelle,ET01,Tigray,ET,2022,12,0,ETH,ET010701,0.0,0.0
ET010701,Mekelle,ET0107,Mekelle,ET01,Tigray,ET,2023,3,0,ETH,ET010701,0.0,0.0
ET010701,Mekelle,ET0107,Mekelle,ET01,Tigray,ET,2023,5,0,ETH,ET010701,0.0,0.0
ET010701,Mekelle,ET0107,Mekelle,ET01,Tigray,ET,2023,6,0,ETH,ET010701,0.0,0.0
ET010701,Mekelle,ET0107,Mekelle,ET01,Tigray,ET,2023,7,0,ETH,ET010701,0.0,0.0
ET010701,Mekelle,ET0107,Mekelle,ET01,Tigray,ET,2023,8,4,ETH,ET010701,2.0,2.0
ET010701,Mekelle,ET0107,Mekelle,ET01,Tigray,ET,2023,9,0,ETH,ET010701,0.0,0.0
ET010701,Mekelle,ET0107,Mekelle,ET01,Tigray,ET,2023,10,1,ETH,ET010701,0.5,0.5
ET010701,Mekelle,ET0107,Mekelle,ET01,Tigray,ET,2023,11,4,ETH,ET010701,2.0,2.0
ET010701,Mekelle,ET0107,Mekelle,ET01,Tigray,ET,2023,12,0,ETH,ET010701,0.0,0.0
ET010701,Mekelle,ET0107,Mekelle,ET01,Tigray,ET,2024,1,0,ETH,ET010701,0.0,0.0
ET010701,Mekelle,ET0107,Mekelle,ET01,Tigray,ET,2024,2,0,ETH,ET010701,0.0,0.0
ET010701,Mekelle,ET0107,Mekelle,ET01,Tigray,ET,2024,3,1,ETH,ET010701,0.5,0.5
ET010701,Mekelle,ET0107,Mekelle,ET01,Tigray,ET,2024,4,0,ETH,ET010701,0.0,0.0
ET010701,Mekelle,ET0107,Mekelle,ET01,Tigray,ET,2024,6,0,ETH,ET010701,0.0,0.0
ET010701,Mekelle,ET0107,Mekelle,ET01,Tigray,ET,2024,7,0,ETH,ET010701,0.0,0.0
ET010701,Mekelle,ET0107,Mekelle,ET01,Tigray,ET,2024,8,0,ETH,ET010701,0.0,0.0
ET010701,Mekelle,ET0107,Mekelle,ET01,Tigray,ET,2024,9,0,ETH,ET010701,0.0,0.0
ET010701,Mekelle,ET0107,Mekelle,ET01,Tigray,ET,2024,10,0,ETH,ET010701,0.0,0.0
ET010701,Mekelle,ET0107,Mekelle,ET01,Tigray,ET,2024,11,0,ETH,ET010701,0.0,0.0
ET010701,Mekelle,ET0107,Mekelle,ET01,Tigray,ET,2024,12,0,ETH,ET010701,0.0,0.0
ET010701,Mekelle,ET0107,Mekelle,ET01,Tigray,ET,2025,1,0,ETH,ET010701,0.0,0.0
ET010701,Mekelle,ET0107,Mekelle,ET01,Tigray,ET,2025,2,0,ETH,ET010701,0.0,0.0
ET010701,Mekelle,ET0107,Mekelle,ET01,Tigray,ET,2025,3,0,ETH,ET010701,0.0,0.0
ET010701,Mekelle,ET0107,Mekelle,ET01,Tigray,ET,2025,4,0,ETH,ET010701,0.0,0.0
ET010701,Mekelle,ET0107,Mekelle,ET01,Tigray,ET,2025,5,0,ETH,ET010701,0.0,0.0
ET010701,Mekelle,ET0107,Mekelle,ET01,Tigray,ET,2025,6,0,ETH,ET010701,0.0,0.0
ET010701,Mekelle,ET0107,Mekelle,ET01,Tigray,ET,2025,7,0,ETH,ET010701,0.0,0.0
ET010701,Mekelle,ET0107,Mekelle,ET01,Tigray,ET,2025,8,0,ETH,ET010701,0.0,0.0
ET010701,Mekelle,ET0107,Mekelle,ET01,Tigray,ET,2025,9,0,ETH,ET010701,0.0,0.0
ET020102,Elidar,ET0201,Awsi /Zone 1,ET02,Afar,ET,2005,2,2,ETH,ET020102,1.0,1.0
ET020102,Elidar,ET0201,Awsi /Zone 1,ET02,Afar,ET,2018,6,0,ETH,ET020102,0.0,0.0
ET020102,Elidar,ET0201,Awsi /Zone 1,ET02,Afar,ET,2019,9,0,ETH,ET020102,0.0,0.0
ET020102,Elidar,ET0201,Awsi /Zone 1,ET02,Afar,ET,2022,1,0,ETH,ET020102,0.0,0.0
ET020102,Elidar,ET0201,Awsi /Zone 1,ET02,Afar,ET,2025,1,8,ETH,ET020102,4.0,4.0
ET020104,Afambo,ET0201,Awsi /Zone 1,ET02,Afar,ET,2002,10,0,ETH,ET020104,0.0,0.0
ET020104,Afambo,ET0201,Awsi /Zone 1,ET02,Afar,ET,2019,10,17,ETH,ET020104,8.5,8.5
ET020105,Mile,ET0201,Awsi /Zone 1,ET02,Afar,ET,2013,11,2,ETH,ET020105,1.0,1.0
ET020105,Mile,ET0201,Awsi /Zone 1,ET02,Afar,ET,2018,6,0,ETH,ET020105,0.0,0.0
ET020105,Mile,ET0201,Awsi /Zone 1,ET02,Afar,ET,2021,1,10,ETH,ET020105,5.0,5.0
ET020105,Mile,ET0201,Awsi /Zone 1,ET02,Afar,ET,2021,2,0,ETH,ET020105,0.0,0.0
ET020105,Mile,ET0201,Awsi /Zone 1,ET02,Afar,ET,2021,4,2,ETH,ET020105,1.0,1.0
ET020105,Mile,ET0201,Awsi /Zone 1,ET02,Afar,ET,2021,8,0,ETH,ET020105,0.0,0.0
ET020105,Mile,ET0201,Awsi /Zone 1,ET02,Afar,ET,2025,5,0,ETH,ET020105,0.0,0.0
ET020106,Chifra,ET0201,Awsi /Zone 1,ET02,Afar,ET,2017,7,7,ETH,ET020106,3.5,3.5
ET020106,Chifra,ET0201,Awsi /Zone 1,ET02,Afar,ET,2021,8,0,ETH,ET020106,0.0,0.0
ET020106,Chifra,ET0201,Awsi /Zone 1,ET02,Afar,ET,2021,10,12,ETH,ET020106,6.0,6.0
ET020106,Chifra,ET0201,Awsi /Zone 1,ET02,Afar,ET,2021,11,66,ETH,ET020106,33.0,33.0
ET020106,Chifra,ET0201,Awsi /Zone 1,ET02,Afar,ET,2022,6,1,ETH,ET020106,0.5,0.5
ET020107,Dubti town,ET0201,Awsi /Zone 1,ET02,Afar,ET,2012,6,3,ETH,ET020107,1.5,1.5
ET020107,Dubti town,ET0201,Awsi /Zone 1,ET02,Afar,ET,2018,6,0,ETH,ET020107,0.0,0.0
ET020107,Dubti town,ET0201,Awsi /Zone 1,ET02,Afar,ET,2025,8,0,ETH,ET020107,0.0,0.0
ET020109,Adar,ET0201,Awsi /Zone 1,ET02,Afar,ET,2017,5,0,ETH,ET020109,0.0,0.0
ET020109,Adar,ET0201,Awsi /Zone 1,ET02,Afar,ET,2021,2,0,ETH,ET020109,0.0,0.0
ET020109,Adar,ET0201,Awsi /Zone 1,ET02,Afar,ET,2021,11,116,ETH,ET020109,58.0,58.0
ET020109,Adar,ET0201,Awsi /Zone 1,ET02,Afar,ET,2022,7,4,ETH,ET020109,2.0,2.0
ET020110,Gerani,ET0201,Awsi /Zone 1,ET02,Afar,ET,2011,1,11,ETH,ET020110,5.5,5.5
ET020110,Gerani,ET0201,Awsi /Zone 1,ET02,Afar,ET,2021,11,10,ETH,ET020110,5.0,5.0
ET020111,Asayita town,ET0201,Awsi /Zone 1,ET02,Afar,ET,2018,6,0,ETH,ET020111,0.0,0.0
ET020111,Asayita town,ET0201,Awsi /Zone 1,ET02,Afar,ET,2018,10,0,ETH,ET020111,0.0,0.0
ET020111,Asayita town,ET0201,Awsi /Zone 1,ET02,Afar,ET,2019,5,0,ETH,ET020111,0.0,0.0
ET020198,Samera Logiya town,ET0201,Awsi /Zone 1,ET02,Afar,ET,2008,5,0,ETH,ET020198,0.0,0.0
ET020198,Samera Logiya town,ET0201,Awsi /Zone 1,ET02,Afar,ET,2008,11,0,ETH,ET020198,0.0,0.0
ET020198,Samera Logiya town,ET0201,Awsi /Zone 1,ET02,Afar,ET,2012,4,0,ETH,ET020198,0.0,0.0
ET020198,Samera Logiya town,ET0201,Awsi /Zone 1,ET02,Afar,ET,2012,10,0,ETH,ET020198,0.0,0.0
ET020198,Samera Logiya town,ET0201,Awsi /Zone 1,ET02,Afar,ET,2015,6,0,ETH,ET020198,0.0,0.0
ET020198,Samera Logiya town,ET0201,Awsi /Zone 1,ET02,Afar,ET,2016,5,50,ETH,ET020198,25.0,25.0
ET020198,Samera Logiya town,ET0201,Awsi /Zone 1,ET02,Afar,ET,2016,6,0,ETH,ET020198,0.0,0.0
ET020198,Samera Logiya town,ET0201,Awsi /Zone 1,ET02,Afar,ET,2016,7,1,ETH,ET020198,0.5,0.5
ET020198,Samera Logiya town,ET0201,Awsi /Zone 1,ET02,Afar,ET,2017,5,25,ETH,ET020198,12.5,12.5
ET020198,Samera Logiya town,ET0201,Awsi /Zone 1,ET02,Afar,ET,2017,10,13,ETH,ET020198,6.5,6.5
ET020198,Samera Logiya town,ET0201,Awsi /Zone 1,ET02,Afar,ET,2017,11,17,ETH,ET020198,8.5,8.5
ET020198,Samera Logiya town,ET0201,Awsi /Zone 1,ET02,Afar,ET,2018,4,2,ETH,ET020198,1.0,1.0
ET020198,Samera Logiya town,ET0201,Awsi /Zone 1,ET02,Afar,ET,2018,5,0,ETH,ET020198,0.0,0.0
ET020198,Samera Logiya town,ET0201,Awsi /Zone 1,ET02,Afar,ET,2018,6,0,ETH,ET020198,0.0,0.0
ET020198,Samera Logiya town,ET0201,Awsi /Zone 1,ET02,Afar,ET,2018,10,0,ETH,ET020198,0.0,0.0
ET020198,Samera Logiya town,ET0201,Awsi /Zone 1,ET02,Afar,ET,2018,11,0,ETH,ET020198,0.0,0.0
ET020198,Samera Logiya town,ET0201,Awsi /Zone 1,ET02,Afar,ET,2018,12,18,ETH,ET020198,9.0,9.0
ET020198,Samera Logiya town,ET0201,Awsi /Zone 1,ET02,Afar,ET,2019,1,0,ETH,ET020198,0.0,0.0
ET020198,Samera Logiya town,ET0201,Awsi /Zone 1,ET02,Afar,ET,2021,4,0,ETH,ET020198,0.0,0.0
ET020198,Samera Logiya town,ET0201,Awsi /Zone 1,ET02,Afar,ET,2021,7,0,ETH,ET020198,0.0,0.0
ET020198,Samera Logiya town,ET0201,Awsi /Zone 1,ET02,Afar,ET,2021,8,0,ETH,ET020198,0.0,0.0
ET020198,Samera Logiya town,ET0201,Awsi /Zone 1,ET02,Afar,ET,2021,9,10,ETH,ET020198,5.0,5.0
ET020198,Samera Logiya town,ET0201,Awsi /Zone 1,ET02,Afar,ET,2021,10,0,ETH,ET020198,0.0,0.0
ET020198,Samera Logiya town,ET0201,Awsi /Zone 1,ET02,Afar,ET,2021,11,0,ETH,ET020198,0.0,0.0
ET020198,Samera Logiya town,ET0201,Awsi /Zone 1,ET02,Afar,ET,2021,12,0,ETH,ET020198,0.0,0.0
ET020198,Samera Logiya town,ET0201,Awsi /Zone 1,ET02,Afar,ET,2022,1,0,ETH,ET020198,0.0,0.0
ET020198,Samera Logiya town,ET0201,Awsi /Zone 1,ET02,Afar,ET,2022,3,0,ETH,ET020198,0.0,0.0
ET020198,Samera Logiya town,ET0201,Awsi /Zone 1,ET02,Afar,ET,2022,4,0,ETH,ET020198,0.0,0.0
ET020198,Samera Logiya town,ET0201,Awsi /Zone 1,ET02,Afar,ET,2022,6,0,ETH,ET020198,0.0,0.0
ET020198,Samera Logiya town,ET0201,Awsi /Zone 1,ET02,Afar,ET,2022,10,0,ETH,ET020198,0.0,0.0
ET020198,Samera Logiya town,ET0201,Awsi /Zone 1,ET02,Afar,ET,2023,7,2,ETH,ET020198,1.0,1.0
ET020198,Samera Logiya town,ET0201,Awsi /Zone 1,ET02,Afar,ET,2023,9,0,ETH,ET020198,0.0,0.0
ET020198,Samera Logiya town,ET0201,Awsi /Zone 1,ET02,Afar,ET,2023,10,0,ETH,ET020198,0.0,0.0
ET020198,Samera Logiya town,ET0201,Awsi /Zone 1,ET02,Afar,ET,2024,1,1,ETH,ET020198,0.5,0.5
ET020198,Samera Logiya town,ET0201,Awsi /Zone 1,ET02,Afar,ET,2025,3,0,ETH,ET020198,0.0,0.0
ET020198,Samera Logiya town,ET0201,Awsi /Zone 1,ET02,Afar,ET,2025,7,0,ETH,ET020198,0.0,0.0
ET020198,Samera Logiya town,ET0201,Awsi /Zone 1,ET02,Afar,ET,2025,8,0,ETH,ET020198,0.0,0.0
ET020202,Kunneba,ET0202,Kilbati /Zone2,ET02,Afar,ET,2022,2,0,ETH,ET020202,0.0,0.0
ET020202,Kunneba,ET0202,Kilbati /Zone2,ET02,Afar,ET,2022,3,0,ETH,ET020202,0.0,0.0
ET020203,Abaala,ET0202,Kilbati /Zone2,ET02,Afar,ET,2022,1,20,ETH,ET020203,10.0,10.0
ET020203,Abaala,ET0202,Kilbati /Zone2,ET02,Afar,ET,2022,2,0,ETH,ET020203,0.0,0.0
ET020203,Abaala,ET0202,Kilbati /Zone2,ET02,Afar,ET,2022,3,0,ETH,ET020203,0.0,0.0
ET020203,Abaala,ET0202,Kilbati /Zone2,ET02,Afar,ET,2025,9,0,ETH,ET020203,0.0,0.0
ET020205,Berahile,ET0202,Kilbati /Zone2,ET02,Afar,ET,2013,5,0,ETH,ET020205,0.0,0.0
ET020205,Berahile,ET0202,Kilbati /Zone2,ET02,Afar,ET,2018,6,0,ETH,ET020205,0.0,0.0
ET020205,Berahile,ET0202,Kilbati /Zone2,ET02,Afar,ET,2018,10,0,ETH,ET020205,0.0,0.0
ET020205,Berahile,ET0202,Kilbati /Zone2,ET02,Afar,ET,2021,8,73,ETH,ET020205,36.5,36.5
ET020205,Berahile,ET0202,Kilbati /Zone2,ET02,Afar,ET,2021,9,10,ETH,ET020205,5.0,5.0
ET020205,Berahile,ET0202,Kilbati /Zone2,ET02,Afar,ET,2022,1,10,ETH,ET020205,5.0,5.0
ET020205,Berahile,ET0202,Kilbati /Zone2,ET02,Afar,ET,2022,2,15,ETH,ET020205,7.5,7.5
ET020205,Berahile,ET0202,Kilbati /Zone2,ET02,Afar,ET,2022,3,0,ETH,ET020205,0.0,0.0
ET020205,Berahile,ET0202,Kilbati /Zone2,ET02,Afar,ET,2022,9,0,ETH,ET020205,0.0,0.0
ET020205,Berahile,ET0202,Kilbati /Zone2,ET02,Afar,ET,2023,10,0,ETH,ET020205,0.0,0.0
ET020205,Berahile,ET0202,Kilbati /Zone2,ET02,Afar,ET,2025,4,0,ETH,ET020205,0.0,0.0
ET020206,Dalol,ET0202,Kilbati /Zone2,ET02,Afar,ET,2018,10,0,ETH,ET020206,0.0,0.0
ET020206,Dalol,ET0202,Kilbati /Zone2,ET02,Afar,ET,2022,3,0,ETH,ET020206,0.0,0.0
ET020206,Dalol,ET0202,Kilbati /Zone2,ET02,Afar,ET,2022,9,0,ETH,ET020206,0.0,0.0
ET020207,Afdera,ET0202,Kilbati /Zone2,ET02,Afar,ET,2010,2,17,ETH,ET020207,8.5,8.5
ET020207,Afdera,ET0202,Kilbati /Zone2,ET02,Afar,ET,2012,1,5,ETH,ET020207,2.5,2.5
ET020207,Afdera,ET0202,Kilbati /Zone2,ET02,Afar,ET,2017,12,1,ETH,ET020207,0.5,0.5
ET020207,Afdera,ET0202,Kilbati /Zone2,ET02,Afar,ET,2018,10,0,ETH,ET020207,0.0,0.0
ET020207,Afdera,ET0202,Kilbati /Zone2,ET02,Afar,ET,2022,1,11,ETH,ET020207,5.5,5.5
ET020207,Afdera,ET0202,Kilbati /Zone2,ET02,Afar,ET,2022,2,0,ETH,ET020207,0.0,0.0
ET020207,Afdera,ET0202,Kilbati /Zone2,ET02,Afar,ET,2022,3,0,ETH,ET020207,0.0,0.0
ET020208,Bidu,ET0202,Kilbati /Zone2,ET02,Afar,ET,2020,2,0,ETH,ET020208,0.0,0.0
ET020209,Abaala town,ET0202,Kilbati /Zone2,ET02,Afar,ET,2018,11,0,ETH,ET020209,0.0,0.0
ET020209,Abaala town,ET0202,Kilbati /Zone2,ET02,Afar,ET,2020,9,3,ETH,ET020209,1.5,1.5
ET020209,Abaala town,ET0202,Kilbati /Zone2,ET02,Afar,ET,2021,7,0,ETH,ET020209,0.0,0.0
ET020209,Abaala town,ET0202,Kilbati /Zone2,ET02,Afar,ET,2021,11,10,ETH,ET020209,5.0,5.0
ET020209,Abaala town,ET0202,Kilbati /Zone2,ET02,Afar,ET,2021,12,308,ETH,ET020209,154.0,154.0
ET020209,Abaala town,ET0202,Kilbati /Zone2,ET02,Afar,ET,2022,1,20,ETH,ET020209,10.0,10.0
ET020209,Abaala town,ET0202,Kilbati /Zone2,ET02,Afar,ET,2022,2,0,ETH,ET020209,0.0,0.0
ET020209,Abaala town,ET0202,Kilbati /Zone2,ET02,Afar,ET,2022,3,0,ETH,ET020209,0.0,0.0
ET020209,Abaala town,ET0202,Kilbati /Zone2,ET02,Afar,ET,2022,9,0,ETH,ET020209,0.0,0.0
ET020209,Abaala town,ET0202,Kilbati /Zone2,ET02,Afar,ET,2024,11,0,ETH,ET020209,0.0,0.0
ET020209,Abaala town,ET0202,Kilbati /Zone2,ET02,Afar,ET,2024,12,0,ETH,ET020209,0.0,0.0
ET020303,Gewane,ET0203,Gabi /Zone 3,ET02,Afar,ET,2002,4,27,ETH,ET020303,13.5,13.5
ET020303,Gewane,ET0203,Gabi /Zone 3,ET02,Afar,ET,2002,11,30,ETH,ET020303,15.0,15.0
ET020303,Gewane,ET0203,Gabi /Zone 3,ET02,Afar,ET,2018,12,20,ETH,ET020303,10.0,10.0
ET020303,Gewane,ET0203,Gabi /Zone 3,ET02,Afar,ET,2019,4,2,ETH,ET020303,1.0,1.0
ET020303,Gewane,ET0203,Gabi /Zone 3,ET02,Afar,ET,2019,10,0,ETH,ET020303,0.0,0.0
ET020303,Gewane,ET0203,Gabi /Zone 3,ET02,Afar,ET,2020,1,1,ETH,ET020303,0.5,0.5
ET020303,Gewane,ET0203,Gabi /Zone 3,ET02,Afar,ET,2020,12,3,ETH,ET020303,1.5,1.5
ET020303,Gewane,ET0203,Gabi /Zone 3,ET02,Afar,ET,2021,1,10,ETH,ET020303,5.0,5.0
ET020303,Gewane,ET0203,Gabi /Zone 3,ET02,Afar,ET,2021,4,30,ETH,ET020303,15.0,15.0
ET020303,Gewane,ET0203,Gabi /Zone 3,ET02,Afar,ET,2021,8,10,ETH,ET020303,5.0,5.0
ET020303,Gewane,ET0203,Gabi /Zone 3,ET02,Afar,ET,2022,12,19,ETH,ET020303,9.5,9.5
ET020303,Gewane,ET0203,Gabi /Zone 3,ET02,Afar,ET,2023,1,7,ETH,ET020303,3.5,3.5
ET020303,Gewane,ET0203,Gabi /Zone 3,ET02,Afar,ET,2023,2,10,ETH,ET020303,5.0,5.0
ET020303,Gewane,ET0203,Gabi /Zone 3,ET02,Afar,ET,2023,3,0,ETH,ET020303,0.0,0.0
ET020303,Gewane,ET0203,Gabi /Zone 3,ET02,Afar,ET,2023,4,0,ETH,ET020303,0.0,0.0
ET020303,Gewane,ET0203,Gabi /Zone 3,ET02,Afar,ET,2023,5,0,ETH,ET020303,0.0,0.0
ET020303,Gewane,ET0203,Gabi /Zone 3,ET02,Afar,ET,2023,12,0,ETH,ET020303,0.0,0.0
ET020303,Gewane,ET0203,Gabi /Zone 3,ET02,Afar,ET,2024,3,3,ETH,ET020303,1.5,1.5
ET020303,Gewane,ET0203,Gabi /Zone 3,ET02,Afar,ET,2024,4,6,ETH,ET020303,3.0,3.0
ET020303,Gewane,ET0203,Gabi /Zone 3,ET02,Afar,ET,2024,6,10,ETH,ET020303,5.0,5.0
ET020303,Gewane,ET0203,Gabi /Zone 3,ET02,Afar,ET,2024,7,3,ETH,ET020303,1.5,1.5
ET020303,Gewane,ET0203,Gabi /Zone 3,ET02,Afar,ET,2025,8,3,ETH,ET020303,1.5,1.5
ET020304,Dulecha,ET0203,Gabi /Zone 3,ET02,Afar,ET,2019,1,0,ETH,ET020304,0.0,0.0
ET020304,Dulecha,ET0203,Gabi /Zone 3,ET02,Afar,ET,2023,7,0,ETH,ET020304,0.0,0.0
ET020304,Dulecha,ET0203,Gabi /Zone 3,ET02,Afar,ET,2025,1,2,ETH,ET020304,1.0,1.0
ET020305,Gelalu,ET0203,Gabi /Zone 3,ET02,Afar,ET,2021,4,35,ETH,ET020305,17.5,17.5
ET020305,Gelalu,ET0203,Gabi /Zone 3,ET02,Afar,ET,2023,3,0,ETH,ET020305,0.0,0.0
ET020305,Gelalu,ET0203,Gabi /Zone 3,ET02,Afar,ET,2024,4,6,ETH,ET020305,3.0,3.0
ET020307,Hanruka,ET0203,Gabi /Zone 3,ET02,Afar,ET,2021,4,35,ETH,ET020307,17.5,17.5
ET020307,Hanruka,ET0203,Gabi /Zone 3,ET02,Afar,ET,2021,7,300,ETH,ET020307,150.0,150.0
ET020307,Hanruka,ET0203,Gabi /Zone 3,ET02,Afar,ET,2022,8,0,ETH,ET020307,0.0,0.0
ET020307,Hanruka,ET0203,Gabi /Zone 3,ET02,Afar,ET,2023,3,0,ETH,ET020307,0.0,0.0
ET020307,Hanruka,ET0203,Gabi /Zone 3,ET02,Afar,ET,2025,6,1,ETH,ET020307,0.5,0.5
ET020307,Hanruka,ET0203,Gabi /Zone 3,ET02,Afar,ET,2025,8,4,ETH,ET020307,2.0,2.0
ET020396,Awash town,ET0203,Gabi /Zone 3,ET02,Afar,ET,2013,7,13,ETH,ET020396,6.5,6.5
ET020396,Awash town,ET0203,Gabi /Zone 3,ET02,Afar,ET,2016,8,0,ETH,ET020396,0.0,0.0
ET020396,Awash town,ET0203,Gabi /Zone 3,ET02,Afar,ET,2016,11,13,ETH,ET020396,6.5,6.5
ET020396,Awash town,ET0203,Gabi /Zone 3,ET02,Afar,ET,2016,12,5,ETH,ET020396,2.5,2.5
ET020396,Awash town,ET0203,Gabi /Zone 3,ET02,Afar,ET,2017,2,2,ETH,ET020396,1.0,1.0
ET020396,Awash town,ET0203,Gabi /Zone 3,ET02,Afar,ET,2017,3,7,ETH,ET020396,3.5,3.5
ET020396,Awash town,ET0203,Gabi /Zone 3,ET02,Afar,ET,2017,4,2,ETH,ET020396,1.0,1.0
ET020396,Awash town,ET0203,Gabi /Zone 3,ET02,Afar,ET,2018,6,0,ETH,ET020396,0.0,0.0
ET020396,Awash town,ET0203,Gabi /Zone 3,ET02,Afar,ET,2018,11,0,ETH,ET020396,0.0,0.0
ET020396,Awash town,ET0203,Gabi /Zone 3,ET02,Afar,ET,2019,4,0,ETH,ET020396,0.0,0.0
ET020396,Awash town,ET0203,Gabi /Zone 3,ET02,Afar,ET,2019,10,0,ETH,ET020396,0.0,0.0
ET020396,Awash town,ET0203,Gabi /Zone 3,ET02,Afar,ET,2019,11,2,ETH,ET020396,1.0,1.0
ET020396,Awash town,ET0203,Gabi /Zone 3,ET02,Afar,ET,2021,1,10,ETH,ET020396,5.0,5.0
ET020396,Awash town,ET0203,Gabi /Zone 3,ET02,Afar,ET,2021,2,0,ETH,ET020396,0.0,0.0
ET020396,Awash town,ET0203,Gabi /Zone 3,ET02,Afar,ET,2021,7,0,ETH,ET020396,0.0,0.0
ET020396,Awash town,ET0203,Gabi /Zone 3,ET02,Afar,ET,2021,11,0,ETH,ET020396,0.0,0.0
ET020396,Awash town,ET0203,Gabi /Zone 3,ET02,Afar,ET,2022,12,4,ETH,ET020396,2.0,2.0
ET020396,Awash town,ET0203,Gabi /Zone 3,ET02,Afar,ET,2023,6,1,ETH,ET020396,0.5,0.5
ET020396,Awash town,ET0203,Gabi /Zone 3,ET02,Afar,ET,2024,3,23,ETH,ET020396,11.5,11.5
ET020396,Awash town,ET0203,Gabi /Zone 3,ET02,Afar,ET,2024,7,2,ETH,ET020396,1.0,1.0
ET020401,Awra (AF),ET0204,Fanti /Zone 4,ET02,Afar,ET,2021,7,30,ETH,ET020401,15.0,15.0
ET020401,Awra (AF),ET0204,Fanti /Zone 4,ET02,Afar,ET,2021,8,149,ETH,ET020401,74.5,74.5
ET020401,Awra (AF),ET0204,Fanti /Zone 4,ET02,Afar,ET,2021,9,10,ETH,ET020401,5.0,5.0
ET020402,Euwa,ET0204,Fanti /Zone 4,ET02,Afar,ET,2021,7,20,ETH,ET020402,10.0,10.0
ET020402,Euwa,ET0204,Fanti /Zone 4,ET02,Afar,ET,2021,8,10,ETH,ET020402,5.0,5.0
ET020402,Euwa,ET0204,Fanti /Zone 4,ET02,Afar,ET,2021,9,14,ETH,ET020402,7.0,7.0
ET020403,Teru,ET0204,Fanti /Zone 4,ET02,Afar,ET,2011,2,94,ETH,ET020403,47.0,47.0
ET020403,Teru,ET0204,Fanti /Zone 4,ET02,Afar,ET,2021,7,0,ETH,ET020403,0.0,0.0
ET020404,Yalo,ET0204,Fanti /Zone 4,ET02,Afar,ET,2021,7,143,ETH,ET020404,71.5,71.5
ET020404,Yalo,ET0204,Fanti /Zone 4,ET02,Afar,ET,2021,8,10,ETH,ET020404,5.0,5.0
ET020404,Yalo,ET0204,Fanti /Zone 4,ET02,Afar,ET,2021,9,13,ETH,ET020404,6.5,6.5
ET020404,Yalo,ET0204,Fanti /Zone 4,ET02,Afar,ET,2022,8,3,ETH,ET020404,1.5,1.5
ET020405,Gulina,ET0204,Fanti /Zone 4,ET02,Afar,ET,2021,7,10,ETH,ET020405,5.0,5.0
ET020405,Gulina,ET0204,Fanti /Zone 4,ET02,Afar,ET,2021,9,20,ETH,ET020405,10.0,10.0
ET020405,Gulina,ET0204,Fanti /Zone 4,ET02,Afar,ET,2022,8,0,ETH,ET020405,0.0,0.0
ET020501,Telalek,ET0205,Hari /Zone 5,ET02,Afar,ET,2021,11,2,ETH,ET020501,1.0,1.0
ET020501,Telalek,ET0205,Hari /Zone 5,ET02,Afar,ET,2021,12,10,ETH,ET020501,5.0,5.0
ET020502,Samurobi,ET0205,Hari /Zone 5,ET02,Afar,ET,2022,4,4,ETH,ET020502,2.0,2.0
ET020502,Samurobi,ET0205,Hari /Zone 5,ET02,Afar,ET,2023,1,3,ETH,ET020502,1.5,1.5
ET020502,Samurobi,ET0205,Hari /Zone 5,ET02,Afar,ET,2023,7,2,ETH,ET020502,1.0,1.0
ET020503,Dawe,ET0205,Hari /Zone 5,ET02,Afar,ET,2021,11,10,ETH,ET020503,5.0,5.0
ET020503,Dawe,ET0205,Hari /Zone 5,ET02,Afar,ET,2022,8,3,ETH,ET020503,1.5,1.5
ET020503,Dawe,ET0205,Hari /Zone 5,ET02,Afar,ET,2022,12,10,ETH,ET020503,5.0,5.0
ET020505,Hadelela,ET0205,Hari /Zone 5,ET02,Afar,ET,2023,7,2,ETH,ET020505,1.0,1.0
ET030101,Addi Arekay,ET0301,North Gondar,ET03,Amhara,ET,2021,7,6,ETH,ET030101,3.0,3.0
ET030101,Addi Arekay,ET0301,North Gondar,ET03,Amhara,ET,2021,8,124,ETH,ET030101,62.0,62.0
ET030101,Addi Arekay,ET0301,North Gondar,ET03,Amhara,ET,2021,9,13,ETH,ET030101,6.5,6.5
ET030101,Addi Arekay,ET0301,North Gondar,ET03,Amhara,ET,2021,10,0,ETH,ET030101,0.0,0.0
ET030101,Addi Arekay,ET0301,North Gondar,ET03,Amhara,ET,2021,12,0,ETH,ET030101,0.0,0.0
ET030101,Addi Arekay,ET0301,North Gondar,ET03,Amhara,ET,2022,1,0,ETH,ET030101,0.0,0.0
ET030101,Addi Arekay,ET0301,North Gondar,ET03,Amhara,ET,2022,3,0,ETH,ET030101,0.0,0.0
ET030101,Addi Arekay,ET0301,North Gondar,ET03,Amhara,ET,2022,9,18,ETH,ET030101,9.0,9.0
ET030101,Addi Arekay,ET0301,North Gondar,ET03,Amhara,ET,2022,10,0,ETH,ET030101,0.0,0.0
ET030101,Addi Arekay,ET0301,North Gondar,ET03,Amhara,ET,2024,6,8,ETH,ET030101,4.0,4.0
ET030101,Addi Arekay,ET0301,North Gondar,ET03,Amhara,ET,2025,4,5,ETH,ET030101,2.5,2.5
ET030101,Addi Arekay,ET0301,North Gondar,ET03,Amhara,ET,2025,7,1,ETH,ET030101,0.5,0.5
ET030101,Addi Arekay,ET0301,North Gondar,ET03,Amhara,ET,2025,8,7,ETH,ET030101,3.5,3.5
ET030102,Beyeda,ET0301,North Gondar,ET03,Amhara,ET,2023,6,5,ETH,ET030102,2.5,2.5
ET030102,Beyeda,ET0301,North Gondar,ET03,Amhara,ET,2025,7,7,ETH,ET030102,3.5,3.5
ET030102,Beyeda,ET0301,North Gondar,ET03,Amhara,ET,2025,8,13,ETH,ET030102,6.5,6.5
ET030103,Janamora,ET0301,North Gondar,ET03,Amhara,ET,2017,6,3,ETH,ET030103,1.5,1.5
ET030103,Janamora,ET0301,North Gondar,ET03,Amhara,ET,2021,9,10,ETH,ET030103,5.0,5.0
ET030104,Debark,ET0301,North Gondar,ET03,Amhara,ET,2025,3,2,ETH,ET030104,1.0,1.0
ET030104,Debark,ET0301,North Gondar,ET03,Amhara,ET,2025,8,0,ETH,ET030104,0.0,0.0
ET030105,Dabat,ET0301,North Gondar,ET03,Amhara,ET,2024,5,1,ETH,ET030105,0.5,0.5
ET030105,Dabat,ET0301,North Gondar,ET03,Amhara,ET,2024,7,0,ETH,ET030105,0.0,0.0
ET030105,Dabat,ET0301,North Gondar,ET03,Amhara,ET,2024,8,0,ETH,ET030105,0.0,0.0
ET030105,Dabat,ET0301,North Gondar,ET03,Amhara,ET,2024,9,0,ETH,ET030105,0.0,0.0
ET030105,Dabat,ET0301,North Gondar,ET03,Amhara,ET,2024,12,0,ETH,ET030105,0.0,0.0
ET030105,Dabat,ET0301,North Gondar,ET03,Amhara,ET,2025,3,0,ETH,ET030105,0.0,0.0
ET030105,Dabat,ET0301,North Gondar,ET03,Amhara,ET,2025,5,1,ETH,ET030105,0.5,0.5
ET030105,Dabat,ET0301,North Gondar,ET03,Amhara,ET,2025,6,0,ETH,ET030105,0.0,0.0
ET030106,Dabat town,ET0301,North Gondar,ET03,Amhara,ET,2016,2,0,ETH,ET030106,0.0,0.0
ET030106,Dabat town,ET0301,North Gondar,ET03,Amhara,ET,2016,11,3,ETH,ET030106,1.5,1.5
ET030106,Dabat town,ET0301,North Gondar,ET03,Amhara,ET,2016,12,0,ETH,ET030106,0.0,0.0
ET030106,Dabat town,ET0301,North Gondar,ET03,Amhara,ET,2018,2,0,ETH,ET030106,0.0,0.0
ET030106,Dabat town,ET0301,North Gondar,ET03,Amhara,ET,2020,11,6,ETH,ET030106,3.0,3.0
ET030106,Dabat town,ET0301,North Gondar,ET03,Amhara,ET,2021,6,3,ETH,ET030106,1.5,1.5
ET030106,Dabat town,ET0301,North Gondar,ET03,Amhara,ET,2021,8,7,ETH,ET030106,3.5,3.5
ET030106,Dabat town,ET0301,North Gondar,ET03,Amhara,ET,2021,9,127,ETH,ET030106,63.5,63.5
ET030106,Dabat town,ET0301,North Gondar,ET03,Amhara,ET,2022,3,0,ETH,ET030106,0.0,0.0
ET030106,Dabat town,ET0301,North Gondar,ET03,Amhara,ET,2023,8,0,ETH,ET030106,0.0,0.0
ET030106,Dabat town,ET0301,North Gondar,ET03,Amhara,ET,2023,9,0,ETH,ET030106,0.0,0.0
ET030106,Dabat town,ET0301,North Gondar,ET03,Amhara,ET,2023,12,0,ETH,ET030106,0.0,0.0
ET030106,Dabat town,ET0301,North Gondar,ET03,Amhara,ET,2024,4,10,ETH,ET030106,5.0,5.0
ET030106,Dabat town,ET0301,North Gondar,ET03,Amhara,ET,2024,7,0,ETH,ET030106,0.0,0.0
ET030106,Dabat town,ET0301,North Gondar,ET03,Amhara,ET,2024,9,9,ETH,ET030106,4.5,4.5
ET030106,Dabat town,ET0301,North Gondar,ET03,Amhara,ET,2024,11,0,ETH,ET030106,0.0,0.0
ET030106,Dabat town,ET0301,North Gondar,ET03,Amhara,ET,2025,1,0,ETH,ET030106,0.0,0.0
ET030106,Dabat town,ET0301,North Gondar,ET03,Amhara,ET,2025,2,0,ETH,ET030106,0.0,0.0
ET030106,Dabat town,ET0301,North Gondar,ET03,Amhara,ET,2025,3,0,ETH,ET030106,0.0,0.0
ET030106,Dabat town,ET0301,North Gondar,ET03,Amhara,ET,2025,5,0,ETH,ET030106,0.0,0.0
ET030106,Dabat town,ET0301,North Gondar,ET03,Amhara,ET,2025,6,0,ETH,ET030106,0.0,0.0
ET030198,Debark town,ET0301,North Gondar,ET03,Amhara,ET,2018,2,0,ETH,ET030198,0.0,0.0
ET030198,Debark town,ET0301,North Gondar,ET03,Amhara,ET,2018,11,4,ETH,ET030198,2.0,2.0
ET030198,Debark town,ET0301,North Gondar,ET03,Amhara,ET,2021,4,0,ETH,ET030198,0.0,0.0
ET030198,Debark town,ET0301,North Gondar,ET03,Amhara,ET,2021,6,0,ETH,ET030198,0.0,0.0
ET030198,Debark town,ET0301,North Gondar,ET03,Amhara,ET,2021,8,20,ETH,ET030198,10.0,10.0
ET030198,Debark town,ET0301,North Gondar,ET03,Amhara,ET,2021,9,20,ETH,ET030198,10.0,10.0
ET030198,Debark town,ET0301,North Gondar,ET03,Amhara,ET,2021,12,0,ETH,ET030198,0.0,0.0
ET030198,Debark town,ET0301,North Gondar,ET03,Amhara,ET,2022,4,1,ETH,ET030198,0.5,0.5
ET030198,Debark town,ET0301,North Gondar,ET03,Amhara,ET,2022,8,0,ETH,ET030198,0.0,0.0
ET030198,Debark town,ET0301,North Gondar,ET03,Amhara,ET,2022,9,0,ETH,ET030198,0.0,0.0
ET030198,Debark town,ET0301,North Gondar,ET03,Amhara,ET,2023,2,0,ETH,ET030198,0.0,0.0
ET030198,Debark town,ET0301,North Gondar,ET03,Amhara,ET,2024,2,0,ETH,ET030198,0.0,0.0
ET030198,Debark town,ET0301,North Gondar,ET03,Amhara,ET,2024,7,1,ETH,ET030198,0.5,0.5
ET030198,Debark town,ET0301,North Gondar,ET03,Amhara,ET,2024,9,24,ETH,ET030198,12.0,12.0
ET030198,Debark town,ET0301,North Gondar,ET03,Amhara,ET,2024,10,0,ETH,ET030198,0.0,0.0
ET030198,Debark town,ET0301,North Gondar,ET03,Amhara,ET,2024,12,24,ETH,ET030198,12.0,12.0
ET030198,Debark town,ET0301,North Gondar,ET03,Amhara,ET,2025,1,3,ETH,ET030198,1.5,1.5
ET030198,Debark town,ET0301,North Gondar,ET03,Amhara,ET,2025,3,11,ETH,ET030198,5.5,5.5
ET030198,Debark town,ET0301,North Gondar,ET03,Amhara,ET,2025,5,0,ETH,ET030198,0.0,0.0
ET030198,Debark town,ET0301,North Gondar,ET03,Amhara,ET,2025,8,0,ETH,ET030198,0.0,0.0
ET030201,Ebenat,ET0302,South Gondar,ET03,Amhara,ET,2017,6,1,ETH,ET030201,0.5,0.5
ET030201,Ebenat,ET0302,South Gondar,ET03,Amhara,ET,2023,8,0,ETH,ET030201,0.0,0.0
ET030201,Ebenat,ET0302,South Gondar,ET03,Amhara,ET,2024,10,17,ETH,ET030201,8.5,8.5
ET030201,Ebenat,ET0302,South Gondar,ET03,Amhara,ET,2024,12,0,ETH,ET030201,0.0,0.0
ET030201,Ebenat,ET0302,South Gondar,ET03,Amhara,ET,2025,1,10,ETH,ET030201,5.0,5.0
ET030201,Ebenat,ET0302,South Gondar,ET03,Amhara,ET,2025,2,0,ETH,ET030201,0.0,0.0
ET030201,Ebenat,ET0302,South Gondar,ET03,Amhara,ET,2025,4,8,ETH,ET030201,4.0,4.0
ET030201,Ebenat,ET0302,South Gondar,ET03,Amhara,ET,2025,7,3,ETH,ET030201,1.5,1.5
ET030201,Ebenat,ET0302,South Gondar,ET03,Amhara,ET,2025,8,18,ETH,ET030201,9.0,9.0
ET030202,Libokemekem,ET0302,South Gondar,ET03,Amhara,ET,2017,4,2,ETH,ET030202,1.0,1.0
ET030202,Libokemekem,ET0302,South Gondar,ET03,Amhara,ET,2017,5,16,ETH,ET030202,8.0,8.0
ET030202,Libokemekem,ET0302,South Gondar,ET03,Amhara,ET,2017,6,2,ETH,ET030202,1.0,1.0
ET030202,Libokemekem,ET0302,South Gondar,ET03,Amhara,ET,2019,2,0,ETH,ET030202,0.0,0.0
ET030202,Libokemekem,ET0302,South Gondar,ET03,Amhara,ET,2021,9,0,ETH,ET030202,0.0,0.0
ET030202,Libokemekem,ET0302,South Gondar,ET03,Amhara,ET,2023,8,0,ETH,ET030202,0.0,0.0
ET030202,Libokemekem,ET0302,South Gondar,ET03,Amhara,ET,2023,9,0,ETH,ET030202,0.0,0.0
ET030202,Libokemekem,ET0302,South Gondar,ET03,Amhara,ET,2023,11,3,ETH,ET030202,1.5,1.5
ET030202,Libokemekem,ET0302,South Gondar,ET03,Amhara,ET,2024,3,0,ETH,ET030202,0.0,0.0
ET030202,Libokemekem,ET0302,South Gondar,ET03,Amhara,ET,2024,8,0,ETH,ET030202,0.0,0.0
ET030202,Libokemekem,ET0302,South Gondar,ET03,Amhara,ET,2024,9,3,ETH,ET030202,1.5,1.5
ET030202,Libokemekem,ET0302,South Gondar,ET03,Amhara,ET,2024,10,8,ETH,ET030202,4.0,4.0
ET030202,Libokemekem,ET0302,South Gondar,ET03,Amhara,ET,2024,11,0,ETH,ET030202,0.0,0.0
ET030202,Libokemekem,ET0302,South Gondar,ET03,Amhara,ET,2024,12,6,ETH,ET030202,3.0,3.0
ET030202,Libokemekem,ET0302,South Gondar,ET03,Amhara,ET,2025,2,2,ETH,ET030202,1.0,1.0
ET030202,Libokemekem,ET0302,South Gondar,ET03,Amhara,ET,2025,3,10,ETH,ET030202,5.0,5.0
ET030202,Libokemekem,ET0302,South Gondar,ET03,Amhara,ET,2025,5,10,ETH,ET030202,5.0,5.0
ET030202,Libokemekem,ET0302,South Gondar,ET03,Amhara,ET,2025,6,0,ETH,ET030202,0.0,0.0
ET030202,Libokemekem,ET0302,South Gondar,ET03,Amhara,ET,2025,8,43,ETH,ET030202,21.5,21.5
ET030202,Libokemekem,ET0302,South Gondar,ET03,Amhara,ET,2025,9,0,ETH,ET030202,0.0,0.0
ET030203,Fogera,ET0302,South Gondar,ET03,Amhara,ET,2021,7,3,ETH,ET030203,1.5,1.5
ET030203,Fogera,ET0302,South Gondar,ET03,Amhara,ET,2021,8,0,ETH,ET030203,0.0,0.0
ET030203,Fogera,ET0302,South Gondar,ET03,Amhara,ET,2023,7,4,ETH,ET030203,2.0,2.0
ET030203,Fogera,ET0302,South Gondar,ET03,Amhara,ET,2023,10,3,ETH,ET030203,1.5,1.5
ET030203,Fogera,ET0302,South Gondar,ET03,Amhara,ET,2024,7,3,ETH,ET030203,1.5,1.5
ET030203,Fogera,ET0302,South Gondar,ET03,Amhara,ET,2024,9,10,ETH,ET030203,5.0,5.0
ET030203,Fogera,ET0302,South Gondar,ET03,Amhara,ET,2025,1,2,ETH,ET030203,1.0,1.0
ET030203,Fogera,ET0302,South Gondar,ET03,Amhara,ET,2025,3,4,ETH,ET030203,2.0,2.0
ET030203,Fogera,ET0302,South Gondar,ET03,Amhara,ET,2025,4,2,ETH,ET030203,1.0,1.0
ET030203,Fogera,ET0302,South Gondar,ET03,Amhara,ET,2025,5,0,ETH,ET030203,0.0,0.0
ET030203,Fogera,ET0302,South Gondar,ET03,Amhara,ET,2025,7,5,ETH,ET030203,2.5,2.5
ET030203,Fogera,ET0302,South Gondar,ET03,Amhara,ET,2025,8,0,ETH,ET030203,0.0,0.0
ET030203,Fogera,ET0302,South Gondar,ET03,Amhara,ET,2025,9,13,ETH,ET030203,6.5,6.5
ET030204,Farta,ET0302,South Gondar,ET03,Amhara,ET,2021,8,40,ETH,ET030204,20.0,20.0
ET030204,Farta,ET0302,South Gondar,ET03,Amhara,ET,2023,12,0,ETH,ET030204,0.0,0.0
ET030204,Farta,ET0302,South Gondar,ET03,Amhara,ET,2024,4,1,ETH,ET030204,0.5,0.5
ET030204,Farta,ET0302,South Gondar,ET03,Amhara,ET,2024,5,0,ETH,ET030204,0.0,0.0
ET030204,Farta,ET0302,South Gondar,ET03,Amhara,ET,2024,8,0,ETH,ET030204,0.0,0.0
ET030204,Farta,ET0302,South Gondar,ET03,Amhara,ET,2025,3,3,ETH,ET030204,1.5,1.5
ET030204,Farta,ET0302,South Gondar,ET03,Amhara,ET,2025,4,1,ETH,ET030204,0.5,0.5
ET030204,Farta,ET0302,South Gondar,ET03,Amhara,ET,2025,8,1,ETH,ET030204,0.5,0.5
ET030204,Farta,ET0302,South Gondar,ET03,Amhara,ET,2025,9,10,ETH,ET030204,5.0,5.0
ET030205,Lay Gayint,ET0302,South Gondar,ET03,Amhara,ET,2021,8,81,ETH,ET030205,40.5,40.5
ET030205,Lay Gayint,ET0302,South Gondar,ET03,Amhara,ET,2021,9,0,ETH,ET030205,0.0,0.0
ET030205,Lay Gayint,ET0302,South Gondar,ET03,Amhara,ET,2024,3,1,ETH,ET030205,0.5,0.5
ET030205,Lay Gayint,ET0302,South Gondar,ET03,Amhara,ET,2024,5,0,ETH,ET030205,0.0,0.0
ET030205,Lay Gayint,ET0302,South Gondar,ET03,Amhara,ET,2024,6,13,ETH,ET030205,6.5,6.5
ET030205,Lay Gayint,ET0302,South Gondar,ET03,Amhara,ET,2024,7,6,ETH,ET030205,3.0,3.0
ET030205,Lay Gayint,ET0302,South Gondar,ET03,Amhara,ET,2024,8,7,ETH,ET030205,3.5,3.5
ET030205,Lay Gayint,ET0302,South Gondar,ET03,Amhara,ET,2024,10,14,ETH,ET030205,7.0,7.0
ET030205,Lay Gayint,ET0302,South Gondar,ET03,Amhara,ET,2025,2,1,ETH,ET030205,0.5,0.5
ET030205,Lay Gayint,ET0302,South Gondar,ET03,Amhara,ET,2025,3,10,ETH,ET030205,5.0,5.0
ET030205,Lay Gayint,ET0302,South Gondar,ET03,Amhara,ET,2025,4,11,ETH,ET030205,5.5,5.5
ET030206,Tach Gayint,ET0302,South Gondar,ET03,Amhara,ET,2004,6,0,ETH,ET030206,0.0,0.0
ET030206,Tach Gayint,ET0302,South Gondar,ET03,Amhara,ET,2023,9,3,ETH,ET030206,1.5,1.5
ET030206,Tach Gayint,ET0302,South Gondar,ET03,Amhara,ET,2023,12,3,ETH,ET030206,1.5,1.5
ET030206,Tach Gayint,ET0302,South Gondar,ET03,Amhara,ET,2024,2,0,ETH,ET030206,0.0,0.0
ET030206,Tach Gayint,ET0302,South Gondar,ET03,Amhara,ET,2024,3,1,ETH,ET030206,0.5,0.5
ET030206,Tach Gayint,ET0302,South Gondar,ET03,Amhara,ET,2024,4,0,ETH,ET030206,0.0,0.0
ET030206,Tach Gayint,ET0302,South Gondar,ET03,Amhara,ET,2024,5,1,ETH,ET030206,0.5,0.5
ET030206,Tach Gayint,ET0302,South Gondar,ET03,Amhara,ET,2024,6,10,ETH,ET030206,5.0,5.0
ET030206,Tach Gayint,ET0302,South Gondar,ET03,Amhara,ET,2024,7,0,ETH,ET030206,0.0,0.0
ET030206,Tach Gayint,ET0302,South Gondar,ET03,Amhara,ET,2024,8,26,ETH,ET030206,13.0,13.0
ET030206,Tach Gayint,ET0302,South Gondar,ET03,Amhara,ET,2024,9,0,ETH,ET030206,0.0,0.0
ET030206,Tach Gayint,ET0302,South Gondar,ET03,Amhara,ET,2024,10,0,ETH,ET030206,0.0,0.0
ET030206,Tach Gayint,ET0302,South Gondar,ET03,Amhara,ET,2025,1,2,ETH,ET030206,1.0,1.0
ET030206,Tach Gayint,ET0302,South Gondar,ET03,Amhara,ET,2025,2,1,ETH,ET030206,0.5,0.5
ET030206,Tach Gayint,ET0302,South Gondar,ET03,Amhara,ET,2025,3,0,ETH,ET030206,0.0,0.0
ET030206,Tach Gayint,ET0302,South Gondar,ET03,Amhara,ET,2025,7,10,ETH,ET030206,5.0,5.0
ET030206,Tach Gayint,ET0302,South Gondar,ET03,Amhara,ET,2025,8,13,ETH,ET030206,6.5,6.5
ET030207,Semada,ET0302,South Gondar,ET03,Amhara,ET,2025,8,3,ETH,ET030207,1.5,1.5
ET030207,Semada,ET0302,South Gondar,ET03,Amhara,ET,2025,9,3,ETH,ET030207,1.5,1.5
ET030208,East Esite,ET0302,South Gondar,ET03,Amhara,ET,2023,12,0,ETH,ET030208,0.0,0.0
ET030208,East Esite,ET0302,South Gondar,ET03,Amhara,ET,2024,4,16,ETH,ET030208,8.0,8.0
ET030208,East Esite,ET0302,South Gondar,ET03,Amhara,ET,2024,5,0,ETH,ET030208,0.0,0.0
ET030208,East Esite,ET0302,South Gondar,ET03,Amhara,ET,2024,6,0,ETH,ET030208,0.0,0.0
ET030208,East Esite,ET0302,South Gondar,ET03,Amhara,ET,2024,7,6,ETH,ET030208,3.0,3.0
ET030208,East Esite,ET0302,South Gondar,ET03,Amhara,ET,2024,9,0,ETH,ET030208,0.0,0.0
ET030208,East Esite,ET0302,South Gondar,ET03,Amhara,ET,2024,11,10,ETH,ET030208,5.0,5.0
ET030208,East Esite,ET0302,South Gondar,ET03,Amhara,ET,2024,12,0,ETH,ET030208,0.0,0.0
ET030208,East Esite,ET0302,South Gondar,ET03,Amhara,ET,2025,4,25,ETH,ET030208,12.5,12.5
ET030208,East Esite,ET0302,South Gondar,ET03,Amhara,ET,2025,6,2,ETH,ET030208,1.0,1.0
ET030208,East Esite,ET0302,South Gondar,ET03,Amhara,ET,2025,8,3,ETH,ET030208,1.5,1.5
ET030209,Dera (AM),ET0302,South Gondar,ET03,Amhara,ET,2012,12,8,ETH,ET030209,4.0,4.0
ET030209,Dera (AM),ET0302,South Gondar,ET03,Amhara,ET,2019,3,0,ETH,ET030209,0.0,0.0
ET030209,Dera (AM),ET0302,South Gondar,ET03,Amhara,ET,2023,12,0,ETH,ET030209,0.0,0.0
ET030209,Dera (AM),ET0302,South Gondar,ET03,Amhara,ET,2024,3,13,ETH,ET030209,6.5,6.5
ET030209,Dera (AM),ET0302,South Gondar,ET03,Amhara,ET,2024,4,10,ETH,ET030209,5.0,5.0
ET030209,Dera (AM),ET0302,South Gondar,ET03,Amhara,ET,2024,5,13,ETH,ET030209,6.5,6.5
ET030209,Dera (AM),ET0302,South Gondar,ET03,Amhara,ET,2024,6,0,ETH,ET030209,0.0,0.0
ET030209,Dera (AM),ET0302,South Gondar,ET03,Amhara,ET,2024,8,0,ETH,ET030209,0.0,0.0
ET030209,Dera (AM),ET0302,South Gondar,ET03,Amhara,ET,2024,11,5,ETH,ET030209,2.5,2.5
ET030209,Dera (AM),ET0302,South Gondar,ET03,Amhara,ET,2025,1,2,ETH,ET030209,1.0,1.0
ET030209,Dera (AM),ET0302,South Gondar,ET03,Amhara,ET,2025,3,6,ETH,ET030209,3.0,3.0
ET030209,Dera (AM),ET0302,South Gondar,ET03,Amhara,ET,2025,7,0,ETH,ET030209,0.0,0.0
ET030209,Dera (AM),ET0302,South Gondar,ET03,Amhara,ET,2025,8,1,ETH,ET030209,0.5,0.5
ET030210,Debre Tabor town,ET0302,South Gondar,ET03,Amhara,ET,2004,2,0,ETH,ET030210,0.0,0.0
ET030210,Debre Tabor town,ET0302,South Gondar,ET03,Amhara,ET,2016,1,0,ETH,ET030210,0.0,0.0
ET030210,Debre Tabor town,ET0302,South Gondar,ET03,Amhara,ET,2017,3,2,ETH,ET030210,1.0,1.0
ET030210,Debre Tabor town,ET0302,South Gondar,ET03,Amhara,ET,2017,12,2,ETH,ET030210,1.0,1.0
ET030210,Debre Tabor town,ET0302,South Gondar,ET03,Amhara,ET,2018,10,0,ETH,ET030210,0.0,0.0
ET030210,Debre Tabor town,ET0302,South Gondar,ET03,Amhara,ET,2019,9,0,ETH,ET030210,0.0,0.0
ET030210,Debre Tabor town,ET0302,South Gondar,ET03,Amhara,ET,2020,2,0,ETH,ET030210,0.0,0.0
ET030210,Debre Tabor town,ET0302,South Gondar,ET03,Amhara,ET,2021,4,0,ETH,ET030210,0.0,0.0
ET030210,Debre Tabor town,ET0302,South Gondar,ET03,Amhara,ET,2021,8,6,ETH,ET030210,3.0,3.0
ET030210,Debre Tabor town,ET0302,South Gondar,ET03,Amhara,ET,2022,10,1,ETH,ET030210,0.5,0.5
ET030210,Debre Tabor town,ET0302,South Gondar,ET03,Amhara,ET,2023,4,0,ETH,ET030210,0.0,0.0
ET030210,Debre Tabor town,ET0302,South Gondar,ET03,Amhara,ET,2023,8,16,ETH,ET030210,8.0,8.0
ET030210,Debre Tabor town,ET0302,South Gondar,ET03,Amhara,ET,2023,11,3,ETH,ET030210,1.5,1.5
ET030210,Debre Tabor town,ET0302,South Gondar,ET03,Amhara,ET,2023,12,0,ETH,ET030210,0.0,0.0
ET030210,Debre Tabor town,ET0302,South Gondar,ET03,Amhara,ET,2024,1,0,ETH,ET030210,0.0,0.0
ET030210,Debre Tabor town,ET0302,South Gondar,ET03,Amhara,ET,2024,2,0,ETH,ET030210,0.0,0.0
ET030210,Debre Tabor town,ET0302,South Gondar,ET03,Amhara,ET,2024,3,0,ETH,ET030210,0.0,0.0
ET030210,Debre Tabor town,ET0302,South Gondar,ET03,Amhara,ET,2024,4,1,ETH,ET030210,0.5,0.5
ET030210,Debre Tabor town,ET0302,South Gondar,ET03,Amhara,ET,2024,5,10,ETH,ET030210,5.0,5.0
ET030210,Debre Tabor town,ET0302,South Gondar,ET03,Amhara,ET,2024,6,1,ETH,ET030210,0.5,0.5
ET030210,Debre Tabor town,ET0302,South Gondar,ET03,Amhara,ET,2024,8,2,ETH,ET030210,1.0,1.0
ET030210,Debre Tabor town,ET0302,South Gondar,ET03,Amhara,ET,2024,10,3,ETH,ET030210,1.5,1.5
ET030210,Debre Tabor town,ET0302,South Gondar,ET03,Amhara,ET,2024,12,3,ETH,ET030210,1.5,1.5
ET030210,Debre Tabor town,ET0302,South Gondar,ET03,Amhara,ET,2025,3,17,ETH,ET030210,8.5,8.5
ET030210,Debre Tabor town,ET0302,South Gondar,ET03,Amhara,ET,2025,5,0,ETH,ET030210,0.0,0.0
ET030210,Debre Tabor town,ET0302,South Gondar,ET03,Amhara,ET,2025,6,1,ETH,ET030210,0.5,0.5
ET030210,Debre Tabor town,ET0302,South Gondar,ET03,Amhara,ET,2025,9,1,ETH,ET030210,0.5,0.5
ET030211,Andabet/ West Esite,ET0302,South Gondar,ET03,Amhara,ET,2024,2,50,ETH,ET030211,25.0,25.0
ET030211,Andabet/ West Esite,ET0302,South Gondar,ET03,Amhara,ET,2024,8,0,ETH,ET030211,0.0,0.0
ET030211,Andabet/ West Esite,ET0302,South Gondar,ET03,Amhara,ET,2024,11,3,ETH,ET030211,1.5,1.5
ET030211,Andabet/ West Esite,ET0302,South Gondar,ET03,Amhara,ET,2024,12,6,ETH,ET030211,3.0,3.0
ET030211,Andabet/ West Esite,ET0302,South Gondar,ET03,Amhara,ET,2025,3,9,ETH,ET030211,4.5,4.5
ET030211,Andabet/ West Esite,ET0302,South Gondar,ET03,Amhara,ET,2025,7,10,ETH,ET030211,5.0,5.0
ET030212,Guna Begemider,ET0302,South Gondar,ET03,Amhara,ET,2013,1,20,ETH,ET030212,10.0,10.0
ET030212,Guna Begemider,ET0302,South Gondar,ET03,Amhara,ET,2021,8,40,ETH,ET030212,20.0,20.0
ET030212,Guna Begemider,ET0302,South Gondar,ET03,Amhara,ET,2024,1,3,ETH,ET030212,1.5,1.5
ET030212,Guna Begemider,ET0302,South Gondar,ET03,Amhara,ET,2024,7,3,ETH,ET030212,1.5,1.5
ET030212,Guna Begemider,ET0302,South Gondar,ET03,Amhara,ET,2024,8,3,ETH,ET030212,1.5,1.5
ET030212,Guna Begemider,ET0302,South Gondar,ET03,Amhara,ET,2024,10,4,ETH,ET030212,2.0,2.0
ET030212,Guna Begemider,ET0302,South Gondar,ET03,Amhara,ET,2024,12,0,ETH,ET030212,0.0,0.0
ET030212,Guna Begemider,ET0302,South Gondar,ET03,Amhara,ET,2025,1,3,ETH,ET030212,1.5,1.5
ET030212,Guna Begemider,ET0302,South Gondar,ET03,Amhara,ET,2025,7,3,ETH,ET030212,1.5,1.5
ET030212,Guna Begemider,ET0302,South Gondar,ET03,Amhara,ET,2025,8,13,ETH,ET030212,6.5,6.5
ET030212,Guna Begemider,ET0302,South Gondar,ET03,Amhara,ET,2025,9,13,ETH,ET030212,6.5,6.5
ET030213,Mena Meketewa,ET0302,South Gondar,ET03,Amhara,ET,2019,10,1,ETH,ET030213,0.5,0.5
ET030213,Mena Meketewa,ET0302,South Gondar,ET03,Amhara,ET,2024,12,6,ETH,ET030213,3.0,3.0
ET030213,Mena Meketewa,ET0302,South Gondar,ET03,Amhara,ET,2025,1,0,ETH,ET030213,0.0,0.0
ET030213,Mena Meketewa,ET0302,South Gondar,ET03,Amhara,ET,2025,3,11,ETH,ET030213,5.5,5.5
ET030214,Sede Muja,ET0302,South Gondar,ET03,Amhara,ET,2002,8,8,ETH,ET030214,4.0,4.0
ET030214,Sede Muja,ET0302,South Gondar,ET03,Amhara,ET,2024,5,23,ETH,ET030214,11.5,11.5
ET030214,Sede Muja,ET0302,South Gondar,ET03,Amhara,ET,2024,12,1,ETH,ET030214,0.5,0.5
ET030214,Sede Muja,ET0302,South Gondar,ET03,Amhara,ET,2025,3,0,ETH,ET030214,0.0,0.0
ET030215,Nefas Mewicha town,ET0302,South Gondar,ET03,Amhara,ET,2019,9,0,ETH,ET030215,0.0,0.0
ET030215,Nefas Mewicha town,ET0302,South Gondar,ET03,Amhara,ET,2021,4,0,ETH,ET030215,0.0,0.0
ET030215,Nefas Mewicha town,ET0302,South Gondar,ET03,Amhara,ET,2021,8,40,ETH,ET030215,20.0,20.0
ET030215,Nefas Mewicha town,ET0302,South Gondar,ET03,Amhara,ET,2022,2,16,ETH,ET030215,8.0,8.0
ET030215,Nefas Mewicha town,ET0302,South Gondar,ET03,Amhara,ET,2022,10,0,ETH,ET030215,0.0,0.0
ET030215,Nefas Mewicha town,ET0302,South Gondar,ET03,Amhara,ET,2024,3,1,ETH,ET030215,0.5,0.5
ET030215,Nefas Mewicha town,ET0302,South Gondar,ET03,Amhara,ET,2024,5,10,ETH,ET030215,5.0,5.0
ET030215,Nefas Mewicha town,ET0302,South Gondar,ET03,Amhara,ET,2024,6,1,ETH,ET030215,0.5,0.5
ET030215,Nefas Mewicha town,ET0302,South Gondar,ET03,Amhara,ET,2024,7,0,ETH,ET030215,0.0,0.0
ET030215,Nefas Mewicha town,ET0302,South Gondar,ET03,Amhara,ET,2024,8,7,ETH,ET030215,3.5,3.5
ET030216,Wegeda town,ET0302,South Gondar,ET03,Amhara,ET,2024,4,10,ETH,ET030216,5.0,5.0
ET030216,Wegeda town,ET0302,South Gondar,ET03,Amhara,ET,2024,5,0,ETH,ET030216,0.0,0.0
ET030216,Wegeda town,ET0302,South Gondar,ET03,Amhara,ET,2024,7,3,ETH,ET030216,1.5,1.5
ET030216,Wegeda town,ET0302,South Gondar,ET03,Amhara,ET,2024,9,0,ETH,ET030216,0.0,0.0
ET030216,Wegeda town,ET0302,South Gondar,ET03,Amhara,ET,2025,3,0,ETH,ET030216,0.0,0.0
ET030216,Wegeda town,ET0302,South Gondar,ET03,Amhara,ET,2025,8,30,ETH,ET030216,15.0,15.0
ET030218,Hamusit town,ET0302,South Gondar,ET03,Amhara,ET,2021,10,1,ETH,ET030218,0.5,0.5
ET030218,Hamusit town,ET0302,South Gondar,ET03,Amhara,ET,2021,12,4,ETH,ET030218,2.0,2.0
ET030218,Hamusit town,ET0302,South Gondar,ET03,Amhara,ET,2024,7,11,ETH,ET030218,5.5,5.5
ET030218,Hamusit town,ET0302,South Gondar,ET03,Amhara,ET,2024,11,3,ETH,ET030218,1.5,1.5
ET030218,Hamusit town,ET0302,South Gondar,ET03,Amhara,ET,2025,7,12,ETH,ET030218,6.0,6.0
ET030293,Woreta town,ET0302,South Gondar,ET03,Amhara,ET,2018,7,0,ETH,ET030293,0.0,0.0
ET030293,Woreta town,ET0302,South Gondar,ET03,Amhara,ET,2018,12,0,ETH,ET030293,0.0,0.0
ET030293,Woreta town,ET0302,South Gondar,ET03,Amhara,ET,2022,10,0,ETH,ET030293,0.0,0.0
ET030293,Woreta town,ET0302,South Gondar,ET03,Amhara,ET,2023,4,0,ETH,ET030293,0.0,0.0
ET030293,Woreta town,ET0302,South Gondar,ET03,Amhara,ET,2023,8,0,ETH,ET030293,0.0,0.0
ET030293,Woreta town,ET0302,South Gondar,ET03,Amhara,ET,2024,11,1,ETH,ET030293,0.5,0.5
ET030293,Woreta town,ET0302,South Gondar,ET03,Amhara,ET,2025,3,3,ETH,ET030293,1.5,1.5
ET030293,Woreta town,ET0302,South Gondar,ET03,Amhara,ET,2025,4,1,ETH,ET030293,0.5,0.5
ET030298,Mekan Eyesuse,ET0302,South Gondar,ET03,Amhara,ET,2019,9,0,ETH,ET030298,0.0,0.0
ET030298,Mekan Eyesuse,ET0302,South Gondar,ET03,Amhara,ET,2022,10,0,ETH,ET030298,0.0,0.0
ET030298,Mekan Eyesuse,ET0302,South Gondar,ET03,Amhara,ET,2023,8,11,ETH,ET030298,5.5,5.5
ET030298,Mekan Eyesuse,ET0302,South Gondar,ET03,Amhara,ET,2023,9,5,ETH,ET030298,2.5,2.5
ET030298,Mekan Eyesuse,ET0302,South Gondar,ET03,Amhara,ET,2025,7,0,ETH,ET030298,0.0,0.0
ET030298,Mekan Eyesuse,ET0302,South Gondar,ET03,Amhara,ET,2025,9,13,ETH,ET030298,6.5,6.5
ET030301,Bugna,ET0303,North Wello,ET03,Amhara,ET,2023,11,10,ETH,ET030301,5.0,5.0
ET030301,Bugna,ET0303,North Wello,ET03,Amhara,ET,2023,12,0,ETH,ET030301,0.0,0.0
ET030301,Bugna,ET0303,North Wello,ET03,Amhara,ET,2024,1,0,ETH,ET030301,0.0,0.0
ET030302,Raya Kobo,ET0303,North Wello,ET03,Amhara,ET,2004,7,0,ETH,ET030302,0.0,0.0
ET030302,Raya Kobo,ET0303,North Wello,ET03,Amhara,ET,2021,7,3,ETH,ET030302,1.5,1.5
ET030302,Raya Kobo,ET0303,North Wello,ET03,Amhara,ET,2021,8,20,ETH,ET030302,10.0,10.0
ET030302,Raya Kobo,ET0303,North Wello,ET03,Amhara,ET,2021,9,17,ETH,ET030302,8.5,8.5
ET030302,Raya Kobo,ET0303,North Wello,ET03,Amhara,ET,2021,12,0,ETH,ET030302,0.0,0.0
ET030302,Raya Kobo,ET0303,North Wello,ET03,Amhara,ET,2022,1,0,ETH,ET030302,0.0,0.0
ET030302,Raya Kobo,ET0303,North Wello,ET03,Amhara,ET,2022,2,0,ETH,ET030302,0.0,0.0
ET030302,Raya Kobo,ET0303,North Wello,ET03,Amhara,ET,2022,4,0,ETH,ET030302,0.0,0.0
ET030302,Raya Kobo,ET0303,North Wello,ET03,Amhara,ET,2022,6,3,ETH,ET030302,1.5,1.5
ET030302,Raya Kobo,ET0303,North Wello,ET03,Amhara,ET,2022,8,10,ETH,ET030302,5.0,5.0
ET030302,Raya Kobo,ET0303,North Wello,ET03,Amhara,ET,2022,9,54,ETH,ET030302,27.0,27.0
ET030302,Raya Kobo,ET0303,North Wello,ET03,Amhara,ET,2022,10,13,ETH,ET030302,6.5,6.5
ET030302,Raya Kobo,ET0303,North Wello,ET03,Amhara,ET,2023,4,0,ETH,ET030302,0.0,0.0
ET030302,Raya Kobo,ET0303,North Wello,ET03,Amhara,ET,2023,7,1,ETH,ET030302,0.5,0.5
ET030302,Raya Kobo,ET0303,North Wello,ET03,Amhara,ET,2023,9,0,ETH,ET030302,0.0,0.0
ET030302,Raya Kobo,ET0303,North Wello,ET03,Amhara,ET,2023,10,18,ETH,ET030302,9.0,9.0
ET030302,Raya Kobo,ET0303,North Wello,ET03,Amhara,ET,2023,11,13,ETH,ET030302,6.5,6.5
ET030302,Raya Kobo,ET0303,North Wello,ET03,Amhara,ET,2023,12,0,ETH,ET030302,0.0,0.0
ET030302,Raya Kobo,ET0303,North Wello,ET03,Amhara,ET,2024,1,0,ETH,ET030302,0.0,0.0
ET030302,Raya Kobo,ET0303,North Wello,ET03,Amhara,ET,2024,2,27,ETH,ET030302,13.5,13.5
ET030302,Raya Kobo,ET0303,North Wello,ET03,Amhara,ET,2024,3,0,ETH,ET030302,0.0,0.0
ET030302,Raya Kobo,ET0303,North Wello,ET03,Amhara,ET,2024,4,3,ETH,ET030302,1.5,1.5
ET030302,Raya Kobo,ET0303,North Wello,ET03,Amhara,ET,2024,5,3,ETH,ET030302,1.5,1.5
ET030302,Raya Kobo,ET0303,North Wello,ET03,Amhara,ET,2024,6,4,ETH,ET030302,2.0,2.0
ET030302,Raya Kobo,ET0303,North Wello,ET03,Amhara,ET,2024,7,11,ETH,ET030302,5.5,5.5
ET030302,Raya Kobo,ET0303,North Wello,ET03,Amhara,ET,2024,8,4,ETH,ET030302,2.0,2.0
ET030302,Raya Kobo,ET0303,North Wello,ET03,Amhara,ET,2024,9,3,ETH,ET030302,1.5,1.5
ET030302,Raya Kobo,ET0303,North Wello,ET03,Amhara,ET,2024,10,3,ETH,ET030302,1.5,1.5
ET030302,Raya Kobo,ET0303,North Wello,ET03,Amhara,ET,2024,11,13,ETH,ET030302,6.5,6.5
ET030302,Raya Kobo,ET0303,North Wello,ET03,Amhara,ET,2024,12,3,ETH,ET030302,1.5,1.5
ET030302,Raya Kobo,ET0303,North Wello,ET03,Amhara,ET,2025,1,7,ETH,ET030302,3.5,3.5
ET030302,Raya Kobo,ET0303,North Wello,ET03,Amhara,ET,2025,5,6,ETH,ET030302,3.0,3.0
ET030302,Raya Kobo,ET0303,North Wello,ET03,Amhara,ET,2025,6,4,ETH,ET030302,2.0,2.0
ET030302,Raya Kobo,ET0303,North Wello,ET03,Amhara,ET,2025,7,6,ETH,ET030302,3.0,3.0
ET030302,Raya Kobo,ET0303,North Wello,ET03,Amhara,ET,2025,8,2,ETH,ET030302,1.0,1.0
ET030302,Raya Kobo,ET0303,North Wello,ET03,Amhara,ET,2025,9,4,ETH,ET030302,2.0,2.0
ET030303,Gidan,ET0303,North Wello,ET03,Amhara,ET,2021,8,0,ETH,ET030303,0.0,0.0
ET030303,Gidan,ET0303,North Wello,ET03,Amhara,ET,2021,11,0,ETH,ET030303,0.0,0.0
ET030303,Gidan,ET0303,North Wello,ET03,Amhara,ET,2022,6,0,ETH,ET030303,0.0,0.0
ET030303,Gidan,ET0303,North Wello,ET03,Amhara,ET,2022,8,0,ETH,ET030303,0.0,0.0
ET030303,Gidan,ET0303,North Wello,ET03,Amhara,ET,2022,9,10,ETH,ET030303,5.0,5.0
ET030303,Gidan,ET0303,North Wello,ET03,Amhara,ET,2022,10,0,ETH,ET030303,0.0,0.0
ET030303,Gidan,ET0303,North Wello,ET03,Amhara,ET,2023,6,3,ETH,ET030303,1.5,1.5
ET030303,Gidan,ET0303,North Wello,ET03,Amhara,ET,2024,1,0,ETH,ET030303,0.0,0.0
ET030303,Gidan,ET0303,North Wello,ET03,Amhara,ET,2024,4,3,ETH,ET030303,1.5,1.5
ET030303,Gidan,ET0303,North Wello,ET03,Amhara,ET,2024,7,0,ETH,ET030303,0.0,0.0
ET030303,Gidan,ET0303,North Wello,ET03,Amhara,ET,2024,11,0,ETH,ET030303,0.0,0.0
ET030303,Gidan,ET0303,North Wello,ET03,Amhara,ET,2024,12,4,ETH,ET030303,2.0,2.0
ET030303,Gidan,ET0303,North Wello,ET03,Amhara,ET,2025,3,0,ETH,ET030303,0.0,0.0
ET030303,Gidan,ET0303,North Wello,ET03,Amhara,ET,2025,4,0,ETH,ET030303,0.0,0.0
ET030303,Gidan,ET0303,North Wello,ET03,Amhara,ET,2025,6,5,ETH,ET030303,2.5,2.5
ET030303,Gidan,ET0303,North Wello,ET03,Amhara,ET,2025,9,131,ETH,ET030303,65.5,65.5
ET030304,Meket,ET0303,North Wello,ET03,Amhara,ET,2010,7,16,ETH,ET030304,8.0,8.0
ET030304,Meket,ET0303,North Wello,ET03,Amhara,ET,2021,8,71,ETH,ET030304,35.5,35.5
ET030304,Meket,ET0303,North Wello,ET03,Amhara,ET,2021,9,55,ETH,ET030304,27.5,27.5
ET030304,Meket,ET0303,North Wello,ET03,Amhara,ET,2021,10,0,ETH,ET030304,0.0,0.0
ET030304,Meket,ET0303,North Wello,ET03,Amhara,ET,2021,12,10,ETH,ET030304,5.0,5.0
ET030304,Meket,ET0303,North Wello,ET03,Amhara,ET,2023,7,6,ETH,ET030304,3.0,3.0
ET030304,Meket,ET0303,North Wello,ET03,Amhara,ET,2024,5,3,ETH,ET030304,1.5,1.5
ET030304,Meket,ET0303,North Wello,ET03,Amhara,ET,2025,4,4,ETH,ET030304,2.0,2.0
ET030304,Meket,ET0303,North Wello,ET03,Amhara,ET,2025,6,0,ETH,ET030304,0.0,0.0
ET030304,Meket,ET0303,North Wello,ET03,Amhara,ET,2025,9,3,ETH,ET030304,1.5,1.5
ET030305,Wadla,ET0303,North Wello,ET03,Amhara,ET,2019,9,0,ETH,ET030305,0.0,0.0
ET030305,Wadla,ET0303,North Wello,ET03,Amhara,ET,2021,4,0,ETH,ET030305,0.0,0.0
ET030305,Wadla,ET0303,North Wello,ET03,Amhara,ET,2021,7,0,ETH,ET030305,0.0,0.0
ET030305,Wadla,ET0303,North Wello,ET03,Amhara,ET,2021,8,2,ETH,ET030305,1.0,1.0
ET030305,Wadla,ET0303,North Wello,ET03,Amhara,ET,2021,9,22,ETH,ET030305,11.0,11.0
ET030305,Wadla,ET0303,North Wello,ET03,Amhara,ET,2021,10,32,ETH,ET030305,16.0,16.0
ET030305,Wadla,ET0303,North Wello,ET03,Amhara,ET,2021,11,1,ETH,ET030305,0.5,0.5
ET030305,Wadla,ET0303,North Wello,ET03,Amhara,ET,2023,9,0,ETH,ET030305,0.0,0.0
ET030305,Wadla,ET0303,North Wello,ET03,Amhara,ET,2024,5,0,ETH,ET030305,0.0,0.0
ET030305,Wadla,ET0303,North Wello,ET03,Amhara,ET,2024,6,13,ETH,ET030305,6.5,6.5
ET030305,Wadla,ET0303,North Wello,ET03,Amhara,ET,2024,11,1,ETH,ET030305,0.5,0.5
ET030305,Wadla,ET0303,North Wello,ET03,Amhara,ET,2025,2,0,ETH,ET030305,0.0,0.0
ET030305,Wadla,ET0303,North Wello,ET03,Amhara,ET,2025,3,0,ETH,ET030305,0.0,0.0
ET030305,Wadla,ET0303,North Wello,ET03,Amhara,ET,2025,4,3,ETH,ET030305,1.5,1.5
ET030305,Wadla,ET0303,North Wello,ET03,Amhara,ET,2025,6,7,ETH,ET030305,3.5,3.5
ET030305,Wadla,ET0303,North Wello,ET03,Amhara,ET,2025,8,3,ETH,ET030305,1.5,1.5
ET030305,Wadla,ET0303,North Wello,ET03,Amhara,ET,2025,9,26,ETH,ET030305,13.0,13.0
ET030307,Guba Lafto,ET0303,North Wello,ET03,Amhara,ET,1999,8,25,ETH,ET030307,12.5,12.5
ET030307,Guba Lafto,ET0303,North Wello,ET03,Amhara,ET,2000,10,21,ETH,ET030307,10.5,10.5
ET030307,Guba Lafto,ET0303,North Wello,ET03,Amhara,ET,2000,11,41,ETH,ET030307,20.5,20.5
ET030307,Guba Lafto,ET0303,North Wello,ET03,Amhara,ET,2001,3,0,ETH,ET030307,0.0,0.0
ET030307,Guba Lafto,ET0303,North Wello,ET03,Amhara,ET,2002,3,0,ETH,ET030307,0.0,0.0
ET030307,Guba Lafto,ET0303,North Wello,ET03,Amhara,ET,2002,4,108,ETH,ET030307,54.0,54.0
ET030307,Guba Lafto,ET0303,North Wello,ET03,Amhara,ET,2002,6,300,ETH,ET030307,150.0,150.0
ET030307,Guba Lafto,ET0303,North Wello,ET03,Amhara,ET,2006,1,11,ETH,ET030307,5.5,5.5
ET030307,Guba Lafto,ET0303,North Wello,ET03,Amhara,ET,2006,5,150,ETH,ET030307,75.0,75.0
ET030307,Guba Lafto,ET0303,North Wello,ET03,Amhara,ET,2006,6,41,ETH,ET030307,20.5,20.5
ET030307,Guba Lafto,ET0303,North Wello,ET03,Amhara,ET,2008,2,90,ETH,ET030307,45.0,45.0
ET030307,Guba Lafto,ET0303,North Wello,ET03,Amhara,ET,2008,3,1,ETH,ET030307,0.5,0.5
ET030307,Guba Lafto,ET0303,North Wello,ET03,Amhara,ET,2008,5,365,ETH,ET030307,182.5,182.5
ET030307,Guba Lafto,ET0303,North Wello,ET03,Amhara,ET,2008,8,0,ETH,ET030307,0.0,0.0
ET030307,Guba Lafto,ET0303,North Wello,ET03,Amhara,ET,2008,9,0,ETH,ET030307,0.0,0.0
ET030307,Guba Lafto,ET0303,North Wello,ET03,Amhara,ET,2008,10,15,ETH,ET030307,7.5,7.5
ET030307,Guba Lafto,ET0303,North Wello,ET03,Amhara,ET,2018,1,0,ETH,ET030307,0.0,0.0
ET030307,Guba Lafto,ET0303,North Wello,ET03,Amhara,ET,2018,6,0,ETH,ET030307,0.0,0.0
ET030307,Guba Lafto,ET0303,North Wello,ET03,Amhara,ET,2019,4,0,ETH,ET030307,0.0,0.0
ET030307,Guba Lafto,ET0303,North Wello,ET03,Amhara,ET,2021,8,53,ETH,ET030307,26.5,26.5
ET030307,Guba Lafto,ET0303,North Wello,ET03,Amhara,ET,2021,9,3,ETH,ET030307,1.5,1.5
ET030307,Guba Lafto,ET0303,North Wello,ET03,Amhara,ET,2021,10,0,ETH,ET030307,0.0,0.0
ET030307,Guba Lafto,ET0303,North Wello,ET03,Amhara,ET,2022,4,0,ETH,ET030307,0.0,0.0
ET030307,Guba Lafto,ET0303,North Wello,ET03,Amhara,ET,2022,8,10,ETH,ET030307,5.0,5.0
ET030307,Guba Lafto,ET0303,North Wello,ET03,Amhara,ET,2022,9,21,ETH,ET030307,10.5,10.5
ET030307,Guba Lafto,ET0303,North Wello,ET03,Amhara,ET,2022,10,10,ETH,ET030307,5.0,5.0
ET030307,Guba Lafto,ET0303,North Wello,ET03,Amhara,ET,2023,4,1,ETH,ET030307,0.5,0.5
ET030307,Guba Lafto,ET0303,North Wello,ET03,Amhara,ET,2023,7,1,ETH,ET030307,0.5,0.5
ET030307,Guba Lafto,ET0303,North Wello,ET03,Amhara,ET,2023,9,0,ETH,ET030307,0.0,0.0
ET030307,Guba Lafto,ET0303,North Wello,ET03,Amhara,ET,2023,10,7,ETH,ET030307,3.5,3.5
ET030307,Guba Lafto,ET0303,North Wello,ET03,Amhara,ET,2023,11,13,ETH,ET030307,6.5,6.5
ET030307,Guba Lafto,ET0303,North Wello,ET03,Amhara,ET,2024,1,0,ETH,ET030307,0.0,0.0
ET030307,Guba Lafto,ET0303,North Wello,ET03,Amhara,ET,2024,2,10,ETH,ET030307,5.0,5.0
ET030307,Guba Lafto,ET0303,North Wello,ET03,Amhara,ET,2024,4,3,ETH,ET030307,1.5,1.5
ET030307,Guba Lafto,ET0303,North Wello,ET03,Amhara,ET,2024,5,0,ETH,ET030307,0.0,0.0
ET030307,Guba Lafto,ET0303,North Wello,ET03,Amhara,ET,2024,7,15,ETH,ET030307,7.5,7.5
ET030307,Guba Lafto,ET0303,North Wello,ET03,Amhara,ET,2024,8,3,ETH,ET030307,1.5,1.5
ET030307,Guba Lafto,ET0303,North Wello,ET03,Amhara,ET,2024,9,0,ETH,ET030307,0.0,0.0
ET030307,Guba Lafto,ET0303,North Wello,ET03,Amhara,ET,2025,3,9,ETH,ET030307,4.5,4.5
ET030307,Guba Lafto,ET0303,North Wello,ET03,Amhara,ET,2025,4,10,ETH,ET030307,5.0,5.0
ET030307,Guba Lafto,ET0303,North Wello,ET03,Amhara,ET,2025,6,0,ETH,ET030307,0.0,0.0
ET030307,Guba Lafto,ET0303,North Wello,ET03,Amhara,ET,2025,7,4,ETH,ET030307,2.0,2.0
ET030307,Guba Lafto,ET0303,North Wello,ET03,Amhara,ET,2025,8,1,ETH,ET030307,0.5,0.5
ET030307,Guba Lafto,ET0303,North Wello,ET03,Amhara,ET,2025,9,3,ETH,ET030307,1.5,1.5
ET030308,Habru,ET0303,North Wello,ET03,Amhara,ET,2012,7,0,ETH,ET030308,0.0,0.0
ET030308,Habru,ET0303,North Wello,ET03,Amhara,ET,2017,7,7,ETH,ET030308,3.5,3.5
ET030308,Habru,ET0303,North Wello,ET03,Amhara,ET,2017,12,0,ETH,ET030308,0.0,0.0
ET030308,Habru,ET0303,North Wello,ET03,Amhara,ET,2018,2,0,ETH,ET030308,0.0,0.0
ET030308,Habru,ET0303,North Wello,ET03,Amhara,ET,2018,9,1,ETH,ET030308,0.5,0.5
ET030308,Habru,ET0303,North Wello,ET03,Amhara,ET,2018,10,0,ETH,ET030308,0.0,0.0
ET030308,Habru,ET0303,North Wello,ET03,Amhara,ET,2021,8,28,ETH,ET030308,14.0,14.0
ET030308,Habru,ET0303,North Wello,ET03,Amhara,ET,2021,9,85,ETH,ET030308,42.5,42.5
ET030308,Habru,ET0303,North Wello,ET03,Amhara,ET,2021,10,31,ETH,ET030308,15.5,15.5
ET030308,Habru,ET0303,North Wello,ET03,Amhara,ET,2021,11,50,ETH,ET030308,25.0,25.0
ET030308,Habru,ET0303,North Wello,ET03,Amhara,ET,2023,5,0,ETH,ET030308,0.0,0.0
ET030308,Habru,ET0303,North Wello,ET03,Amhara,ET,2023,10,17,ETH,ET030308,8.5,8.5
ET030308,Habru,ET0303,North Wello,ET03,Amhara,ET,2023,11,5,ETH,ET030308,2.5,2.5
ET030308,Habru,ET0303,North Wello,ET03,Amhara,ET,2023,12,0,ETH,ET030308,0.0,0.0
ET030308,Habru,ET0303,North Wello,ET03,Amhara,ET,2024,1,3,ETH,ET030308,1.5,1.5
ET030308,Habru,ET0303,North Wello,ET03,Amhara,ET,2024,2,0,ETH,ET030308,0.0,0.0
ET030308,Habru,ET0303,North Wello,ET03,Amhara,ET,2024,3,0,ETH,ET030308,0.0,0.0
ET030308,Habru,ET0303,North Wello,ET03,Amhara,ET,2024,4,2,ETH,ET030308,1.0,1.0
ET030308,Habru,ET0303,North Wello,ET03,Amhara,ET,2024,5,1,ETH,ET030308,0.5,0.5
ET030308,Habru,ET0303,North Wello,ET03,Amhara,ET,2024,6,19,ETH,ET030308,9.5,9.5
ET030308,Habru,ET0303,North Wello,ET03,Amhara,ET,2024,7,6,ETH,ET030308,3.0,3.0
ET030308,Habru,ET0303,North Wello,ET03,Amhara,ET,2024,8,0,ETH,ET030308,0.0,0.0
ET030308,Habru,ET0303,North Wello,ET03,Amhara,ET,2024,9,0,ETH,ET030308,0.0,0.0
ET030308,Habru,ET0303,North Wello,ET03,Amhara,ET,2025,3,9,ETH,ET030308,4.5,4.5
ET030308,Habru,ET0303,North Wello,ET03,Amhara,ET,2025,4,0,ETH,ET030308,0.0,0.0
ET030308,Habru,ET0303,North Wello,ET03,Amhara,ET,2025,6,10,ETH,ET030308,5.0,5.0
ET030308,Habru,ET0303,North Wello,ET03,Amhara,ET,2025,7,3,ETH,ET030308,1.5,1.5
ET030308,Habru,ET0303,North Wello,ET03,Amhara,ET,2025,9,40,ETH,ET030308,20.0,20.0
ET030309,Woldiya town,ET0303,North Wello,ET03,Amhara,ET,2016,12,0,ETH,ET030309,0.0,0.0
ET030309,Woldiya town,ET0303,North Wello,ET03,Amhara,ET,2017,12,0,ETH,ET030309,0.0,0.0
ET030309,Woldiya town,ET0303,North Wello,ET03,Amhara,ET,2018,1,39,ETH,ET030309,19.5,19.5
ET030309,Woldiya town,ET0303,North Wello,ET03,Amhara,ET,2018,2,0,ETH,ET030309,0.0,0.0
ET030309,Woldiya town,ET0303,North Wello,ET03,Amhara,ET,2018,7,0,ETH,ET030309,0.0,0.0
ET030309,Woldiya town,ET0303,North Wello,ET03,Amhara,ET,2018,10,0,ETH,ET030309,0.0,0.0
ET030309,Woldiya town,ET0303,North Wello,ET03,Amhara,ET,2019,5,0,ETH,ET030309,0.0,0.0
ET030309,Woldiya town,ET0303,North Wello,ET03,Amhara,ET,2019,11,2,ETH,ET030309,1.0,1.0
ET030309,Woldiya town,ET0303,North Wello,ET03,Amhara,ET,2019,12,1,ETH,ET030309,0.5,0.5
ET030309,Woldiya town,ET0303,North Wello,ET03,Amhara,ET,2020,1,0,ETH,ET030309,0.0,0.0
ET030309,Woldiya town,ET0303,North Wello,ET03,Amhara,ET,2021,4,0,ETH,ET030309,0.0,0.0
ET030309,Woldiya town,ET0303,North Wello,ET03,Amhara,ET,2021,7,0,ETH,ET030309,0.0,0.0
ET030309,Woldiya town,ET0303,North Wello,ET03,Amhara,ET,2021,8,147,ETH,ET030309,73.5,73.5
ET030309,Woldiya town,ET0303,North Wello,ET03,Amhara,ET,2021,9,1,ETH,ET030309,0.5,0.5
ET030309,Woldiya town,ET0303,North Wello,ET03,Amhara,ET,2021,10,0,ETH,ET030309,0.0,0.0
ET030309,Woldiya town,ET0303,North Wello,ET03,Amhara,ET,2021,11,0,ETH,ET030309,0.0,0.0
ET030309,Woldiya town,ET0303,North Wello,ET03,Amhara,ET,2021,12,6,ETH,ET030309,3.0,3.0
ET030309,Woldiya town,ET0303,North Wello,ET03,Amhara,ET,2022,4,2,ETH,ET030309,1.0,1.0
ET030309,Woldiya town,ET0303,North Wello,ET03,Amhara,ET,2022,8,0,ETH,ET030309,0.0,0.0
ET030309,Woldiya town,ET0303,North Wello,ET03,Amhara,ET,2022,9,0,ETH,ET030309,0.0,0.0
ET030309,Woldiya town,ET0303,North Wello,ET03,Amhara,ET,2022,10,0,ETH,ET030309,0.0,0.0
ET030309,Woldiya town,ET0303,North Wello,ET03,Amhara,ET,2023,4,0,ETH,ET030309,0.0,0.0
ET030309,Woldiya town,ET0303,North Wello,ET03,Amhara,ET,2023,5,0,ETH,ET030309,0.0,0.0
ET030309,Woldiya town,ET0303,North Wello,ET03,Amhara,ET,2023,7,7,ETH,ET030309,3.5,3.5
ET030309,Woldiya town,ET0303,North Wello,ET03,Amhara,ET,2023,8,1,ETH,ET030309,0.5,0.5
ET030309,Woldiya town,ET0303,North Wello,ET03,Amhara,ET,2023,9,1,ETH,ET030309,0.5,0.5
ET030309,Woldiya town,ET0303,North Wello,ET03,Amhara,ET,2023,10,10,ETH,ET030309,5.0,5.0
ET030309,Woldiya town,ET0303,North Wello,ET03,Amhara,ET,2023,11,2,ETH,ET030309,1.0,1.0
ET030309,Woldiya town,ET0303,North Wello,ET03,Amhara,ET,2023,12,0,ETH,ET030309,0.0,0.0
ET030309,Woldiya town,ET0303,North Wello,ET03,Amhara,ET,2024,1,5,ETH,ET030309,2.5,2.5
ET030309,Woldiya town,ET0303,North Wello,ET03,Amhara,ET,2024,2,1,ETH,ET030309,0.5,0.5
ET030309,Woldiya town,ET0303,North Wello,ET03,Amhara,ET,2024,4,0,ETH,ET030309,0.0,0.0
ET030309,Woldiya town,ET0303,North Wello,ET03,Amhara,ET,2024,5,2,ETH,ET030309,1.0,1.0
ET030309,Woldiya town,ET0303,North Wello,ET03,Amhara,ET,2024,6,11,ETH,ET030309,5.5,5.5
ET030309,Woldiya town,ET0303,North Wello,ET03,Amhara,ET,2024,7,5,ETH,ET030309,2.5,2.5
ET030309,Woldiya town,ET0303,North Wello,ET03,Amhara,ET,2024,8,14,ETH,ET030309,7.0,7.0
ET030309,Woldiya town,ET0303,North Wello,ET03,Amhara,ET,2024,9,4,ETH,ET030309,2.0,2.0
ET030309,Woldiya town,ET0303,North Wello,ET03,Amhara,ET,2024,10,10,ETH,ET030309,5.0,5.0
ET030309,Woldiya town,ET0303,North Wello,ET03,Amhara,ET,2024,12,0,ETH,ET030309,0.0,0.0
ET030309,Woldiya town,ET0303,North Wello,ET03,Amhara,ET,2025,2,0,ETH,ET030309,0.0,0.0
ET030309,Woldiya town,ET0303,North Wello,ET03,Amhara,ET,2025,3,4,ETH,ET030309,2.0,2.0
ET030309,Woldiya town,ET0303,North Wello,ET03,Amhara,ET,2025,4,13,ETH,ET030309,6.5,6.5
ET030309,Woldiya town,ET0303,North Wello,ET03,Amhara,ET,2025,5,0,ETH,ET030309,0.0,0.0
ET030309,Woldiya town,ET0303,North Wello,ET03,Amhara,ET,2025,7,3,ETH,ET030309,1.5,1.5
ET030309,Woldiya town,ET0303,North Wello,ET03,Amhara,ET,2025,9,3,ETH,ET030309,1.5,1.5
ET030310,Lasta,ET0303,North Wello,ET03,Amhara,ET,2024,12,1,ETH,ET030310,0.5,0.5
ET030310,Lasta,ET0303,North Wello,ET03,Amhara,ET,2025,1,0,ETH,ET030310,0.0,0.0
ET030310,Lasta,ET0303,North Wello,ET03,Amhara,ET,2025,4,0,ETH,ET030310,0.0,0.0
ET030310,Lasta,ET0303,North Wello,ET03,Amhara,ET,2025,7,5,ETH,ET030310,2.5,2.5
ET030310,Lasta,ET0303,North Wello,ET03,Amhara,ET,2025,9,6,ETH,ET030310,3.0,3.0
ET030311,Dawunt,ET0303,North Wello,ET03,Amhara,ET,2022,8,0,ETH,ET030311,0.0,0.0
ET030311,Dawunt,ET0303,North Wello,ET03,Amhara,ET,2023,9,0,ETH,ET030311,0.0,0.0
ET030311,Dawunt,ET0303,North Wello,ET03,Amhara,ET,2023,11,10,ETH,ET030311,5.0,5.0
ET030311,Dawunt,ET0303,North Wello,ET03,Amhara,ET,2024,5,10,ETH,ET030311,5.0,5.0
ET030311,Dawunt,ET0303,North Wello,ET03,Amhara,ET,2024,7,0,ETH,ET030311,0.0,0.0
ET030311,Dawunt,ET0303,North Wello,ET03,Amhara,ET,2024,8,1,ETH,ET030311,0.5,0.5
ET030311,Dawunt,ET0303,North Wello,ET03,Amhara,ET,2024,11,50,ETH,ET030311,25.0,25.0
ET030311,Dawunt,ET0303,North Wello,ET03,Amhara,ET,2025,3,3,ETH,ET030311,1.5,1.5
ET030311,Dawunt,ET0303,North Wello,ET03,Amhara,ET,2025,7,3,ETH,ET030311,1.5,1.5
ET030311,Dawunt,ET0303,North Wello,ET03,Amhara,ET,2025,9,3,ETH,ET030311,1.5,1.5
ET030312,Gazo,ET0303,North Wello,ET03,Amhara,ET,2024,5,0,ETH,ET030312,0.0,0.0
ET030312,Gazo,ET0303,North Wello,ET03,Amhara,ET,2025,9,0,ETH,ET030312,0.0,0.0
ET030313,Angot,ET0303,North Wello,ET03,Amhara,ET,2021,8,0,ETH,ET030313,0.0,0.0
ET030313,Angot,ET0303,North Wello,ET03,Amhara,ET,2023,11,0,ETH,ET030313,0.0,0.0
ET030313,Angot,ET0303,North Wello,ET03,Amhara,ET,2024,12,1,ETH,ET030313,0.5,0.5
ET030313,Angot,ET0303,North Wello,ET03,Amhara,ET,2025,3,8,ETH,ET030313,4.0,4.0
ET030313,Angot,ET0303,North Wello,ET03,Amhara,ET,2025,4,3,ETH,ET030313,1.5,1.5
ET030313,Angot,ET0303,North Wello,ET03,Amhara,ET,2025,5,0,ETH,ET030313,0.0,0.0
ET030313,Angot,ET0303,North Wello,ET03,Amhara,ET,2025,6,9,ETH,ET030313,4.5,4.5
ET030313,Angot,ET0303,North Wello,ET03,Amhara,ET,2025,8,10,ETH,ET030313,5.0,5.0
ET030313,Angot,ET0303,North Wello,ET03,Amhara,ET,2025,9,10,ETH,ET030313,5.0,5.0
ET030314,Filakit town,ET0303,North Wello,ET03,Amhara,ET,2023,7,3,ETH,ET030314,1.5,1.5
ET030314,Filakit town,ET0303,North Wello,ET03,Amhara,ET,2023,12,0,ETH,ET030314,0.0,0.0
ET030314,Filakit town,ET0303,North Wello,ET03,Amhara,ET,2024,5,3,ETH,ET030314,1.5,1.5
ET030314,Filakit town,ET0303,North Wello,ET03,Amhara,ET,2024,12,1,ETH,ET030314,0.5,0.5
ET030314,Filakit town,ET0303,North Wello,ET03,Amhara,ET,2025,8,0,ETH,ET030314,0.0,0.0
ET030315,Gashena town,ET0303,North Wello,ET03,Amhara,ET,2021,8,32,ETH,ET030315,16.0,16.0
ET030315,Gashena town,ET0303,North Wello,ET03,Amhara,ET,2021,9,10,ETH,ET030315,5.0,5.0
ET030315,Gashena town,ET0303,North Wello,ET03,Amhara,ET,2021,10,0,ETH,ET030315,0.0,0.0
ET030315,Gashena town,ET0303,North Wello,ET03,Amhara,ET,2021,11,0,ETH,ET030315,0.0,0.0
ET030315,Gashena town,ET0303,North Wello,ET03,Amhara,ET,2021,12,47,ETH,ET030315,23.5,23.5
ET030315,Gashena town,ET0303,North Wello,ET03,Amhara,ET,2023,10,0,ETH,ET030315,0.0,0.0
ET030315,Gashena town,ET0303,North Wello,ET03,Amhara,ET,2024,1,3,ETH,ET030315,1.5,1.5
ET030315,Gashena town,ET0303,North Wello,ET03,Amhara,ET,2024,8,0,ETH,ET030315,0.0,0.0
ET030315,Gashena town,ET0303,North Wello,ET03,Amhara,ET,2024,9,10,ETH,ET030315,5.0,5.0
ET030315,Gashena town,ET0303,North Wello,ET03,Amhara,ET,2025,6,0,ETH,ET030315,0.0,0.0
ET030315,Gashena town,ET0303,North Wello,ET03,Amhara,ET,2025,8,0,ETH,ET030315,0.0,0.0
ET030397,Mersa town,ET0303,North Wello,ET03,Amhara,ET,2018,1,16,ETH,ET030397,8.0,8.0
ET030397,Mersa town,ET0303,North Wello,ET03,Amhara,ET,2018,2,0,ETH,ET030397,0.0,0.0
ET030397,Mersa town,ET0303,North Wello,ET03,Amhara,ET,2021,8,63,ETH,ET030397,31.5,31.5
ET030397,Mersa town,ET0303,North Wello,ET03,Amhara,ET,2021,9,0,ETH,ET030397,0.0,0.0
ET030397,Mersa town,ET0303,North Wello,ET03,Amhara,ET,2021,10,0,ETH,ET030397,0.0,0.0
ET030397,Mersa town,ET0303,North Wello,ET03,Amhara,ET,2021,12,9,ETH,ET030397,4.5,4.5
ET030397,Mersa town,ET0303,North Wello,ET03,Amhara,ET,2022,9,0,ETH,ET030397,0.0,0.0
ET030397,Mersa town,ET0303,North Wello,ET03,Amhara,ET,2023,4,0,ETH,ET030397,0.0,0.0
ET030397,Mersa town,ET0303,North Wello,ET03,Amhara,ET,2023,10,0,ETH,ET030397,0.0,0.0
ET030397,Mersa town,ET0303,North Wello,ET03,Amhara,ET,2023,11,0,ETH,ET030397,0.0,0.0
ET030397,Mersa town,ET0303,North Wello,ET03,Amhara,ET,2024,1,13,ETH,ET030397,6.5,6.5
ET030397,Mersa town,ET0303,North Wello,ET03,Amhara,ET,2024,3,1,ETH,ET030397,0.5,0.5
ET030397,Mersa town,ET0303,North Wello,ET03,Amhara,ET,2024,6,0,ETH,ET030397,0.0,0.0
ET030397,Mersa town,ET0303,North Wello,ET03,Amhara,ET,2024,12,0,ETH,ET030397,0.0,0.0
ET030397,Mersa town,ET0303,North Wello,ET03,Amhara,ET,2025,6,1,ETH,ET030397,0.5,0.5
ET030397,Mersa town,ET0303,North Wello,ET03,Amhara,ET,2025,7,0,ETH,ET030397,0.0,0.0
ET030398,Lalibela town,ET0303,North Wello,ET03,Amhara,ET,2013,1,24,ETH,ET030398,12.0,12.0
ET030398,Lalibela town,ET0303,North Wello,ET03,Amhara,ET,2016,2,0,ETH,ET030398,0.0,0.0
ET030398,Lalibela town,ET0303,North Wello,ET03,Amhara,ET,2018,10,0,ETH,ET030398,0.0,0.0
ET030398,Lalibela town,ET0303,North Wello,ET03,Amhara,ET,2020,4,3,ETH,ET030398,1.5,1.5
ET030398,Lalibela town,ET0303,North Wello,ET03,Amhara,ET,2021,4,0,ETH,ET030398,0.0,0.0
ET030398,Lalibela town,ET0303,North Wello,ET03,Amhara,ET,2021,8,12,ETH,ET030398,6.0,6.0
ET030398,Lalibela town,ET0303,North Wello,ET03,Amhara,ET,2021,9,0,ETH,ET030398,0.0,0.0
ET030398,Lalibela town,ET0303,North Wello,ET03,Amhara,ET,2021,10,3,ETH,ET030398,1.5,1.5
ET030398,Lalibela town,ET0303,North Wello,ET03,Amhara,ET,2021,11,4,ETH,ET030398,2.0,2.0
ET030398,Lalibela town,ET0303,North Wello,ET03,Amhara,ET,2021,12,11,ETH,ET030398,5.5,5.5
ET030398,Lalibela town,ET0303,North Wello,ET03,Amhara,ET,2023,4,0,ETH,ET030398,0.0,0.0
ET030398,Lalibela town,ET0303,North Wello,ET03,Amhara,ET,2023,7,0,ETH,ET030398,0.0,0.0
ET030398,Lalibela town,ET0303,North Wello,ET03,Amhara,ET,2023,8,15,ETH,ET030398,7.5,7.5
ET030398,Lalibela town,ET0303,North Wello,ET03,Amhara,ET,2023,9,0,ETH,ET030398,0.0,0.0
ET030398,Lalibela town,ET0303,North Wello,ET03,Amhara,ET,2023,10,0,ETH,ET030398,0.0,0.0
ET030398,Lalibela town,ET0303,North Wello,ET03,Amhara,ET,2023,11,25,ETH,ET030398,12.5,12.5
ET030398,Lalibela town,ET0303,North Wello,ET03,Amhara,ET,2024,2,0,ETH,ET030398,0.0,0.0
ET030398,Lalibela town,ET0303,North Wello,ET03,Amhara,ET,2024,3,0,ETH,ET030398,0.0,0.0
ET030398,Lalibela town,ET0303,North Wello,ET03,Amhara,ET,2024,5,3,ETH,ET030398,1.5,1.5
ET030398,Lalibela town,ET0303,North Wello,ET03,Amhara,ET,2024,6,2,ETH,ET030398,1.0,1.0
ET030398,Lalibela town,ET0303,North Wello,ET03,Amhara,ET,2024,8,0,ETH,ET030398,0.0,0.0
ET030398,Lalibela town,ET0303,North Wello,ET03,Amhara,ET,2024,11,0,ETH,ET030398,0.0,0.0
ET030398,Lalibela town,ET0303,North Wello,ET03,Amhara,ET,2024,12,1,ETH,ET030398,0.5,0.5
ET030398,Lalibela town,ET0303,North Wello,ET03,Amhara,ET,2025,3,3,ETH,ET030398,1.5,1.5
ET030398,Lalibela town,ET0303,North Wello,ET03,Amhara,ET,2025,4,1,ETH,ET030398,0.5,0.5
ET030398,Lalibela town,ET0303,North Wello,ET03,Amhara,ET,2025,6,0,ETH,ET030398,0.0,0.0
ET030398,Lalibela town,ET0303,North Wello,ET03,Amhara,ET,2025,9,7,ETH,ET030398,3.5,3.5
ET030399,Kobo town,ET0303,North Wello,ET03,Amhara,ET,2018,1,32,ETH,ET030399,16.0,16.0
ET030399,Kobo town,ET0303,North Wello,ET03,Amhara,ET,2018,2,0,ETH,ET030399,0.0,0.0
ET030399,Kobo town,ET0303,North Wello,ET03,Amhara,ET,2018,10,0,ETH,ET030399,0.0,0.0
ET030399,Kobo town,ET0303,North Wello,ET03,Amhara,ET,2018,11,0,ETH,ET030399,0.0,0.0
ET030399,Kobo town,ET0303,North Wello,ET03,Amhara,ET,2020,2,0,ETH,ET030399,0.0,0.0
ET030399,Kobo town,ET0303,North Wello,ET03,Amhara,ET,2020,5,2,ETH,ET030399,1.0,1.0
ET030399,Kobo town,ET0303,North Wello,ET03,Amhara,ET,2021,2,1,ETH,ET030399,0.5,0.5
ET030399,Kobo town,ET0303,North Wello,ET03,Amhara,ET,2021,7,27,ETH,ET030399,13.5,13.5
ET030399,Kobo town,ET0303,North Wello,ET03,Amhara,ET,2021,8,27,ETH,ET030399,13.5,13.5
ET030399,Kobo town,ET0303,North Wello,ET03,Amhara,ET,2021,9,45,ETH,ET030399,22.5,22.5
ET030399,Kobo town,ET0303,North Wello,ET03,Amhara,ET,2021,11,0,ETH,ET030399,0.0,0.0
ET030399,Kobo town,ET0303,North Wello,ET03,Amhara,ET,2022,1,0,ETH,ET030399,0.0,0.0
ET030399,Kobo town,ET0303,North Wello,ET03,Amhara,ET,2022,3,0,ETH,ET030399,0.0,0.0
ET030399,Kobo town,ET0303,North Wello,ET03,Amhara,ET,2022,6,10,ETH,ET030399,5.0,5.0
ET030399,Kobo town,ET0303,North Wello,ET03,Amhara,ET,2022,8,30,ETH,ET030399,15.0,15.0
ET030399,Kobo town,ET0303,North Wello,ET03,Amhara,ET,2022,9,35,ETH,ET030399,17.5,17.5
ET030399,Kobo town,ET0303,North Wello,ET03,Amhara,ET,2022,10,1,ETH,ET030399,0.5,0.5
ET030399,Kobo town,ET0303,North Wello,ET03,Amhara,ET,2023,4,5,ETH,ET030399,2.5,2.5
ET030399,Kobo town,ET0303,North Wello,ET03,Amhara,ET,2023,7,2,ETH,ET030399,1.0,1.0
ET030399,Kobo town,ET0303,North Wello,ET03,Amhara,ET,2023,8,0,ETH,ET030399,0.0,0.0
ET030399,Kobo town,ET0303,North Wello,ET03,Amhara,ET,2023,9,8,ETH,ET030399,4.0,4.0
ET030399,Kobo town,ET0303,North Wello,ET03,Amhara,ET,2023,10,3,ETH,ET030399,1.5,1.5
ET030399,Kobo town,ET0303,North Wello,ET03,Amhara,ET,2023,12,0,ETH,ET030399,0.0,0.0
ET030399,Kobo town,ET0303,North Wello,ET03,Amhara,ET,2024,2,0,ETH,ET030399,0.0,0.0
ET030399,Kobo town,ET0303,North Wello,ET03,Amhara,ET,2024,4,0,ETH,ET030399,0.0,0.0
ET030399,Kobo town,ET0303,North Wello,ET03,Amhara,ET,2024,5,0,ETH,ET030399,0.0,0.0
ET030399,Kobo town,ET0303,North Wello,ET03,Amhara,ET,2024,6,2,ETH,ET030399,1.0,1.0
ET030399,Kobo town,ET0303,North Wello,ET03,Amhara,ET,2024,7,0,ETH,ET030399,0.0,0.0
ET030399,Kobo town,ET0303,North Wello,ET03,Amhara,ET,2024,8,19,ETH,ET030399,9.5,9.5
ET030399,Kobo town,ET0303,North Wello,ET03,Amhara,ET,2024,9,1,ETH,ET030399,0.5,0.5
ET030399,Kobo town,ET0303,North Wello,ET03,Amhara,ET,2024,10,0,ETH,ET030399,0.0,0.0
ET030399,Kobo town,ET0303,North Wello,ET03,Amhara,ET,2024,11,2,ETH,ET030399,1.0,1.0
ET030399,Kobo town,ET0303,North Wello,ET03,Amhara,ET,2025,4,1,ETH,ET030399,0.5,0.5
ET030399,Kobo town,ET0303,North Wello,ET03,Amhara,ET,2025,6,10,ETH,ET030399,5.0,5.0
ET030399,Kobo town,ET0303,North Wello,ET03,Amhara,ET,2025,7,3,ETH,ET030399,1.5,1.5
ET030399,Kobo town,ET0303,North Wello,ET03,Amhara,ET,2025,8,0,ETH,ET030399,0.0,0.0
ET030399,Kobo town,ET0303,North Wello,ET03,Amhara,ET,2025,9,0,ETH,ET030399,0.0,0.0
ET030401,Argoba,ET0304,South Wello,ET03,Amhara,ET,2022,5,1,ETH,ET030401,0.5,0.5
ET030401,Argoba,ET0304,South Wello,ET03,Amhara,ET,2022,6,5,ETH,ET030401,2.5,2.5
ET030402,Tenta,ET0304,South Wello,ET03,Amhara,ET,2002,4,16,ETH,ET030402,8.0,8.0
ET030402,Tenta,ET0304,South Wello,ET03,Amhara,ET,2021,12,10,ETH,ET030402,5.0,5.0
ET030402,Tenta,ET0304,South Wello,ET03,Amhara,ET,2025,4,1,ETH,ET030402,0.5,0.5
ET030403,Kutaber,ET0304,South Wello,ET03,Amhara,ET,2021,10,5,ETH,ET030403,2.5,2.5
ET030403,Kutaber,ET0304,South Wello,ET03,Amhara,ET,2022,8,0,ETH,ET030403,0.0,0.0
ET030403,Kutaber,ET0304,South Wello,ET03,Amhara,ET,2024,5,10,ETH,ET030403,5.0,5.0
ET030403,Kutaber,ET0304,South Wello,ET03,Amhara,ET,2025,1,2,ETH,ET030403,1.0,1.0
ET030403,Kutaber,ET0304,South Wello,ET03,Amhara,ET,2025,4,10,ETH,ET030403,5.0,5.0
ET030404,Ambasel,ET0304,South Wello,ET03,Amhara,ET,2021,8,0,ETH,ET030404,0.0,0.0
ET030404,Ambasel,ET0304,South Wello,ET03,Amhara,ET,2021,9,32,ETH,ET030404,16.0,16.0
ET030404,Ambasel,ET0304,South Wello,ET03,Amhara,ET,2021,10,43,ETH,ET030404,21.5,21.5
ET030404,Ambasel,ET0304,South Wello,ET03,Amhara,ET,2021,12,0,ETH,ET030404,0.0,0.0
ET030404,Ambasel,ET0304,South Wello,ET03,Amhara,ET,2023,11,1,ETH,ET030404,0.5,0.5
ET030404,Ambasel,ET0304,South Wello,ET03,Amhara,ET,2023,12,9,ETH,ET030404,4.5,4.5
ET030404,Ambasel,ET0304,South Wello,ET03,Amhara,ET,2024,1,10,ETH,ET030404,5.0,5.0
ET030404,Ambasel,ET0304,South Wello,ET03,Amhara,ET,2024,2,10,ETH,ET030404,5.0,5.0
ET030404,Ambasel,ET0304,South Wello,ET03,Amhara,ET,2024,3,0,ETH,ET030404,0.0,0.0
ET030404,Ambasel,ET0304,South Wello,ET03,Amhara,ET,2024,4,10,ETH,ET030404,5.0,5.0
ET030404,Ambasel,ET0304,South Wello,ET03,Amhara,ET,2024,5,0,ETH,ET030404,0.0,0.0
ET030404,Ambasel,ET0304,South Wello,ET03,Amhara,ET,2024,6,0,ETH,ET030404,0.0,0.0
ET030404,Ambasel,ET0304,South Wello,ET03,Amhara,ET,2024,8,0,ETH,ET030404,0.0,0.0
ET030404,Ambasel,ET0304,South Wello,ET03,Amhara,ET,2024,9,0,ETH,ET030404,0.0,0.0
ET030404,Ambasel,ET0304,South Wello,ET03,Amhara,ET,2024,10,3,ETH,ET030404,1.5,1.5
ET030404,Ambasel,ET0304,South Wello,ET03,Amhara,ET,2024,11,0,ETH,ET030404,0.0,0.0
ET030404,Ambasel,ET0304,South Wello,ET03,Amhara,ET,2025,2,4,ETH,ET030404,2.0,2.0
ET030404,Ambasel,ET0304,South Wello,ET03,Amhara,ET,2025,9,10,ETH,ET030404,5.0,5.0
ET030406,Delanta,ET0304,South Wello,ET03,Amhara,ET,2024,5,6,ETH,ET030406,3.0,3.0
ET030406,Delanta,ET0304,South Wello,ET03,Amhara,ET,2024,7,0,ETH,ET030406,0.0,0.0
ET030406,Delanta,ET0304,South Wello,ET03,Amhara,ET,2024,11,3,ETH,ET030406,1.5,1.5
ET030406,Delanta,ET0304,South Wello,ET03,Amhara,ET,2024,12,0,ETH,ET030406,0.0,0.0
ET030406,Delanta,ET0304,South Wello,ET03,Amhara,ET,2025,2,41,ETH,ET030406,20.5,20.5
ET030406,Delanta,ET0304,South Wello,ET03,Amhara,ET,2025,9,5,ETH,ET030406,2.5,2.5
ET030407,Kalu,ET0304,South Wello,ET03,Amhara,ET,2006,1,0,ETH,ET030407,0.0,0.0
ET030407,Kalu,ET0304,South Wello,ET03,Amhara,ET,2008,3,0,ETH,ET030407,0.0,0.0
ET030407,Kalu,ET0304,South Wello,ET03,Amhara,ET,2012,10,4,ETH,ET030407,2.0,2.0
ET030407,Kalu,ET0304,South Wello,ET03,Amhara,ET,2013,8,0,ETH,ET030407,0.0,0.0
ET030407,Kalu,ET0304,South Wello,ET03,Amhara,ET,2016,8,0,ETH,ET030407,0.0,0.0
ET030407,Kalu,ET0304,South Wello,ET03,Amhara,ET,2021,12,10,ETH,ET030407,5.0,5.0
ET030407,Kalu,ET0304,South Wello,ET03,Amhara,ET,2022,10,0,ETH,ET030407,0.0,0.0
ET030407,Kalu,ET0304,South Wello,ET03,Amhara,ET,2024,12,2,ETH,ET030407,1.0,1.0
ET030407,Kalu,ET0304,South Wello,ET03,Amhara,ET,2025,3,0,ETH,ET030407,0.0,0.0
ET030407,Kalu,ET0304,South Wello,ET03,Amhara,ET,2025,8,0,ETH,ET030407,0.0,0.0
ET030410,Legambo,ET0304,South Wello,ET03,Amhara,ET,2015,12,2,ETH,ET030410,1.0,1.0
ET030410,Legambo,ET0304,South Wello,ET03,Amhara,ET,2016,2,0,ETH,ET030410,0.0,0.0
ET030410,Legambo,ET0304,South Wello,ET03,Amhara,ET,2016,9,0,ETH,ET030410,0.0,0.0
ET030410,Legambo,ET0304,South Wello,ET03,Amhara,ET,2016,10,0,ETH,ET030410,0.0,0.0
ET030410,Legambo,ET0304,South Wello,ET03,Amhara,ET,2021,12,10,ETH,ET030410,5.0,5.0
ET030410,Legambo,ET0304,South Wello,ET03,Amhara,ET,2025,9,3,ETH,ET030410,1.5,1.5
ET030411,Sayint,ET0304,South Wello,ET03,Amhara,ET,2023,5,0,ETH,ET030411,0.0,0.0
ET030411,Sayint,ET0304,South Wello,ET03,Amhara,ET,2023,8,0,ETH,ET030411,0.0,0.0
ET030411,Sayint,ET0304,South Wello,ET03,Amhara,ET,2025,3,12,ETH,ET030411,6.0,6.0
ET030411,Sayint,ET0304,South Wello,ET03,Amhara,ET,2025,4,1,ETH,ET030411,0.5,0.5
ET030411,Sayint,ET0304,South Wello,ET03,Amhara,ET,2025,6,0,ETH,ET030411,0.0,0.0
ET030411,Sayint,ET0304,South Wello,ET03,Amhara,ET,2025,8,7,ETH,ET030411,3.5,3.5
ET030411,Sayint,ET0304,South Wello,ET03,Amhara,ET,2025,9,10,ETH,ET030411,5.0,5.0
ET030412,Borena /Debresina,ET0304,South Wello,ET03,Amhara,ET,2000,7,117,ETH,ET030412,58.5,58.5
ET030412,Borena /Debresina,ET0304,South Wello,ET03,Amhara,ET,2000,8,0,ETH,ET030412,0.0,0.0
ET030412,Borena /Debresina,ET0304,South Wello,ET03,Amhara,ET,2003,4,10,ETH,ET030412,5.0,5.0
ET030412,Borena /Debresina,ET0304,South Wello,ET03,Amhara,ET,2004,4,10,ETH,ET030412,5.0,5.0
ET030412,Borena /Debresina,ET0304,South Wello,ET03,Amhara,ET,2010,4,0,ETH,ET030412,0.0,0.0
ET030412,Borena /Debresina,ET0304,South Wello,ET03,Amhara,ET,2010,5,0,ETH,ET030412,0.0,0.0
ET030412,Borena /Debresina,ET0304,South Wello,ET03,Amhara,ET,2012,7,0,ETH,ET030412,0.0,0.0
ET030412,Borena /Debresina,ET0304,South Wello,ET03,Amhara,ET,2013,11,13,ETH,ET030412,6.5,6.5
ET030412,Borena /Debresina,ET0304,South Wello,ET03,Amhara,ET,2018,7,0,ETH,ET030412,0.0,0.0
ET030412,Borena /Debresina,ET0304,South Wello,ET03,Amhara,ET,2019,9,0,ETH,ET030412,0.0,0.0
ET030412,Borena /Debresina,ET0304,South Wello,ET03,Amhara,ET,2023,7,2,ETH,ET030412,1.0,1.0
ET030412,Borena /Debresina,ET0304,South Wello,ET03,Amhara,ET,2023,8,0,ETH,ET030412,0.0,0.0
ET030412,Borena /Debresina,ET0304,South Wello,ET03,Amhara,ET,2024,2,0,ETH,ET030412,0.0,0.0
ET030412,Borena /Debresina,ET0304,South Wello,ET03,Amhara,ET,2024,11,10,ETH,ET030412,5.0,5.0
ET030412,Borena /Debresina,ET0304,South Wello,ET03,Amhara,ET,2025,4,0,ETH,ET030412,0.0,0.0
ET030413,Kelela,ET0304,South Wello,ET03,Amhara,ET,2022,10,0,ETH,ET030413,0.0,0.0
ET030413,Kelela,ET0304,South Wello,ET03,Amhara,ET,2024,6,0,ETH,ET030413,0.0,0.0
ET030413,Kelela,ET0304,South Wello,ET03,Amhara,ET,2024,11,0,ETH,ET030413,0.0,0.0
ET030413,Kelela,ET0304,South Wello,ET03,Amhara,ET,2024,12,0,ETH,ET030413,0.0,0.0
ET030413,Kelela,ET0304,South Wello,ET03,Amhara,ET,2025,6,10,ETH,ET030413,5.0,5.0
ET030413,Kelela,ET0304,South Wello,ET03,Amhara,ET,2025,7,10,ETH,ET030413,5.0,5.0
ET030413,Kelela,ET0304,South Wello,ET03,Amhara,ET,2025,8,10,ETH,ET030413,5.0,5.0
ET030413,Kelela,ET0304,South Wello,ET03,Amhara,ET,2025,9,3,ETH,ET030413,1.5,1.5
ET030414,Jama,ET0304,South Wello,ET03,Amhara,ET,2024,2,0,ETH,ET030414,0.0,0.0
ET030415,Were Ilu,ET0304,South Wello,ET03,Amhara,ET,2012,12,2,ETH,ET030415,1.0,1.0
ET030415,Were Ilu,ET0304,South Wello,ET03,Amhara,ET,2013,1,13,ETH,ET030415,6.5,6.5
ET030415,Were Ilu,ET0304,South Wello,ET03,Amhara,ET,2021,12,10,ETH,ET030415,5.0,5.0
ET030416,Wegde,ET0304,South Wello,ET03,Amhara,ET,2002,11,0,ETH,ET030416,0.0,0.0
ET030416,Wegde,ET0304,South Wello,ET03,Amhara,ET,2023,7,0,ETH,ET030416,0.0,0.0
ET030416,Wegde,ET0304,South Wello,ET03,Amhara,ET,2023,8,7,ETH,ET030416,3.5,3.5
ET030416,Wegde,ET0304,South Wello,ET03,Amhara,ET,2023,10,0,ETH,ET030416,0.0,0.0
ET030416,Wegde,ET0304,South Wello,ET03,Amhara,ET,2024,1,1,ETH,ET030416,0.5,0.5
ET030416,Wegde,ET0304,South Wello,ET03,Amhara,ET,2024,2,0,ETH,ET030416,0.0,0.0
ET030416,Wegde,ET0304,South Wello,ET03,Amhara,ET,2024,5,6,ETH,ET030416,3.0,3.0
ET030416,Wegde,ET0304,South Wello,ET03,Amhara,ET,2024,8,0,ETH,ET030416,0.0,0.0
ET030416,Wegde,ET0304,South Wello,ET03,Amhara,ET,2025,4,0,ETH,ET030416,0.0,0.0
ET030416,Wegde,ET0304,South Wello,ET03,Amhara,ET,2025,8,7,ETH,ET030416,3.5,3.5
ET030417,Kombolcha town,ET0304,South Wello,ET03,Amhara,ET,2018,8,0,ETH,ET030417,0.0,0.0
ET030417,Kombolcha town,ET0304,South Wello,ET03,Amhara,ET,2019,9,0,ETH,ET030417,0.0,0.0
ET030417,Kombolcha town,ET0304,South Wello,ET03,Amhara,ET,2020,2,0,ETH,ET030417,0.0,0.0
ET030417,Kombolcha town,ET0304,South Wello,ET03,Amhara,ET,2021,4,0,ETH,ET030417,0.0,0.0
ET030417,Kombolcha town,ET0304,South Wello,ET03,Amhara,ET,2021,9,0,ETH,ET030417,0.0,0.0
ET030417,Kombolcha town,ET0304,South Wello,ET03,Amhara,ET,2021,10,4,ETH,ET030417,2.0,2.0
ET030417,Kombolcha town,ET0304,South Wello,ET03,Amhara,ET,2021,11,0,ETH,ET030417,0.0,0.0
ET030417,Kombolcha town,ET0304,South Wello,ET03,Amhara,ET,2021,12,10,ETH,ET030417,5.0,5.0
ET030417,Kombolcha town,ET0304,South Wello,ET03,Amhara,ET,2022,8,0,ETH,ET030417,0.0,0.0
ET030417,Kombolcha town,ET0304,South Wello,ET03,Amhara,ET,2022,9,0,ETH,ET030417,0.0,0.0
ET030417,Kombolcha town,ET0304,South Wello,ET03,Amhara,ET,2022,10,0,ETH,ET030417,0.0,0.0
ET030417,Kombolcha town,ET0304,South Wello,ET03,Amhara,ET,2022,11,0,ETH,ET030417,0.0,0.0
ET030417,Kombolcha town,ET0304,South Wello,ET03,Amhara,ET,2023,2,0,ETH,ET030417,0.0,0.0
ET030417,Kombolcha town,ET0304,South Wello,ET03,Amhara,ET,2023,4,7,ETH,ET030417,3.5,3.5
ET030417,Kombolcha town,ET0304,South Wello,ET03,Amhara,ET,2023,6,0,ETH,ET030417,0.0,0.0
ET030417,Kombolcha town,ET0304,South Wello,ET03,Amhara,ET,2024,7,0,ETH,ET030417,0.0,0.0
ET030418,Dessie town,ET0304,South Wello,ET03,Amhara,ET,2005,11,0,ETH,ET030418,0.0,0.0
ET030418,Dessie town,ET0304,South Wello,ET03,Amhara,ET,2006,1,0,ETH,ET030418,0.0,0.0
ET030418,Dessie town,ET0304,South Wello,ET03,Amhara,ET,2006,3,0,ETH,ET030418,0.0,0.0
ET030418,Dessie town,ET0304,South Wello,ET03,Amhara,ET,2009,6,2,ETH,ET030418,1.0,1.0
ET030418,Dessie town,ET0304,South Wello,ET03,Amhara,ET,2013,7,1,ETH,ET030418,0.5,0.5
ET030418,Dessie town,ET0304,South Wello,ET03,Amhara,ET,2016,8,0,ETH,ET030418,0.0,0.0
ET030418,Dessie town,ET0304,South Wello,ET03,Amhara,ET,2016,11,2,ETH,ET030418,1.0,1.0
ET030418,Dessie town,ET0304,South Wello,ET03,Amhara,ET,2016,12,0,ETH,ET030418,0.0,0.0
ET030418,Dessie town,ET0304,South Wello,ET03,Amhara,ET,2017,7,0,ETH,ET030418,0.0,0.0
ET030418,Dessie town,ET0304,South Wello,ET03,Amhara,ET,2018,1,2,ETH,ET030418,1.0,1.0
ET030418,Dessie town,ET0304,South Wello,ET03,Amhara,ET,2018,7,0,ETH,ET030418,0.0,0.0
ET030418,Dessie town,ET0304,South Wello,ET03,Amhara,ET,2018,9,2,ETH,ET030418,1.0,1.0
ET030418,Dessie town,ET0304,South Wello,ET03,Amhara,ET,2018,10,0,ETH,ET030418,0.0,0.0
ET030418,Dessie town,ET0304,South Wello,ET03,Amhara,ET,2018,11,0,ETH,ET030418,0.0,0.0
ET030418,Dessie town,ET0304,South Wello,ET03,Amhara,ET,2019,5,0,ETH,ET030418,0.0,0.0
ET030418,Dessie town,ET0304,South Wello,ET03,Amhara,ET,2019,9,0,ETH,ET030418,0.0,0.0
ET030418,Dessie town,ET0304,South Wello,ET03,Amhara,ET,2019,11,0,ETH,ET030418,0.0,0.0
ET030418,Dessie town,ET0304,South Wello,ET03,Amhara,ET,2019,12,0,ETH,ET030418,0.0,0.0
ET030418,Dessie town,ET0304,South Wello,ET03,Amhara,ET,2020,1,1,ETH,ET030418,0.5,0.5
ET030418,Dessie town,ET0304,South Wello,ET03,Amhara,ET,2021,4,0,ETH,ET030418,0.0,0.0
ET030418,Dessie town,ET0304,South Wello,ET03,Amhara,ET,2021,8,0,ETH,ET030418,0.0,0.0
ET030418,Dessie town,ET0304,South Wello,ET03,Amhara,ET,2021,9,0,ETH,ET030418,0.0,0.0
ET030418,Dessie town,ET0304,South Wello,ET03,Amhara,ET,2021,10,69,ETH,ET030418,34.5,34.5
ET030418,Dessie town,ET0304,South Wello,ET03,Amhara,ET,2021,11,0,ETH,ET030418,0.0,0.0
ET030418,Dessie town,ET0304,South Wello,ET03,Amhara,ET,2021,12,0,ETH,ET030418,0.0,0.0
ET030418,Dessie town,ET0304,South Wello,ET03,Amhara,ET,2022,5,0,ETH,ET030418,0.0,0.0
ET030418,Dessie town,ET0304,South Wello,ET03,Amhara,ET,2022,7,0,ETH,ET030418,0.0,0.0
ET030418,Dessie town,ET0304,South Wello,ET03,Amhara,ET,2022,8,0,ETH,ET030418,0.0,0.0
ET030418,Dessie town,ET0304,South Wello,ET03,Amhara,ET,2022,9,0,ETH,ET030418,0.0,0.0
ET030418,Dessie town,ET0304,South Wello,ET03,Amhara,ET,2022,10,0,ETH,ET030418,0.0,0.0
ET030418,Dessie town,ET0304,South Wello,ET03,Amhara,ET,2023,4,0,ETH,ET030418,0.0,0.0
ET030418,Dessie town,ET0304,South Wello,ET03,Amhara,ET,2023,5,0,ETH,ET030418,0.0,0.0
ET030418,Dessie town,ET0304,South Wello,ET03,Amhara,ET,2023,8,0,ETH,ET030418,0.0,0.0
ET030418,Dessie town,ET0304,South Wello,ET03,Amhara,ET,2023,10,0,ETH,ET030418,0.0,0.0
ET030418,Dessie town,ET0304,South Wello,ET03,Amhara,ET,2024,3,0,ETH,ET030418,0.0,0.0
ET030418,Dessie town,ET0304,South Wello,ET03,Amhara,ET,2024,4,3,ETH,ET030418,1.5,1.5
ET030418,Dessie town,ET0304,South Wello,ET03,Amhara,ET,2024,5,6,ETH,ET030418,3.0,3.0
ET030418,Dessie town,ET0304,South Wello,ET03,Amhara,ET,2024,6,10,ETH,ET030418,5.0,5.0
ET030418,Dessie town,ET0304,South Wello,ET03,Amhara,ET,2024,10,1,ETH,ET030418,0.5,0.5
ET030418,Dessie town,ET0304,South Wello,ET03,Amhara,ET,2024,12,0,ETH,ET030418,0.0,0.0
ET030418,Dessie town,ET0304,South Wello,ET03,Amhara,ET,2025,1,0,ETH,ET030418,0.0,0.0
ET030418,Dessie town,ET0304,South Wello,ET03,Amhara,ET,2025,2,0,ETH,ET030418,0.0,0.0
ET030418,Dessie town,ET0304,South Wello,ET03,Amhara,ET,2025,3,4,ETH,ET030418,2.0,2.0
ET030418,Dessie town,ET0304,South Wello,ET03,Amhara,ET,2025,5,0,ETH,ET030418,0.0,0.0
ET030418,Dessie town,ET0304,South Wello,ET03,Amhara,ET,2025,9,0,ETH,ET030418,0.0,0.0
ET030419,Mehal Sayint,ET0304,South Wello,ET03,Amhara,ET,2023,12,30,ETH,ET030419,15.0,15.0
ET030419,Mehal Sayint,ET0304,South Wello,ET03,Amhara,ET,2024,7,3,ETH,ET030419,1.5,1.5
ET030419,Mehal Sayint,ET0304,South Wello,ET03,Amhara,ET,2025,4,10,ETH,ET030419,5.0,5.0
ET030419,Mehal Sayint,ET0304,South Wello,ET03,Amhara,ET,2025,5,0,ETH,ET030419,0.0,0.0
ET030420,Legehida,ET0304,South Wello,ET03,Amhara,ET,2013,5,5,ETH,ET030420,2.5,2.5
ET030421,Mekdela,ET0304,South Wello,ET03,Amhara,ET,2024,7,15,ETH,ET030421,7.5,7.5
ET030421,Mekdela,ET0304,South Wello,ET03,Amhara,ET,2025,8,0,ETH,ET030421,0.0,0.0
ET030422,Worebabu,ET0304,South Wello,ET03,Amhara,ET,2002,2,3,ETH,ET030422,1.5,1.5
ET030422,Worebabu,ET0304,South Wello,ET03,Amhara,ET,2004,6,4,ETH,ET030422,2.0,2.0
ET030422,Worebabu,ET0304,South Wello,ET03,Amhara,ET,2005,12,0,ETH,ET030422,0.0,0.0
ET030422,Worebabu,ET0304,South Wello,ET03,Amhara,ET,2009,5,0,ETH,ET030422,0.0,0.0
ET030422,Worebabu,ET0304,South Wello,ET03,Amhara,ET,2009,10,8,ETH,ET030422,4.0,4.0
ET030422,Worebabu,ET0304,South Wello,ET03,Amhara,ET,2019,8,4,ETH,ET030422,2.0,2.0
ET030422,Worebabu,ET0304,South Wello,ET03,Amhara,ET,2022,5,4,ETH,ET030422,2.0,2.0
ET030422,Worebabu,ET0304,South Wello,ET03,Amhara,ET,2022,10,0,ETH,ET030422,0.0,0.0
ET030422,Worebabu,ET0304,South Wello,ET03,Amhara,ET,2023,11,0,ETH,ET030422,0.0,0.0
ET030422,Worebabu,ET0304,South Wello,ET03,Amhara,ET,2024,4,0,ETH,ET030422,0.0,0.0
ET030422,Worebabu,ET0304,South Wello,ET03,Amhara,ET,2024,8,0,ETH,ET030422,0.0,0.0
ET030422,Worebabu,ET0304,South Wello,ET03,Amhara,ET,2025,3,3,ETH,ET030422,1.5,1.5
ET030422,Worebabu,ET0304,South Wello,ET03,Amhara,ET,2025,9,10,ETH,ET030422,5.0,5.0
ET030423,Wereilu town,ET0304,South Wello,ET03,Amhara,ET,2021,11,13,ETH,ET030423,6.5,6.5
ET030423,Wereilu town,ET0304,South Wello,ET03,Amhara,ET,2024,2,1,ETH,ET030423,0.5,0.5
ET030423,Wereilu town,ET0304,South Wello,ET03,Amhara,ET,2024,5,0,ETH,ET030423,0.0,0.0
ET030423,Wereilu town,ET0304,South Wello,ET03,Amhara,ET,2024,11,3,ETH,ET030423,1.5,1.5
ET030423,Wereilu town,ET0304,South Wello,ET03,Amhara,ET,2025,2,0,ETH,ET030423,0.0,0.0
ET030423,Wereilu town,ET0304,South Wello,ET03,Amhara,ET,2025,4,2,ETH,ET030423,1.0,1.0
ET030423,Wereilu town,ET0304,South Wello,ET03,Amhara,ET,2025,9,3,ETH,ET030423,1.5,1.5
ET030424,Wegel tena town,ET0304,South Wello,ET03,Amhara,ET,2021,9,0,ETH,ET030424,0.0,0.0
ET030424,Wegel tena town,ET0304,South Wello,ET03,Amhara,ET,2021,10,3,ETH,ET030424,1.5,1.5
ET030424,Wegel tena town,ET0304,South Wello,ET03,Amhara,ET,2021,12,16,ETH,ET030424,8.0,8.0
ET030424,Wegel tena town,ET0304,South Wello,ET03,Amhara,ET,2023,6,0,ETH,ET030424,0.0,0.0
ET030424,Wegel tena town,ET0304,South Wello,ET03,Amhara,ET,2023,8,0,ETH,ET030424,0.0,0.0
ET030424,Wegel tena town,ET0304,South Wello,ET03,Amhara,ET,2023,9,3,ETH,ET030424,1.5,1.5
ET030424,Wegel tena town,ET0304,South Wello,ET03,Amhara,ET,2023,11,4,ETH,ET030424,2.0,2.0
ET030424,Wegel tena town,ET0304,South Wello,ET03,Amhara,ET,2023,12,13,ETH,ET030424,6.5,6.5
ET030424,Wegel tena town,ET0304,South Wello,ET03,Amhara,ET,2024,1,0,ETH,ET030424,0.0,0.0
ET030424,Wegel tena town,ET0304,South Wello,ET03,Amhara,ET,2024,5,16,ETH,ET030424,8.0,8.0
ET030424,Wegel tena town,ET0304,South Wello,ET03,Amhara,ET,2024,7,10,ETH,ET030424,5.0,5.0
ET030424,Wegel tena town,ET0304,South Wello,ET03,Amhara,ET,2024,10,1,ETH,ET030424,0.5,0.5
ET030424,Wegel tena town,ET0304,South Wello,ET03,Amhara,ET,2025,7,1,ETH,ET030424,0.5,0.5
ET030425,Degolo town,ET0304,South Wello,ET03,Amhara,ET,2021,11,0,ETH,ET030425,0.0,0.0
ET030425,Degolo town,ET0304,South Wello,ET03,Amhara,ET,2023,11,13,ETH,ET030425,6.5,6.5
ET030425,Degolo town,ET0304,South Wello,ET03,Amhara,ET,2023,12,10,ETH,ET030425,5.0,5.0
ET030425,Degolo town,ET0304,South Wello,ET03,Amhara,ET,2024,2,0,ETH,ET030425,0.0,0.0
ET030425,Degolo town,ET0304,South Wello,ET03,Amhara,ET,2024,12,1,ETH,ET030425,0.5,0.5
ET030425,Degolo town,ET0304,South Wello,ET03,Amhara,ET,2025,9,0,ETH,ET030425,0.0,0.0
ET030427,Akeseta town,ET0304,South Wello,ET03,Amhara,ET,2021,11,0,ETH,ET030427,0.0,0.0
ET030427,Akeseta town,ET0304,South Wello,ET03,Amhara,ET,2021,12,0,ETH,ET030427,0.0,0.0
ET030427,Akeseta town,ET0304,South Wello,ET03,Amhara,ET,2023,9,0,ETH,ET030427,0.0,0.0
ET030427,Akeseta town,ET0304,South Wello,ET03,Amhara,ET,2025,1,3,ETH,ET030427,1.5,1.5
ET030428,Tulu Awlia,ET0304,South Wello,ET03,Amhara,ET,2021,12,0,ETH,ET030428,0.0,0.0
ET030428,Tulu Awlia,ET0304,South Wello,ET03,Amhara,ET,2024,6,1,ETH,ET030428,0.5,0.5
ET030499,Hike town,ET0304,South Wello,ET03,Amhara,ET,2016,12,0,ETH,ET030499,0.0,0.0
ET030499,Hike town,ET0304,South Wello,ET03,Amhara,ET,2021,9,0,ETH,ET030499,0.0,0.0
ET030499,Hike town,ET0304,South Wello,ET03,Amhara,ET,2021,10,10,ETH,ET030499,5.0,5.0
ET030499,Hike town,ET0304,South Wello,ET03,Amhara,ET,2021,11,0,ETH,ET030499,0.0,0.0
ET030499,Hike town,ET0304,South Wello,ET03,Amhara,ET,2021,12,14,ETH,ET030499,7.0,7.0
ET030499,Hike town,ET0304,South Wello,ET03,Amhara,ET,2022,8,0,ETH,ET030499,0.0,0.0
ET030499,Hike town,ET0304,South Wello,ET03,Amhara,ET,2022,10,0,ETH,ET030499,0.0,0.0
ET030499,Hike town,ET0304,South Wello,ET03,Amhara,ET,2023,12,0,ETH,ET030499,0.0,0.0
ET030499,Hike town,ET0304,South Wello,ET03,Amhara,ET,2024,3,2,ETH,ET030499,1.0,1.0
ET030499,Hike town,ET0304,South Wello,ET03,Amhara,ET,2024,4,0,ETH,ET030499,0.0,0.0
ET030499,Hike town,ET0304,South Wello,ET03,Amhara,ET,2024,6,0,ETH,ET030499,0.0,0.0
ET030499,Hike town,ET0304,South Wello,ET03,Amhara,ET,2024,12,0,ETH,ET030499,0.0,0.0
ET030499,Hike town,ET0304,South Wello,ET03,Amhara,ET,2025,5,0,ETH,ET030499,0.0,0.0
ET030499,Hike town,ET0304,South Wello,ET03,Amhara,ET,2025,9,10,ETH,ET030499,5.0,5.0
ET030501,Mida Woremo,ET0305,North Shewa (AM),ET03,Amhara,ET,2023,6,0,ETH,ET030501,0.0,0.0
ET030501,Mida Woremo,ET0305,North Shewa (AM),ET03,Amhara,ET,2023,8,2,ETH,ET030501,1.0,1.0
ET030501,Mida Woremo,ET0305,North Shewa (AM),ET03,Amhara,ET,2023,11,0,ETH,ET030501,0.0,0.0
ET030501,Mida Woremo,ET0305,North Shewa (AM),ET03,Amhara,ET,2024,8,3,ETH,ET030501,1.5,1.5
ET030501,Mida Woremo,ET0305,North Shewa (AM),ET03,Amhara,ET,2024,9,0,ETH,ET030501,0.0,0.0
ET030501,Mida Woremo,ET0305,North Shewa (AM),ET03,Amhara,ET,2024,10,3,ETH,ET030501,1.5,1.5
ET030501,Mida Woremo,ET0305,North Shewa (AM),ET03,Amhara,ET,2024,11,6,ETH,ET030501,3.0,3.0
ET030501,Mida Woremo,ET0305,North Shewa (AM),ET03,Amhara,ET,2025,4,10,ETH,ET030501,5.0,5.0
ET030501,Mida Woremo,ET0305,North Shewa (AM),ET03,Amhara,ET,2025,5,0,ETH,ET030501,0.0,0.0
ET030501,Mida Woremo,ET0305,North Shewa (AM),ET03,Amhara,ET,2025,7,3,ETH,ET030501,1.5,1.5
ET030501,Mida Woremo,ET0305,North Shewa (AM),ET03,Amhara,ET,2025,8,0,ETH,ET030501,0.0,0.0
ET030501,Mida Woremo,ET0305,North Shewa (AM),ET03,Amhara,ET,2025,9,0,ETH,ET030501,0.0,0.0
ET030502,Merhabete,ET0305,North Shewa (AM),ET03,Amhara,ET,2023,6,1,ETH,ET030502,0.5,0.5
ET030502,Merhabete,ET0305,North Shewa (AM),ET03,Amhara,ET,2023,7,8,ETH,ET030502,4.0,4.0
ET030502,Merhabete,ET0305,North Shewa (AM),ET03,Amhara,ET,2023,12,10,ETH,ET030502,5.0,5.0
ET030502,Merhabete,ET0305,North Shewa (AM),ET03,Amhara,ET,2024,1,15,ETH,ET030502,7.5,7.5
ET030502,Merhabete,ET0305,North Shewa (AM),ET03,Amhara,ET,2024,2,19,ETH,ET030502,9.5,9.5
ET030502,Merhabete,ET0305,North Shewa (AM),ET03,Amhara,ET,2024,4,3,ETH,ET030502,1.5,1.5
ET030502,Merhabete,ET0305,North Shewa (AM),ET03,Amhara,ET,2024,5,10,ETH,ET030502,5.0,5.0
ET030502,Merhabete,ET0305,North Shewa (AM),ET03,Amhara,ET,2024,6,28,ETH,ET030502,14.0,14.0
ET030502,Merhabete,ET0305,North Shewa (AM),ET03,Amhara,ET,2024,7,15,ETH,ET030502,7.5,7.5
ET030502,Merhabete,ET0305,North Shewa (AM),ET03,Amhara,ET,2024,8,5,ETH,ET030502,2.5,2.5
ET030502,Merhabete,ET0305,North Shewa (AM),ET03,Amhara,ET,2024,9,16,ETH,ET030502,8.0,8.0
ET030502,Merhabete,ET0305,North Shewa (AM),ET03,Amhara,ET,2024,11,3,ETH,ET030502,1.5,1.5
ET030502,Merhabete,ET0305,North Shewa (AM),ET03,Amhara,ET,2024,12,1,ETH,ET030502,0.5,0.5
ET030502,Merhabete,ET0305,North Shewa (AM),ET03,Amhara,ET,2025,1,7,ETH,ET030502,3.5,3.5
ET030502,Merhabete,ET0305,North Shewa (AM),ET03,Amhara,ET,2025,2,4,ETH,ET030502,2.0,2.0
ET030502,Merhabete,ET0305,North Shewa (AM),ET03,Amhara,ET,2025,4,19,ETH,ET030502,9.5,9.5
ET030502,Merhabete,ET0305,North Shewa (AM),ET03,Amhara,ET,2025,5,0,ETH,ET030502,0.0,0.0
ET030502,Merhabete,ET0305,North Shewa (AM),ET03,Amhara,ET,2025,6,0,ETH,ET030502,0.0,0.0
ET030502,Merhabete,ET0305,North Shewa (AM),ET03,Amhara,ET,2025,8,25,ETH,ET030502,12.5,12.5
ET030502,Merhabete,ET0305,North Shewa (AM),ET03,Amhara,ET,2025,9,0,ETH,ET030502,0.0,0.0
ET030503,Ensaro,ET0305,North Shewa (AM),ET03,Amhara,ET,2023,9,10,ETH,ET030503,5.0,5.0
ET030503,Ensaro,ET0305,North Shewa (AM),ET03,Amhara,ET,2024,4,3,ETH,ET030503,1.5,1.5
ET030503,Ensaro,ET0305,North Shewa (AM),ET03,Amhara,ET,2024,6,3,ETH,ET030503,1.5,1.5
ET030503,Ensaro,ET0305,North Shewa (AM),ET03,Amhara,ET,2024,10,3,ETH,ET030503,1.5,1.5
ET030503,Ensaro,ET0305,North Shewa (AM),ET03,Amhara,ET,2024,12,3,ETH,ET030503,1.5,1.5
ET030504,Moretna Jiru,ET0305,North Shewa (AM),ET03,Amhara,ET,2020,3,0,ETH,ET030504,0.0,0.0
ET030504,Moretna Jiru,ET0305,North Shewa (AM),ET03,Amhara,ET,2023,9,0,ETH,ET030504,0.0,0.0
ET030504,Moretna Jiru,ET0305,North Shewa (AM),ET03,Amhara,ET,2023,11,0,ETH,ET030504,0.0,0.0
ET030504,Moretna Jiru,ET0305,North Shewa (AM),ET03,Amhara,ET,2024,2,7,ETH,ET030504,3.5,3.5
ET030504,Moretna Jiru,ET0305,North Shewa (AM),ET03,Amhara,ET,2024,6,3,ETH,ET030504,1.5,1.5
ET030504,Moretna Jiru,ET0305,North Shewa (AM),ET03,Amhara,ET,2024,8,15,ETH,ET030504,7.5,7.5
ET030504,Moretna Jiru,ET0305,North Shewa (AM),ET03,Amhara,ET,2024,10,3,ETH,ET030504,1.5,1.5
ET030504,Moretna Jiru,ET0305,North Shewa (AM),ET03,Amhara,ET,2024,11,0,ETH,ET030504,0.0,0.0
ET030504,Moretna Jiru,ET0305,North Shewa (AM),ET03,Amhara,ET,2024,12,2,ETH,ET030504,1.0,1.0
ET030504,Moretna Jiru,ET0305,North Shewa (AM),ET03,Amhara,ET,2025,2,10,ETH,ET030504,5.0,5.0
ET030504,Moretna Jiru,ET0305,North Shewa (AM),ET03,Amhara,ET,2025,3,10,ETH,ET030504,5.0,5.0
ET030504,Moretna Jiru,ET0305,North Shewa (AM),ET03,Amhara,ET,2025,8,0,ETH,ET030504,0.0,0.0
ET030504,Moretna Jiru,ET0305,North Shewa (AM),ET03,Amhara,ET,2025,9,0,ETH,ET030504,0.0,0.0
ET030505,Menze Gera Midir,ET0305,North Shewa (AM),ET03,Amhara,ET,2021,3,48,ETH,ET030505,24.0,24.0
ET030505,Menze Gera Midir,ET0305,North Shewa (AM),ET03,Amhara,ET,2021,10,4,ETH,ET030505,2.0,2.0
ET030505,Menze Gera Midir,ET0305,North Shewa (AM),ET03,Amhara,ET,2021,11,11,ETH,ET030505,5.5,5.5
ET030505,Menze Gera Midir,ET0305,North Shewa (AM),ET03,Amhara,ET,2021,12,40,ETH,ET030505,20.0,20.0
ET030505,Menze Gera Midir,ET0305,North Shewa (AM),ET03,Amhara,ET,2022,2,50,ETH,ET030505,25.0,25.0
ET030505,Menze Gera Midir,ET0305,North Shewa (AM),ET03,Amhara,ET,2023,1,0,ETH,ET030505,0.0,0.0
ET030505,Menze Gera Midir,ET0305,North Shewa (AM),ET03,Amhara,ET,2023,2,0,ETH,ET030505,0.0,0.0
ET030505,Menze Gera Midir,ET0305,North Shewa (AM),ET03,Amhara,ET,2023,5,0,ETH,ET030505,0.0,0.0
ET030505,Menze Gera Midir,ET0305,North Shewa (AM),ET03,Amhara,ET,2023,8,6,ETH,ET030505,3.0,3.0
ET030505,Menze Gera Midir,ET0305,North Shewa (AM),ET03,Amhara,ET,2023,9,54,ETH,ET030505,27.0,27.0
ET030505,Menze Gera Midir,ET0305,North Shewa (AM),ET03,Amhara,ET,2024,4,0,ETH,ET030505,0.0,0.0
ET030505,Menze Gera Midir,ET0305,North Shewa (AM),ET03,Amhara,ET,2024,8,0,ETH,ET030505,0.0,0.0
ET030505,Menze Gera Midir,ET0305,North Shewa (AM),ET03,Amhara,ET,2025,3,2,ETH,ET030505,1.0,1.0
ET030505,Menze Gera Midir,ET0305,North Shewa (AM),ET03,Amhara,ET,2025,9,2,ETH,ET030505,1.0,1.0
ET030506,Gishe Rabel,ET0305,North Shewa (AM),ET03,Amhara,ET,2024,9,3,ETH,ET030506,1.5,1.5
ET030506,Gishe Rabel,ET0305,North Shewa (AM),ET03,Amhara,ET,2024,11,1,ETH,ET030506,0.5,0.5
ET030506,Gishe Rabel,ET0305,North Shewa (AM),ET03,Amhara,ET,2025,2,0,ETH,ET030506,0.0,0.0
ET030506,Gishe Rabel,ET0305,North Shewa (AM),ET03,Amhara,ET,2025,9,0,ETH,ET030506,0.0,0.0
ET030507,Antsokiya,ET0305,North Shewa (AM),ET03,Amhara,ET,2021,4,3,ETH,ET030507,1.5,1.5
ET030507,Antsokiya,ET0305,North Shewa (AM),ET03,Amhara,ET,2021,7,0,ETH,ET030507,0.0,0.0
ET030507,Antsokiya,ET0305,North Shewa (AM),ET03,Amhara,ET,2021,11,0,ETH,ET030507,0.0,0.0
ET030507,Antsokiya,ET0305,North Shewa (AM),ET03,Amhara,ET,2021,12,60,ETH,ET030507,30.0,30.0
ET030507,Antsokiya,ET0305,North Shewa (AM),ET03,Amhara,ET,2023,1,0,ETH,ET030507,0.0,0.0
ET030507,Antsokiya,ET0305,North Shewa (AM),ET03,Amhara,ET,2023,5,0,ETH,ET030507,0.0,0.0
ET030507,Antsokiya,ET0305,North Shewa (AM),ET03,Amhara,ET,2023,8,2,ETH,ET030507,1.0,1.0
ET030507,Antsokiya,ET0305,North Shewa (AM),ET03,Amhara,ET,2023,9,26,ETH,ET030507,13.0,13.0
ET030507,Antsokiya,ET0305,North Shewa (AM),ET03,Amhara,ET,2023,11,18,ETH,ET030507,9.0,9.0
ET030507,Antsokiya,ET0305,North Shewa (AM),ET03,Amhara,ET,2023,12,10,ETH,ET030507,5.0,5.0
ET030507,Antsokiya,ET0305,North Shewa (AM),ET03,Amhara,ET,2024,1,4,ETH,ET030507,2.0,2.0
ET030507,Antsokiya,ET0305,North Shewa (AM),ET03,Amhara,ET,2024,2,4,ETH,ET030507,2.0,2.0
ET030507,Antsokiya,ET0305,North Shewa (AM),ET03,Amhara,ET,2024,8,1,ETH,ET030507,0.5,0.5
ET030507,Antsokiya,ET0305,North Shewa (AM),ET03,Amhara,ET,2024,10,3,ETH,ET030507,1.5,1.5
ET030507,Antsokiya,ET0305,North Shewa (AM),ET03,Amhara,ET,2024,11,2,ETH,ET030507,1.0,1.0
ET030507,Antsokiya,ET0305,North Shewa (AM),ET03,Amhara,ET,2024,12,0,ETH,ET030507,0.0,0.0
ET030507,Antsokiya,ET0305,North Shewa (AM),ET03,Amhara,ET,2025,8,8,ETH,ET030507,4.0,4.0
ET030507,Antsokiya,ET0305,North Shewa (AM),ET03,Amhara,ET,2025,9,0,ETH,ET030507,0.0,0.0
ET030508,Eferatana Gidem,ET0305,North Shewa (AM),ET03,Amhara,ET,2018,7,0,ETH,ET030508,0.0,0.0
ET030508,Eferatana Gidem,ET0305,North Shewa (AM),ET03,Amhara,ET,2019,4,2,ETH,ET030508,1.0,1.0
ET030508,Eferatana Gidem,ET0305,North Shewa (AM),ET03,Amhara,ET,2019,10,8,ETH,ET030508,4.0,4.0
ET030508,Eferatana Gidem,ET0305,North Shewa (AM),ET03,Amhara,ET,2019,11,1,ETH,ET030508,0.5,0.5
ET030508,Eferatana Gidem,ET0305,North Shewa (AM),ET03,Amhara,ET,2021,3,20,ETH,ET030508,10.0,10.0
ET030508,Eferatana Gidem,ET0305,North Shewa (AM),ET03,Amhara,ET,2021,4,4,ETH,ET030508,2.0,2.0
ET030508,Eferatana Gidem,ET0305,North Shewa (AM),ET03,Amhara,ET,2021,10,0,ETH,ET030508,0.0,0.0
ET030508,Eferatana Gidem,ET0305,North Shewa (AM),ET03,Amhara,ET,2021,11,13,ETH,ET030508,6.5,6.5
ET030508,Eferatana Gidem,ET0305,North Shewa (AM),ET03,Amhara,ET,2021,12,0,ETH,ET030508,0.0,0.0
ET030508,Eferatana Gidem,ET0305,North Shewa (AM),ET03,Amhara,ET,2022,4,10,ETH,ET030508,5.0,5.0
ET030508,Eferatana Gidem,ET0305,North Shewa (AM),ET03,Amhara,ET,2022,7,24,ETH,ET030508,12.0,12.0
ET030508,Eferatana Gidem,ET0305,North Shewa (AM),ET03,Amhara,ET,2023,1,84,ETH,ET030508,42.0,42.0
ET030508,Eferatana Gidem,ET0305,North Shewa (AM),ET03,Amhara,ET,2023,4,3,ETH,ET030508,1.5,1.5
ET030508,Eferatana Gidem,ET0305,North Shewa (AM),ET03,Amhara,ET,2023,10,5,ETH,ET030508,2.5,2.5
ET030508,Eferatana Gidem,ET0305,North Shewa (AM),ET03,Amhara,ET,2024,1,6,ETH,ET030508,3.0,3.0
ET030508,Eferatana Gidem,ET0305,North Shewa (AM),ET03,Amhara,ET,2024,2,10,ETH,ET030508,5.0,5.0
ET030508,Eferatana Gidem,ET0305,North Shewa (AM),ET03,Amhara,ET,2024,3,5,ETH,ET030508,2.5,2.5
ET030508,Eferatana Gidem,ET0305,North Shewa (AM),ET03,Amhara,ET,2024,6,1,ETH,ET030508,0.5,0.5
ET030508,Eferatana Gidem,ET0305,North Shewa (AM),ET03,Amhara,ET,2024,10,0,ETH,ET030508,0.0,0.0
ET030508,Eferatana Gidem,ET0305,North Shewa (AM),ET03,Amhara,ET,2024,12,0,ETH,ET030508,0.0,0.0
ET030508,Eferatana Gidem,ET0305,North Shewa (AM),ET03,Amhara,ET,2025,1,9,ETH,ET030508,4.5,4.5
ET030508,Eferatana Gidem,ET0305,North Shewa (AM),ET03,Amhara,ET,2025,2,19,ETH,ET030508,9.5,9.5
ET030508,Eferatana Gidem,ET0305,North Shewa (AM),ET03,Amhara,ET,2025,3,4,ETH,ET030508,2.0,2.0
ET030508,Eferatana Gidem,ET0305,North Shewa (AM),ET03,Amhara,ET,2025,7,0,ETH,ET030508,0.0,0.0
ET030508,Eferatana Gidem,ET0305,North Shewa (AM),ET03,Amhara,ET,2025,8,15,ETH,ET030508,7.5,7.5
ET030508,Eferatana Gidem,ET0305,North Shewa (AM),ET03,Amhara,ET,2025,9,12,ETH,ET030508,6.0,6.0
ET030509,Menze Mama Midir,ET0305,North Shewa (AM),ET03,Amhara,ET,2021,4,10,ETH,ET030509,5.0,5.0
ET030509,Menze Mama Midir,ET0305,North Shewa (AM),ET03,Amhara,ET,2021,11,42,ETH,ET030509,21.0,21.0
ET030509,Menze Mama Midir,ET0305,North Shewa (AM),ET03,Amhara,ET,2022,4,4,ETH,ET030509,2.0,2.0
ET030509,Menze Mama Midir,ET0305,North Shewa (AM),ET03,Amhara,ET,2023,1,2,ETH,ET030509,1.0,1.0
ET030509,Menze Mama Midir,ET0305,North Shewa (AM),ET03,Amhara,ET,2023,11,0,ETH,ET030509,0.0,0.0
ET030510,Tarema Ber,ET0305,North Shewa (AM),ET03,Amhara,ET,2021,11,0,ETH,ET030510,0.0,0.0
ET030510,Tarema Ber,ET0305,North Shewa (AM),ET03,Amhara,ET,2021,12,10,ETH,ET030510,5.0,5.0
ET030510,Tarema Ber,ET0305,North Shewa (AM),ET03,Amhara,ET,2023,4,0,ETH,ET030510,0.0,0.0
ET030510,Tarema Ber,ET0305,North Shewa (AM),ET03,Amhara,ET,2023,5,3,ETH,ET030510,1.5,1.5
ET030510,Tarema Ber,ET0305,North Shewa (AM),ET03,Amhara,ET,2024,2,0,ETH,ET030510,0.0,0.0
ET030510,Tarema Ber,ET0305,North Shewa (AM),ET03,Amhara,ET,2024,3,4,ETH,ET030510,2.0,2.0
ET030510,Tarema Ber,ET0305,North Shewa (AM),ET03,Amhara,ET,2024,4,10,ETH,ET030510,5.0,5.0
ET030510,Tarema Ber,ET0305,North Shewa (AM),ET03,Amhara,ET,2024,5,7,ETH,ET030510,3.5,3.5
ET030510,Tarema Ber,ET0305,North Shewa (AM),ET03,Amhara,ET,2024,6,15,ETH,ET030510,7.5,7.5
ET030510,Tarema Ber,ET0305,North Shewa (AM),ET03,Amhara,ET,2024,11,0,ETH,ET030510,0.0,0.0
ET030510,Tarema Ber,ET0305,North Shewa (AM),ET03,Amhara,ET,2024,12,0,ETH,ET030510,0.0,0.0
ET030510,Tarema Ber,ET0305,North Shewa (AM),ET03,Amhara,ET,2025,1,1,ETH,ET030510,0.5,0.5
ET030510,Tarema Ber,ET0305,North Shewa (AM),ET03,Amhara,ET,2025,9,15,ETH,ET030510,7.5,7.5
ET030511,Mojan Wedera,ET0305,North Shewa (AM),ET03,Amhara,ET,2021,11,0,ETH,ET030511,0.0,0.0
ET030511,Mojan Wedera,ET0305,North Shewa (AM),ET03,Amhara,ET,2024,1,3,ETH,ET030511,1.5,1.5
ET030511,Mojan Wedera,ET0305,North Shewa (AM),ET03,Amhara,ET,2024,2,30,ETH,ET030511,15.0,15.0
ET030511,Mojan Wedera,ET0305,North Shewa (AM),ET03,Amhara,ET,2024,4,0,ETH,ET030511,0.0,0.0
ET030511,Mojan Wedera,ET0305,North Shewa (AM),ET03,Amhara,ET,2024,8,9,ETH,ET030511,4.5,4.5
ET030511,Mojan Wedera,ET0305,North Shewa (AM),ET03,Amhara,ET,2024,9,0,ETH,ET030511,0.0,0.0
ET030511,Mojan Wedera,ET0305,North Shewa (AM),ET03,Amhara,ET,2024,12,0,ETH,ET030511,0.0,0.0
ET030511,Mojan Wedera,ET0305,North Shewa (AM),ET03,Amhara,ET,2025,5,2,ETH,ET030511,1.0,1.0
ET030511,Mojan Wedera,ET0305,North Shewa (AM),ET03,Amhara,ET,2025,7,3,ETH,ET030511,1.5,1.5
ET030511,Mojan Wedera,ET0305,North Shewa (AM),ET03,Amhara,ET,2025,9,22,ETH,ET030511,11.0,11.0
ET030512,Kewet,ET0305,North Shewa (AM),ET03,Amhara,ET,2024,5,2,ETH,ET030512,1.0,1.0
ET030512,Kewet,ET0305,North Shewa (AM),ET03,Amhara,ET,2024,6,1,ETH,ET030512,0.5,0.5
ET030512,Kewet,ET0305,North Shewa (AM),ET03,Amhara,ET,2024,12,0,ETH,ET030512,0.0,0.0
ET030512,Kewet,ET0305,North Shewa (AM),ET03,Amhara,ET,2025,1,1,ETH,ET030512,0.5,0.5
ET030512,Kewet,ET0305,North Shewa (AM),ET03,Amhara,ET,2025,9,3,ETH,ET030512,1.5,1.5
ET030513,Angolelana Tera,ET0305,North Shewa (AM),ET03,Amhara,ET,2006,3,1,ETH,ET030513,0.5,0.5
ET030513,Angolelana Tera,ET0305,North Shewa (AM),ET03,Amhara,ET,2014,5,0,ETH,ET030513,0.0,0.0
ET030513,Angolelana Tera,ET0305,North Shewa (AM),ET03,Amhara,ET,2016,5,0,ETH,ET030513,0.0,0.0
ET030513,Angolelana Tera,ET0305,North Shewa (AM),ET03,Amhara,ET,2016,10,0,ETH,ET030513,0.0,0.0
ET030513,Angolelana Tera,ET0305,North Shewa (AM),ET03,Amhara,ET,2023,10,0,ETH,ET030513,0.0,0.0
ET030513,Angolelana Tera,ET0305,North Shewa (AM),ET03,Amhara,ET,2024,3,0,ETH,ET030513,0.0,0.0
ET030513,Angolelana Tera,ET0305,North Shewa (AM),ET03,Amhara,ET,2024,7,0,ETH,ET030513,0.0,0.0
ET030513,Angolelana Tera,ET0305,North Shewa (AM),ET03,Amhara,ET,2024,8,0,ETH,ET030513,0.0,0.0
ET030513,Angolelana Tera,ET0305,North Shewa (AM),ET03,Amhara,ET,2024,10,0,ETH,ET030513,0.0,0.0
ET030513,Angolelana Tera,ET0305,North Shewa (AM),ET03,Amhara,ET,2024,11,1,ETH,ET030513,0.5,0.5
ET030513,Angolelana Tera,ET0305,North Shewa (AM),ET03,Amhara,ET,2025,1,0,ETH,ET030513,0.0,0.0
ET030513,Angolelana Tera,ET0305,North Shewa (AM),ET03,Amhara,ET,2025,7,0,ETH,ET030513,0.0,0.0
ET030514,Assagirt,ET0305,North Shewa (AM),ET03,Amhara,ET,2002,6,9,ETH,ET030514,4.5,4.5
ET030514,Assagirt,ET0305,North Shewa (AM),ET03,Amhara,ET,2016,11,14,ETH,ET030514,7.0,7.0
ET030514,Assagirt,ET0305,North Shewa (AM),ET03,Amhara,ET,2023,10,3,ETH,ET030514,1.5,1.5
ET030514,Assagirt,ET0305,North Shewa (AM),ET03,Amhara,ET,2024,4,6,ETH,ET030514,3.0,3.0
ET030514,Assagirt,ET0305,North Shewa (AM),ET03,Amhara,ET,2024,6,3,ETH,ET030514,1.5,1.5
ET030514,Assagirt,ET0305,North Shewa (AM),ET03,Amhara,ET,2024,7,3,ETH,ET030514,1.5,1.5
ET030514,Assagirt,ET0305,North Shewa (AM),ET03,Amhara,ET,2024,8,0,ETH,ET030514,0.0,0.0
ET030514,Assagirt,ET0305,North Shewa (AM),ET03,Amhara,ET,2024,10,1,ETH,ET030514,0.5,0.5
ET030514,Assagirt,ET0305,North Shewa (AM),ET03,Amhara,ET,2024,11,3,ETH,ET030514,1.5,1.5
ET030514,Assagirt,ET0305,North Shewa (AM),ET03,Amhara,ET,2025,1,1,ETH,ET030514,0.5,0.5
ET030514,Assagirt,ET0305,North Shewa (AM),ET03,Amhara,ET,2025,5,0,ETH,ET030514,0.0,0.0
ET030514,Assagirt,ET0305,North Shewa (AM),ET03,Amhara,ET,2025,7,0,ETH,ET030514,0.0,0.0
ET030514,Assagirt,ET0305,North Shewa (AM),ET03,Amhara,ET,2025,8,10,ETH,ET030514,5.0,5.0
ET030515,Ankober,ET0305,North Shewa (AM),ET03,Amhara,ET,2023,9,0,ETH,ET030515,0.0,0.0
ET030515,Ankober,ET0305,North Shewa (AM),ET03,Amhara,ET,2023,11,3,ETH,ET030515,1.5,1.5
ET030515,Ankober,ET0305,North Shewa (AM),ET03,Amhara,ET,2024,11,0,ETH,ET030515,0.0,0.0
ET030515,Ankober,ET0305,North Shewa (AM),ET03,Amhara,ET,2025,7,10,ETH,ET030515,5.0,5.0
ET030515,Ankober,ET0305,North Shewa (AM),ET03,Amhara,ET,2025,9,6,ETH,ET030515,3.0,3.0
ET030516,Hagere Mariam,ET0305,North Shewa (AM),ET03,Amhara,ET,2024,3,0,ETH,ET030516,0.0,0.0
ET030516,Hagere Mariam,ET0305,North Shewa (AM),ET03,Amhara,ET,2024,4,0,ETH,ET030516,0.0,0.0
ET030516,Hagere Mariam,ET0305,North Shewa (AM),ET03,Amhara,ET,2024,5,1,ETH,ET030516,0.5,0.5
ET030516,Hagere Mariam,ET0305,North Shewa (AM),ET03,Amhara,ET,2024,6,0,ETH,ET030516,0.0,0.0
ET030516,Hagere Mariam,ET0305,North Shewa (AM),ET03,Amhara,ET,2024,7,6,ETH,ET030516,3.0,3.0
ET030516,Hagere Mariam,ET0305,North Shewa (AM),ET03,Amhara,ET,2025,1,0,ETH,ET030516,0.0,0.0
ET030516,Hagere Mariam,ET0305,North Shewa (AM),ET03,Amhara,ET,2025,2,5,ETH,ET030516,2.5,2.5
ET030516,Hagere Mariam,ET0305,North Shewa (AM),ET03,Amhara,ET,2025,6,1,ETH,ET030516,0.5,0.5
ET030516,Hagere Mariam,ET0305,North Shewa (AM),ET03,Amhara,ET,2025,7,0,ETH,ET030516,0.0,0.0
ET030516,Hagere Mariam,ET0305,North Shewa (AM),ET03,Amhara,ET,2025,8,3,ETH,ET030516,1.5,1.5
ET030517,Berehet,ET0305,North Shewa (AM),ET03,Amhara,ET,2023,10,22,ETH,ET030517,11.0,11.0
ET030517,Berehet,ET0305,North Shewa (AM),ET03,Amhara,ET,2024,6,0,ETH,ET030517,0.0,0.0
ET030517,Berehet,ET0305,North Shewa (AM),ET03,Amhara,ET,2024,10,10,ETH,ET030517,5.0,5.0
ET030517,Berehet,ET0305,North Shewa (AM),ET03,Amhara,ET,2024,11,4,ETH,ET030517,2.0,2.0
ET030517,Berehet,ET0305,North Shewa (AM),ET03,Amhara,ET,2025,1,1,ETH,ET030517,0.5,0.5
ET030517,Berehet,ET0305,North Shewa (AM),ET03,Amhara,ET,2025,2,9,ETH,ET030517,4.5,4.5
ET030517,Berehet,ET0305,North Shewa (AM),ET03,Amhara,ET,2025,7,5,ETH,ET030517,2.5,2.5
ET030518,Minjar Shenkora,ET0305,North Shewa (AM),ET03,Amhara,ET,2011,11,5,ETH,ET030518,2.5,2.5
ET030518,Minjar Shenkora,ET0305,North Shewa (AM),ET03,Amhara,ET,2013,11,2,ETH,ET030518,1.0,1.0
ET030518,Minjar Shenkora,ET0305,North Shewa (AM),ET03,Amhara,ET,2017,11,0,ETH,ET030518,0.0,0.0
ET030518,Minjar Shenkora,ET0305,North Shewa (AM),ET03,Amhara,ET,2018,10,0,ETH,ET030518,0.0,0.0
ET030518,Minjar Shenkora,ET0305,North Shewa (AM),ET03,Amhara,ET,2022,3,3,ETH,ET030518,1.5,1.5
ET030518,Minjar Shenkora,ET0305,North Shewa (AM),ET03,Amhara,ET,2023,9,6,ETH,ET030518,3.0,3.0
ET030518,Minjar Shenkora,ET0305,North Shewa (AM),ET03,Amhara,ET,2023,10,28,ETH,ET030518,14.0,14.0
ET030518,Minjar Shenkora,ET0305,North Shewa (AM),ET03,Amhara,ET,2023,12,5,ETH,ET030518,2.5,2.5
ET030518,Minjar Shenkora,ET0305,North Shewa (AM),ET03,Amhara,ET,2024,1,2,ETH,ET030518,1.0,1.0
ET030518,Minjar Shenkora,ET0305,North Shewa (AM),ET03,Amhara,ET,2024,2,0,ETH,ET030518,0.0,0.0
ET030518,Minjar Shenkora,ET0305,North Shewa (AM),ET03,Amhara,ET,2024,4,13,ETH,ET030518,6.5,6.5
ET030518,Minjar Shenkora,ET0305,North Shewa (AM),ET03,Amhara,ET,2024,5,1,ETH,ET030518,0.5,0.5
ET030518,Minjar Shenkora,ET0305,North Shewa (AM),ET03,Amhara,ET,2024,6,0,ETH,ET030518,0.0,0.0
ET030518,Minjar Shenkora,ET0305,North Shewa (AM),ET03,Amhara,ET,2024,8,2,ETH,ET030518,1.0,1.0
ET030518,Minjar Shenkora,ET0305,North Shewa (AM),ET03,Amhara,ET,2024,9,1,ETH,ET030518,0.5,0.5
ET030518,Minjar Shenkora,ET0305,North Shewa (AM),ET03,Amhara,ET,2024,10,10,ETH,ET030518,5.0,5.0
ET030518,Minjar Shenkora,ET0305,North Shewa (AM),ET03,Amhara,ET,2024,11,12,ETH,ET030518,6.0,6.0
ET030518,Minjar Shenkora,ET0305,North Shewa (AM),ET03,Amhara,ET,2024,12,16,ETH,ET030518,8.0,8.0
ET030518,Minjar Shenkora,ET0305,North Shewa (AM),ET03,Amhara,ET,2025,1,4,ETH,ET030518,2.0,2.0
ET030518,Minjar Shenkora,ET0305,North Shewa (AM),ET03,Amhara,ET,2025,2,3,ETH,ET030518,1.5,1.5
ET030518,Minjar Shenkora,ET0305,North Shewa (AM),ET03,Amhara,ET,2025,3,13,ETH,ET030518,6.5,6.5
ET030518,Minjar Shenkora,ET0305,North Shewa (AM),ET03,Amhara,ET,2025,5,5,ETH,ET030518,2.5,2.5
ET030518,Minjar Shenkora,ET0305,North Shewa (AM),ET03,Amhara,ET,2025,6,4,ETH,ET030518,2.0,2.0
ET030518,Minjar Shenkora,ET0305,North Shewa (AM),ET03,Amhara,ET,2025,7,20,ETH,ET030518,10.0,10.0
ET030518,Minjar Shenkora,ET0305,North Shewa (AM),ET03,Amhara,ET,2025,9,3,ETH,ET030518,1.5,1.5
ET030519,Basona Worena,ET0305,North Shewa (AM),ET03,Amhara,ET,2010,1,21,ETH,ET030519,10.5,10.5
ET030519,Basona Worena,ET0305,North Shewa (AM),ET03,Amhara,ET,2012,12,16,ETH,ET030519,8.0,8.0
ET030519,Basona Worena,ET0305,North Shewa (AM),ET03,Amhara,ET,2024,4,4,ETH,ET030519,2.0,2.0
ET030519,Basona Worena,ET0305,North Shewa (AM),ET03,Amhara,ET,2024,10,3,ETH,ET030519,1.5,1.5
ET030519,Basona Worena,ET0305,North Shewa (AM),ET03,Amhara,ET,2024,11,4,ETH,ET030519,2.0,2.0
ET030519,Basona Worena,ET0305,North Shewa (AM),ET03,Amhara,ET,2024,12,0,ETH,ET030519,0.0,0.0
ET030519,Basona Worena,ET0305,North Shewa (AM),ET03,Amhara,ET,2025,1,3,ETH,ET030519,1.5,1.5
ET030519,Basona Worena,ET0305,North Shewa (AM),ET03,Amhara,ET,2025,4,10,ETH,ET030519,5.0,5.0
ET030519,Basona Worena,ET0305,North Shewa (AM),ET03,Amhara,ET,2025,9,4,ETH,ET030519,2.0,2.0
ET030520,Debre Berhan town,ET0305,North Shewa (AM),ET03,Amhara,ET,2005,11,0,ETH,ET030520,0.0,0.0
ET030520,Debre Berhan town,ET0305,North Shewa (AM),ET03,Amhara,ET,2012,10,0,ETH,ET030520,0.0,0.0
ET030520,Debre Berhan town,ET0305,North Shewa (AM),ET03,Amhara,ET,2016,1,0,ETH,ET030520,0.0,0.0
ET030520,Debre Berhan town,ET0305,North Shewa (AM),ET03,Amhara,ET,2018,10,0,ETH,ET030520,0.0,0.0
ET030520,Debre Berhan town,ET0305,North Shewa (AM),ET03,Amhara,ET,2018,11,0,ETH,ET030520,0.0,0.0
ET030520,Debre Berhan town,ET0305,North Shewa (AM),ET03,Amhara,ET,2019,5,0,ETH,ET030520,0.0,0.0
ET030520,Debre Berhan town,ET0305,North Shewa (AM),ET03,Amhara,ET,2019,10,0,ETH,ET030520,0.0,0.0
ET030520,Debre Berhan town,ET0305,North Shewa (AM),ET03,Amhara,ET,2020,1,0,ETH,ET030520,0.0,0.0
ET030520,Debre Berhan town,ET0305,North Shewa (AM),ET03,Amhara,ET,2021,4,0,ETH,ET030520,0.0,0.0
ET030520,Debre Berhan town,ET0305,North Shewa (AM),ET03,Amhara,ET,2021,11,0,ETH,ET030520,0.0,0.0
ET030520,Debre Berhan town,ET0305,North Shewa (AM),ET03,Amhara,ET,2022,8,0,ETH,ET030520,0.0,0.0
ET030520,Debre Berhan town,ET0305,North Shewa (AM),ET03,Amhara,ET,2022,10,0,ETH,ET030520,0.0,0.0
ET030520,Debre Berhan town,ET0305,North Shewa (AM),ET03,Amhara,ET,2023,4,13,ETH,ET030520,6.5,6.5
ET030520,Debre Berhan town,ET0305,North Shewa (AM),ET03,Amhara,ET,2023,7,1,ETH,ET030520,0.5,0.5
ET030520,Debre Berhan town,ET0305,North Shewa (AM),ET03,Amhara,ET,2023,8,13,ETH,ET030520,6.5,6.5
ET030520,Debre Berhan town,ET0305,North Shewa (AM),ET03,Amhara,ET,2023,9,0,ETH,ET030520,0.0,0.0
ET030520,Debre Berhan town,ET0305,North Shewa (AM),ET03,Amhara,ET,2023,10,1,ETH,ET030520,0.5,0.5
ET030520,Debre Berhan town,ET0305,North Shewa (AM),ET03,Amhara,ET,2023,11,0,ETH,ET030520,0.0,0.0
ET030520,Debre Berhan town,ET0305,North Shewa (AM),ET03,Amhara,ET,2024,1,10,ETH,ET030520,5.0,5.0
ET030520,Debre Berhan town,ET0305,North Shewa (AM),ET03,Amhara,ET,2024,2,0,ETH,ET030520,0.0,0.0
ET030520,Debre Berhan town,ET0305,North Shewa (AM),ET03,Amhara,ET,2024,3,0,ETH,ET030520,0.0,0.0
ET030520,Debre Berhan town,ET0305,North Shewa (AM),ET03,Amhara,ET,2024,4,13,ETH,ET030520,6.5,6.5
ET030520,Debre Berhan town,ET0305,North Shewa (AM),ET03,Amhara,ET,2024,5,4,ETH,ET030520,2.0,2.0
ET030520,Debre Berhan town,ET0305,North Shewa (AM),ET03,Amhara,ET,2024,6,6,ETH,ET030520,3.0,3.0
ET030520,Debre Berhan town,ET0305,North Shewa (AM),ET03,Amhara,ET,2024,7,3,ETH,ET030520,1.5,1.5
ET030520,Debre Berhan town,ET0305,North Shewa (AM),ET03,Amhara,ET,2024,8,3,ETH,ET030520,1.5,1.5
ET030520,Debre Berhan town,ET0305,North Shewa (AM),ET03,Amhara,ET,2024,10,1,ETH,ET030520,0.5,0.5
ET030520,Debre Berhan town,ET0305,North Shewa (AM),ET03,Amhara,ET,2024,11,10,ETH,ET030520,5.0,5.0
ET030520,Debre Berhan town,ET0305,North Shewa (AM),ET03,Amhara,ET,2024,12,17,ETH,ET030520,8.5,8.5
ET030520,Debre Berhan town,ET0305,North Shewa (AM),ET03,Amhara,ET,2025,1,0,ETH,ET030520,0.0,0.0
ET030520,Debre Berhan town,ET0305,North Shewa (AM),ET03,Amhara,ET,2025,2,3,ETH,ET030520,1.5,1.5
ET030520,Debre Berhan town,ET0305,North Shewa (AM),ET03,Amhara,ET,2025,3,6,ETH,ET030520,3.0,3.0
ET030520,Debre Berhan town,ET0305,North Shewa (AM),ET03,Amhara,ET,2025,4,0,ETH,ET030520,0.0,0.0
ET030520,Debre Berhan town,ET0305,North Shewa (AM),ET03,Amhara,ET,2025,6,0,ETH,ET030520,0.0,0.0
ET030520,Debre Berhan town,ET0305,North Shewa (AM),ET03,Amhara,ET,2025,7,0,ETH,ET030520,0.0,0.0
ET030520,Debre Berhan town,ET0305,North Shewa (AM),ET03,Amhara,ET,2025,8,1,ETH,ET030520,0.5,0.5
ET030521,Menze Keya Gabriel,ET0305,North Shewa (AM),ET03,Amhara,ET,2023,9,12,ETH,ET030521,6.0,6.0
ET030521,Menze Keya Gabriel,ET0305,North Shewa (AM),ET03,Amhara,ET,2024,8,0,ETH,ET030521,0.0,0.0
ET030521,Menze Keya Gabriel,ET0305,North Shewa (AM),ET03,Amhara,ET,2025,8,6,ETH,ET030521,3.0,3.0
ET030522,Menze Lalo Midir,ET0305,North Shewa (AM),ET03,Amhara,ET,2024,2,0,ETH,ET030522,0.0,0.0
ET030522,Menze Lalo Midir,ET0305,North Shewa (AM),ET03,Amhara,ET,2024,12,0,ETH,ET030522,0.0,0.0
ET030523,Siya Debirna Wayu,ET0305,North Shewa (AM),ET03,Amhara,ET,2013,11,4,ETH,ET030523,2.0,2.0
ET030523,Siya Debirna Wayu,ET0305,North Shewa (AM),ET03,Amhara,ET,2023,8,10,ETH,ET030523,5.0,5.0
ET030523,Siya Debirna Wayu,ET0305,North Shewa (AM),ET03,Amhara,ET,2023,12,10,ETH,ET030523,5.0,5.0
ET030523,Siya Debirna Wayu,ET0305,North Shewa (AM),ET03,Amhara,ET,2024,4,3,ETH,ET030523,1.5,1.5
ET030523,Siya Debirna Wayu,ET0305,North Shewa (AM),ET03,Amhara,ET,2024,11,3,ETH,ET030523,1.5,1.5
ET030523,Siya Debirna Wayu,ET0305,North Shewa (AM),ET03,Amhara,ET,2025,3,0,ETH,ET030523,0.0,0.0
ET030523,Siya Debirna Wayu,ET0305,North Shewa (AM),ET03,Amhara,ET,2025,7,0,ETH,ET030523,0.0,0.0
ET030526,Molale town,ET0305,North Shewa (AM),ET03,Amhara,ET,2021,3,0,ETH,ET030526,0.0,0.0
ET030526,Molale town,ET0305,North Shewa (AM),ET03,Amhara,ET,2021,4,10,ETH,ET030526,5.0,5.0
ET030526,Molale town,ET0305,North Shewa (AM),ET03,Amhara,ET,2022,4,2,ETH,ET030526,1.0,1.0
ET030526,Molale town,ET0305,North Shewa (AM),ET03,Amhara,ET,2024,8,0,ETH,ET030526,0.0,0.0
ET030526,Molale town,ET0305,North Shewa (AM),ET03,Amhara,ET,2024,11,3,ETH,ET030526,1.5,1.5
ET030526,Molale town,ET0305,North Shewa (AM),ET03,Amhara,ET,2025,4,1,ETH,ET030526,0.5,0.5
ET030527,Debre Sina town,ET0305,North Shewa (AM),ET03,Amhara,ET,2021,11,0,ETH,ET030527,0.0,0.0
ET030527,Debre Sina town,ET0305,North Shewa (AM),ET03,Amhara,ET,2021,12,0,ETH,ET030527,0.0,0.0
ET030527,Debre Sina town,ET0305,North Shewa (AM),ET03,Amhara,ET,2023,5,15,ETH,ET030527,7.5,7.5
ET030527,Debre Sina town,ET0305,North Shewa (AM),ET03,Amhara,ET,2023,8,0,ETH,ET030527,0.0,0.0
ET030527,Debre Sina town,ET0305,North Shewa (AM),ET03,Amhara,ET,2024,8,1,ETH,ET030527,0.5,0.5
ET030595,Shoa Robit,ET0305,North Shewa (AM),ET03,Amhara,ET,2009,5,0,ETH,ET030595,0.0,0.0
ET030595,Shoa Robit,ET0305,North Shewa (AM),ET03,Amhara,ET,2018,1,0,ETH,ET030595,0.0,0.0
ET030595,Shoa Robit,ET0305,North Shewa (AM),ET03,Amhara,ET,2018,7,0,ETH,ET030595,0.0,0.0
ET030595,Shoa Robit,ET0305,North Shewa (AM),ET03,Amhara,ET,2020,2,0,ETH,ET030595,0.0,0.0
ET030595,Shoa Robit,ET0305,North Shewa (AM),ET03,Amhara,ET,2020,5,1,ETH,ET030595,0.5,0.5
ET030595,Shoa Robit,ET0305,North Shewa (AM),ET03,Amhara,ET,2021,4,25,ETH,ET030595,12.5,12.5
ET030595,Shoa Robit,ET0305,North Shewa (AM),ET03,Amhara,ET,2021,11,68,ETH,ET030595,34.0,34.0
ET030595,Shoa Robit,ET0305,North Shewa (AM),ET03,Amhara,ET,2021,12,15,ETH,ET030595,7.5,7.5
ET030595,Shoa Robit,ET0305,North Shewa (AM),ET03,Amhara,ET,2022,6,6,ETH,ET030595,3.0,3.0
ET030595,Shoa Robit,ET0305,North Shewa (AM),ET03,Amhara,ET,2022,9,1,ETH,ET030595,0.5,0.5
ET030595,Shoa Robit,ET0305,North Shewa (AM),ET03,Amhara,ET,2023,1,11,ETH,ET030595,5.5,5.5
ET030595,Shoa Robit,ET0305,North Shewa (AM),ET03,Amhara,ET,2023,5,8,ETH,ET030595,4.0,4.0
ET030595,Shoa Robit,ET0305,North Shewa (AM),ET03,Amhara,ET,2023,6,1,ETH,ET030595,0.5,0.5
ET030595,Shoa Robit,ET0305,North Shewa (AM),ET03,Amhara,ET,2023,7,19,ETH,ET030595,9.5,9.5
ET030595,Shoa Robit,ET0305,North Shewa (AM),ET03,Amhara,ET,2023,8,3,ETH,ET030595,1.5,1.5
ET030595,Shoa Robit,ET0305,North Shewa (AM),ET03,Amhara,ET,2023,9,4,ETH,ET030595,2.0,2.0
ET030595,Shoa Robit,ET0305,North Shewa (AM),ET03,Amhara,ET,2023,12,2,ETH,ET030595,1.0,1.0
ET030595,Shoa Robit,ET0305,North Shewa (AM),ET03,Amhara,ET,2024,1,0,ETH,ET030595,0.0,0.0
ET030595,Shoa Robit,ET0305,North Shewa (AM),ET03,Amhara,ET,2024,2,17,ETH,ET030595,8.5,8.5
ET030595,Shoa Robit,ET0305,North Shewa (AM),ET03,Amhara,ET,2024,3,17,ETH,ET030595,8.5,8.5
ET030595,Shoa Robit,ET0305,North Shewa (AM),ET03,Amhara,ET,2024,6,1,ETH,ET030595,0.5,0.5
ET030595,Shoa Robit,ET0305,North Shewa (AM),ET03,Amhara,ET,2024,9,2,ETH,ET030595,1.0,1.0
ET030595,Shoa Robit,ET0305,North Shewa (AM),ET03,Amhara,ET,2024,10,3,ETH,ET030595,1.5,1.5
ET030595,Shoa Robit,ET0305,North Shewa (AM),ET03,Amhara,ET,2024,12,19,ETH,ET030595,9.5,9.5
ET030595,Shoa Robit,ET0305,North Shewa (AM),ET03,Amhara,ET,2025,1,1,ETH,ET030595,0.5,0.5
ET030595,Shoa Robit,ET0305,North Shewa (AM),ET03,Amhara,ET,2025,6,10,ETH,ET030595,5.0,5.0
ET030595,Shoa Robit,ET0305,North Shewa (AM),ET03,Amhara,ET,2025,8,3,ETH,ET030595,1.5,1.5
ET030595,Shoa Robit,ET0305,North Shewa (AM),ET03,Amhara,ET,2025,9,3,ETH,ET030595,1.5,1.5
ET030597,Mehale Meda town,ET0305,North Shewa (AM),ET03,Amhara,ET,2020,3,3,ETH,ET030597,1.5,1.5
ET030597,Mehale Meda town,ET0305,North Shewa (AM),ET03,Amhara,ET,2021,11,7,ETH,ET030597,3.5,3.5
ET030597,Mehale Meda town,ET0305,North Shewa (AM),ET03,Amhara,ET,2021,12,0,ETH,ET030597,0.0,0.0
ET030597,Mehale Meda town,ET0305,North Shewa (AM),ET03,Amhara,ET,2023,10,0,ETH,ET030597,0.0,0.0
ET030597,Mehale Meda town,ET0305,North Shewa (AM),ET03,Amhara,ET,2024,5,0,ETH,ET030597,0.0,0.0
ET030597,Mehale Meda town,ET0305,North Shewa (AM),ET03,Amhara,ET,2024,6,13,ETH,ET030597,6.5,6.5
ET030597,Mehale Meda town,ET0305,North Shewa (AM),ET03,Amhara,ET,2024,8,0,ETH,ET030597,0.0,0.0
ET030597,Mehale Meda town,ET0305,North Shewa (AM),ET03,Amhara,ET,2025,3,0,ETH,ET030597,0.0,0.0
ET030597,Mehale Meda town,ET0305,North Shewa (AM),ET03,Amhara,ET,2025,8,0,ETH,ET030597,0.0,0.0
ET030598,Ataye town,ET0305,North Shewa (AM),ET03,Amhara,ET,2021,3,175,ETH,ET030598,87.5,87.5
ET030598,Ataye town,ET0305,North Shewa (AM),ET03,Amhara,ET,2021,4,57,ETH,ET030598,28.5,28.5
ET030598,Ataye town,ET0305,North Shewa (AM),ET03,Amhara,ET,2021,11,22,ETH,ET030598,11.0,11.0
ET030598,Ataye town,ET0305,North Shewa (AM),ET03,Amhara,ET,2023,1,2,ETH,ET030598,1.0,1.0
ET030598,Ataye town,ET0305,North Shewa (AM),ET03,Amhara,ET,2023,4,0,ETH,ET030598,0.0,0.0
ET030598,Ataye town,ET0305,North Shewa (AM),ET03,Amhara,ET,2023,11,10,ETH,ET030598,5.0,5.0
ET030598,Ataye town,ET0305,North Shewa (AM),ET03,Amhara,ET,2023,12,2,ETH,ET030598,1.0,1.0
ET030598,Ataye town,ET0305,North Shewa (AM),ET03,Amhara,ET,2024,1,0,ETH,ET030598,0.0,0.0
ET030598,Ataye town,ET0305,North Shewa (AM),ET03,Amhara,ET,2024,2,0,ETH,ET030598,0.0,0.0
ET030598,Ataye town,ET0305,North Shewa (AM),ET03,Amhara,ET,2024,3,11,ETH,ET030598,5.5,5.5
ET030598,Ataye town,ET0305,North Shewa (AM),ET03,Amhara,ET,2024,6,0,ETH,ET030598,0.0,0.0
ET030598,Ataye town,ET0305,North Shewa (AM),ET03,Amhara,ET,2024,10,0,ETH,ET030598,0.0,0.0
ET030598,Ataye town,ET0305,North Shewa (AM),ET03,Amhara,ET,2025,1,0,ETH,ET030598,0.0,0.0
ET030598,Ataye town,ET0305,North Shewa (AM),ET03,Amhara,ET,2025,3,4,ETH,ET030598,2.0,2.0
ET030598,Ataye town,ET0305,North Shewa (AM),ET03,Amhara,ET,2025,6,10,ETH,ET030598,5.0,5.0
ET030598,Ataye town,ET0305,North Shewa (AM),ET03,Amhara,ET,2025,7,10,ETH,ET030598,5.0,5.0
ET030598,Ataye town,ET0305,North Shewa (AM),ET03,Amhara,ET,2025,8,11,ETH,ET030598,5.5,5.5
ET030601,Bibugn,ET0306,East Gojam,ET03,Amhara,ET,2023,8,0,ETH,ET030601,0.0,0.0
ET030601,Bibugn,ET0306,East Gojam,ET03,Amhara,ET,2023,9,17,ETH,ET030601,8.5,8.5
ET030601,Bibugn,ET0306,East Gojam,ET03,Amhara,ET,2023,11,33,ETH,ET030601,16.5,16.5
ET030601,Bibugn,ET0306,East Gojam,ET03,Amhara,ET,2024,3,10,ETH,ET030601,5.0,5.0
ET030601,Bibugn,ET0306,East Gojam,ET03,Amhara,ET,2024,4,0,ETH,ET030601,0.0,0.0
ET030601,Bibugn,ET0306,East Gojam,ET03,Amhara,ET,2024,5,4,ETH,ET030601,2.0,2.0
ET030601,Bibugn,ET0306,East Gojam,ET03,Amhara,ET,2024,7,10,ETH,ET030601,5.0,5.0
ET030601,Bibugn,ET0306,East Gojam,ET03,Amhara,ET,2024,9,16,ETH,ET030601,8.0,8.0
ET030601,Bibugn,ET0306,East Gojam,ET03,Amhara,ET,2024,10,18,ETH,ET030601,9.0,9.0
ET030601,Bibugn,ET0306,East Gojam,ET03,Amhara,ET,2024,11,20,ETH,ET030601,10.0,10.0
ET030601,Bibugn,ET0306,East Gojam,ET03,Amhara,ET,2025,1,2,ETH,ET030601,1.0,1.0
ET030601,Bibugn,ET0306,East Gojam,ET03,Amhara,ET,2025,3,1,ETH,ET030601,0.5,0.5
ET030601,Bibugn,ET0306,East Gojam,ET03,Amhara,ET,2025,4,15,ETH,ET030601,7.5,7.5
ET030601,Bibugn,ET0306,East Gojam,ET03,Amhara,ET,2025,7,1,ETH,ET030601,0.5,0.5
ET030601,Bibugn,ET0306,East Gojam,ET03,Amhara,ET,2025,8,0,ETH,ET030601,0.0,0.0
ET030602,Hulet Ej Enese,ET0306,East Gojam,ET03,Amhara,ET,2019,12,0,ETH,ET030602,0.0,0.0
ET030602,Hulet Ej Enese,ET0306,East Gojam,ET03,Amhara,ET,2022,3,4,ETH,ET030602,2.0,2.0
ET030602,Hulet Ej Enese,ET0306,East Gojam,ET03,Amhara,ET,2022,5,5,ETH,ET030602,2.5,2.5
ET030602,Hulet Ej Enese,ET0306,East Gojam,ET03,Amhara,ET,2022,10,0,ETH,ET030602,0.0,0.0
ET030602,Hulet Ej Enese,ET0306,East Gojam,ET03,Amhara,ET,2023,7,0,ETH,ET030602,0.0,0.0
ET030602,Hulet Ej Enese,ET0306,East Gojam,ET03,Amhara,ET,2023,9,0,ETH,ET030602,0.0,0.0
ET030602,Hulet Ej Enese,ET0306,East Gojam,ET03,Amhara,ET,2023,11,3,ETH,ET030602,1.5,1.5
ET030602,Hulet Ej Enese,ET0306,East Gojam,ET03,Amhara,ET,2024,3,0,ETH,ET030602,0.0,0.0
ET030602,Hulet Ej Enese,ET0306,East Gojam,ET03,Amhara,ET,2024,4,15,ETH,ET030602,7.5,7.5
ET030602,Hulet Ej Enese,ET0306,East Gojam,ET03,Amhara,ET,2024,5,3,ETH,ET030602,1.5,1.5
ET030602,Hulet Ej Enese,ET0306,East Gojam,ET03,Amhara,ET,2024,6,32,ETH,ET030602,16.0,16.0
ET030602,Hulet Ej Enese,ET0306,East Gojam,ET03,Amhara,ET,2024,7,1,ETH,ET030602,0.5,0.5
ET030602,Hulet Ej Enese,ET0306,East Gojam,ET03,Amhara,ET,2024,8,0,ETH,ET030602,0.0,0.0
ET030602,Hulet Ej Enese,ET0306,East Gojam,ET03,Amhara,ET,2024,10,37,ETH,ET030602,18.5,18.5
ET030602,Hulet Ej Enese,ET0306,East Gojam,ET03,Amhara,ET,2024,12,8,ETH,ET030602,4.0,4.0
ET030602,Hulet Ej Enese,ET0306,East Gojam,ET03,Amhara,ET,2025,3,0,ETH,ET030602,0.0,0.0
ET030602,Hulet Ej Enese,ET0306,East Gojam,ET03,Amhara,ET,2025,6,16,ETH,ET030602,8.0,8.0
ET030602,Hulet Ej Enese,ET0306,East Gojam,ET03,Amhara,ET,2025,7,3,ETH,ET030602,1.5,1.5
ET030602,Hulet Ej Enese,ET0306,East Gojam,ET03,Amhara,ET,2025,8,0,ETH,ET030602,0.0,0.0
ET030603,Goncha Siso Enebse,ET0306,East Gojam,ET03,Amhara,ET,2024,4,10,ETH,ET030603,5.0,5.0
ET030603,Goncha Siso Enebse,ET0306,East Gojam,ET03,Amhara,ET,2024,8,10,ETH,ET030603,5.0,5.0
ET030603,Goncha Siso Enebse,ET0306,East Gojam,ET03,Amhara,ET,2025,1,3,ETH,ET030603,1.5,1.5
ET030603,Goncha Siso Enebse,ET0306,East Gojam,ET03,Amhara,ET,2025,3,2,ETH,ET030603,1.0,1.0
ET030604,Enebse Sarmder,ET0306,East Gojam,ET03,Amhara,ET,2021,8,0,ETH,ET030604,0.0,0.0
ET030604,Enebse Sarmder,ET0306,East Gojam,ET03,Amhara,ET,2024,2,0,ETH,ET030604,0.0,0.0
ET030604,Enebse Sarmder,ET0306,East Gojam,ET03,Amhara,ET,2024,3,15,ETH,ET030604,7.5,7.5
ET030604,Enebse Sarmder,ET0306,East Gojam,ET03,Amhara,ET,2024,7,3,ETH,ET030604,1.5,1.5
ET030604,Enebse Sarmder,ET0306,East Gojam,ET03,Amhara,ET,2024,8,2,ETH,ET030604,1.0,1.0
ET030604,Enebse Sarmder,ET0306,East Gojam,ET03,Amhara,ET,2024,9,10,ETH,ET030604,5.0,5.0
ET030604,Enebse Sarmder,ET0306,East Gojam,ET03,Amhara,ET,2025,1,11,ETH,ET030604,5.5,5.5
ET030604,Enebse Sarmder,ET0306,East Gojam,ET03,Amhara,ET,2025,3,5,ETH,ET030604,2.5,2.5
ET030604,Enebse Sarmder,ET0306,East Gojam,ET03,Amhara,ET,2025,4,3,ETH,ET030604,1.5,1.5
ET030604,Enebse Sarmder,ET0306,East Gojam,ET03,Amhara,ET,2025,9,3,ETH,ET030604,1.5,1.5
ET030605,Enarj Enawga,ET0306,East Gojam,ET03,Amhara,ET,2024,8,10,ETH,ET030605,5.0,5.0
ET030605,Enarj Enawga,ET0306,East Gojam,ET03,Amhara,ET,2024,9,10,ETH,ET030605,5.0,5.0
ET030605,Enarj Enawga,ET0306,East Gojam,ET03,Amhara,ET,2024,10,23,ETH,ET030605,11.5,11.5
ET030605,Enarj Enawga,ET0306,East Gojam,ET03,Amhara,ET,2024,11,0,ETH,ET030605,0.0,0.0
ET030605,Enarj Enawga,ET0306,East Gojam,ET03,Amhara,ET,2025,2,10,ETH,ET030605,5.0,5.0
ET030605,Enarj Enawga,ET0306,East Gojam,ET03,Amhara,ET,2025,4,100,ETH,ET030605,50.0,50.0
ET030605,Enarj Enawga,ET0306,East Gojam,ET03,Amhara,ET,2025,6,3,ETH,ET030605,1.5,1.5
ET030605,Enarj Enawga,ET0306,East Gojam,ET03,Amhara,ET,2025,7,1,ETH,ET030605,0.5,0.5
ET030605,Enarj Enawga,ET0306,East Gojam,ET03,Amhara,ET,2025,8,0,ETH,ET030605,0.0,0.0
ET030606,Enemay,ET0306,East Gojam,ET03,Amhara,ET,2024,8,16,ETH,ET030606,8.0,8.0
ET030606,Enemay,ET0306,East Gojam,ET03,Amhara,ET,2024,10,3,ETH,ET030606,1.5,1.5
ET030606,Enemay,ET0306,East Gojam,ET03,Amhara,ET,2024,11,9,ETH,ET030606,4.5,4.5
ET030606,Enemay,ET0306,East Gojam,ET03,Amhara,ET,2025,5,3,ETH,ET030606,1.5,1.5
ET030606,Enemay,ET0306,East Gojam,ET03,Amhara,ET,2025,6,4,ETH,ET030606,2.0,2.0
ET030606,Enemay,ET0306,East Gojam,ET03,Amhara,ET,2025,8,2,ETH,ET030606,1.0,1.0
ET030607,Debay Telatgen,ET0306,East Gojam,ET03,Amhara,ET,2024,3,5,ETH,ET030607,2.5,2.5
ET030607,Debay Telatgen,ET0306,East Gojam,ET03,Amhara,ET,2024,10,51,ETH,ET030607,25.5,25.5
ET030607,Debay Telatgen,ET0306,East Gojam,ET03,Amhara,ET,2024,11,4,ETH,ET030607,2.0,2.0
ET030607,Debay Telatgen,ET0306,East Gojam,ET03,Amhara,ET,2025,1,3,ETH,ET030607,1.5,1.5
ET030607,Debay Telatgen,ET0306,East Gojam,ET03,Amhara,ET,2025,3,1,ETH,ET030607,0.5,0.5
ET030607,Debay Telatgen,ET0306,East Gojam,ET03,Amhara,ET,2025,6,0,ETH,ET030607,0.0,0.0
ET030607,Debay Telatgen,ET0306,East Gojam,ET03,Amhara,ET,2025,7,1,ETH,ET030607,0.5,0.5
ET030607,Debay Telatgen,ET0306,East Gojam,ET03,Amhara,ET,2025,8,1,ETH,ET030607,0.5,0.5
ET030608,Debre Elias,ET0306,East Gojam,ET03,Amhara,ET,2015,12,1,ETH,ET030608,0.5,0.5
ET030608,Debre Elias,ET0306,East Gojam,ET03,Amhara,ET,2023,5,10,ETH,ET030608,5.0,5.0
ET030608,Debre Elias,ET0306,East Gojam,ET03,Amhara,ET,2024,7,20,ETH,ET030608,10.0,10.0
ET030608,Debre Elias,ET0306,East Gojam,ET03,Amhara,ET,2024,11,0,ETH,ET030608,0.0,0.0
ET030608,Debre Elias,ET0306,East Gojam,ET03,Amhara,ET,2024,12,45,ETH,ET030608,22.5,22.5
ET030608,Debre Elias,ET0306,East Gojam,ET03,Amhara,ET,2025,1,2,ETH,ET030608,1.0,1.0
ET030608,Debre Elias,ET0306,East Gojam,ET03,Amhara,ET,2025,3,1,ETH,ET030608,0.5,0.5
ET030608,Debre Elias,ET0306,East Gojam,ET03,Amhara,ET,2025,4,1,ETH,ET030608,0.5,0.5
ET030608,Debre Elias,ET0306,East Gojam,ET03,Amhara,ET,2025,9,3,ETH,ET030608,1.5,1.5
ET030609,Michakel,ET0306,East Gojam,ET03,Amhara,ET,2023,2,2,ETH,ET030609,1.0,1.0
ET030609,Michakel,ET0306,East Gojam,ET03,Amhara,ET,2024,9,3,ETH,ET030609,1.5,1.5
ET030609,Michakel,ET0306,East Gojam,ET03,Amhara,ET,2025,7,5,ETH,ET030609,2.5,2.5
ET030610,Guzamn,ET0306,East Gojam,ET03,Amhara,ET,2018,9,0,ETH,ET030610,0.0,0.0
ET030610,Guzamn,ET0306,East Gojam,ET03,Amhara,ET,2024,2,0,ETH,ET030610,0.0,0.0
ET030610,Guzamn,ET0306,East Gojam,ET03,Amhara,ET,2024,3,5,ETH,ET030610,2.5,2.5
ET030610,Guzamn,ET0306,East Gojam,ET03,Amhara,ET,2024,4,0,ETH,ET030610,0.0,0.0
ET030610,Guzamn,ET0306,East Gojam,ET03,Amhara,ET,2024,11,9,ETH,ET030610,4.5,4.5
ET030610,Guzamn,ET0306,East Gojam,ET03,Amhara,ET,2024,12,5,ETH,ET030610,2.5,2.5
ET030610,Guzamn,ET0306,East Gojam,ET03,Amhara,ET,2025,3,0,ETH,ET030610,0.0,0.0
ET030610,Guzamn,ET0306,East Gojam,ET03,Amhara,ET,2025,7,5,ETH,ET030610,2.5,2.5
ET030611,Baso Liben,ET0306,East Gojam,ET03,Amhara,ET,2021,6,0,ETH,ET030611,0.0,0.0
ET030611,Baso Liben,ET0306,East Gojam,ET03,Amhara,ET,2022,3,0,ETH,ET030611,0.0,0.0
ET030611,Baso Liben,ET0306,East Gojam,ET03,Amhara,ET,2023,8,3,ETH,ET030611,1.5,1.5
ET030611,Baso Liben,ET0306,East Gojam,ET03,Amhara,ET,2023,11,3,ETH,ET030611,1.5,1.5
ET030611,Baso Liben,ET0306,East Gojam,ET03,Amhara,ET,2023,12,9,ETH,ET030611,4.5,4.5
ET030611,Baso Liben,ET0306,East Gojam,ET03,Amhara,ET,2024,2,20,ETH,ET030611,10.0,10.0
ET030611,Baso Liben,ET0306,East Gojam,ET03,Amhara,ET,2024,3,1,ETH,ET030611,0.5,0.5
ET030611,Baso Liben,ET0306,East Gojam,ET03,Amhara,ET,2024,4,0,ETH,ET030611,0.0,0.0
ET030611,Baso Liben,ET0306,East Gojam,ET03,Amhara,ET,2024,6,2,ETH,ET030611,1.0,1.0
ET030611,Baso Liben,ET0306,East Gojam,ET03,Amhara,ET,2024,9,3,ETH,ET030611,1.5,1.5
ET030611,Baso Liben,ET0306,East Gojam,ET03,Amhara,ET,2024,11,7,ETH,ET030611,3.5,3.5
ET030611,Baso Liben,ET0306,East Gojam,ET03,Amhara,ET,2025,1,12,ETH,ET030611,6.0,6.0
ET030611,Baso Liben,ET0306,East Gojam,ET03,Amhara,ET,2025,2,0,ETH,ET030611,0.0,0.0
ET030611,Baso Liben,ET0306,East Gojam,ET03,Amhara,ET,2025,3,0,ETH,ET030611,0.0,0.0
ET030611,Baso Liben,ET0306,East Gojam,ET03,Amhara,ET,2025,6,10,ETH,ET030611,5.0,5.0
ET030611,Baso Liben,ET0306,East Gojam,ET03,Amhara,ET,2025,8,0,ETH,ET030611,0.0,0.0
ET030611,Baso Liben,ET0306,East Gojam,ET03,Amhara,ET,2025,9,1,ETH,ET030611,0.5,0.5
ET030612,Awabel,ET0306,East Gojam,ET03,Amhara,ET,2024,4,7,ETH,ET030612,3.5,3.5
ET030612,Awabel,ET0306,East Gojam,ET03,Amhara,ET,2024,8,2,ETH,ET030612,1.0,1.0
ET030613,Dejen,ET0306,East Gojam,ET03,Amhara,ET,2024,3,1,ETH,ET030613,0.5,0.5
ET030613,Dejen,ET0306,East Gojam,ET03,Amhara,ET,2024,8,1,ETH,ET030613,0.5,0.5
ET030613,Dejen,ET0306,East Gojam,ET03,Amhara,ET,2024,11,10,ETH,ET030613,5.0,5.0
ET030613,Dejen,ET0306,East Gojam,ET03,Amhara,ET,2025,2,1,ETH,ET030613,0.5,0.5
ET030613,Dejen,ET0306,East Gojam,ET03,Amhara,ET,2025,3,3,ETH,ET030613,1.5,1.5
ET030614,Shebel Bernta,ET0306,East Gojam,ET03,Amhara,ET,2024,1,15,ETH,ET030614,7.5,7.5
ET030614,Shebel Bernta,ET0306,East Gojam,ET03,Amhara,ET,2024,3,10,ETH,ET030614,5.0,5.0
ET030614,Shebel Bernta,ET0306,East Gojam,ET03,Amhara,ET,2024,5,10,ETH,ET030614,5.0,5.0
ET030614,Shebel Bernta,ET0306,East Gojam,ET03,Amhara,ET,2024,6,2,ETH,ET030614,1.0,1.0
ET030614,Shebel Bernta,ET0306,East Gojam,ET03,Amhara,ET,2024,9,10,ETH,ET030614,5.0,5.0
ET030614,Shebel Bernta,ET0306,East Gojam,ET03,Amhara,ET,2024,10,0,ETH,ET030614,0.0,0.0
ET030614,Shebel Bernta,ET0306,East Gojam,ET03,Amhara,ET,2024,11,10,ETH,ET030614,5.0,5.0
ET030614,Shebel Bernta,ET0306,East Gojam,ET03,Amhara,ET,2024,12,0,ETH,ET030614,0.0,0.0
ET030614,Shebel Bernta,ET0306,East Gojam,ET03,Amhara,ET,2025,1,5,ETH,ET030614,2.5,2.5
ET030614,Shebel Bernta,ET0306,East Gojam,ET03,Amhara,ET,2025,3,0,ETH,ET030614,0.0,0.0
ET030614,Shebel Bernta,ET0306,East Gojam,ET03,Amhara,ET,2025,8,2,ETH,ET030614,1.0,1.0
ET030615,Debre Markos town,ET0306,East Gojam,ET03,Amhara,ET,2012,5,0,ETH,ET030615,0.0,0.0
ET030615,Debre Markos town,ET0306,East Gojam,ET03,Amhara,ET,2012,12,17,ETH,ET030615,8.5,8.5
ET030615,Debre Markos town,ET0306,East Gojam,ET03,Amhara,ET,2015,6,1,ETH,ET030615,0.5,0.5
ET030615,Debre Markos town,ET0306,East Gojam,ET03,Amhara,ET,2016,8,1,ETH,ET030615,0.5,0.5
ET030615,Debre Markos town,ET0306,East Gojam,ET03,Amhara,ET,2016,10,0,ETH,ET030615,0.0,0.0
ET030615,Debre Markos town,ET0306,East Gojam,ET03,Amhara,ET,2018,7,0,ETH,ET030615,0.0,0.0
ET030615,Debre Markos town,ET0306,East Gojam,ET03,Amhara,ET,2020,1,0,ETH,ET030615,0.0,0.0
ET030615,Debre Markos town,ET0306,East Gojam,ET03,Amhara,ET,2021,4,0,ETH,ET030615,0.0,0.0
ET030615,Debre Markos town,ET0306,East Gojam,ET03,Amhara,ET,2021,12,0,ETH,ET030615,0.0,0.0
ET030615,Debre Markos town,ET0306,East Gojam,ET03,Amhara,ET,2022,5,0,ETH,ET030615,0.0,0.0
ET030615,Debre Markos town,ET0306,East Gojam,ET03,Amhara,ET,2022,6,0,ETH,ET030615,0.0,0.0
ET030615,Debre Markos town,ET0306,East Gojam,ET03,Amhara,ET,2022,10,0,ETH,ET030615,0.0,0.0
ET030615,Debre Markos town,ET0306,East Gojam,ET03,Amhara,ET,2022,12,0,ETH,ET030615,0.0,0.0
ET030615,Debre Markos town,ET0306,East Gojam,ET03,Amhara,ET,2023,4,0,ETH,ET030615,0.0,0.0
ET030615,Debre Markos town,ET0306,East Gojam,ET03,Amhara,ET,2023,5,0,ETH,ET030615,0.0,0.0
ET030615,Debre Markos town,ET0306,East Gojam,ET03,Amhara,ET,2023,7,2,ETH,ET030615,1.0,1.0
ET030615,Debre Markos town,ET0306,East Gojam,ET03,Amhara,ET,2023,8,13,ETH,ET030615,6.5,6.5
ET030615,Debre Markos town,ET0306,East Gojam,ET03,Amhara,ET,2023,9,81,ETH,ET030615,40.5,40.5
ET030615,Debre Markos town,ET0306,East Gojam,ET03,Amhara,ET,2023,10,17,ETH,ET030615,8.5,8.5
ET030615,Debre Markos town,ET0306,East Gojam,ET03,Amhara,ET,2024,2,0,ETH,ET030615,0.0,0.0
ET030615,Debre Markos town,ET0306,East Gojam,ET03,Amhara,ET,2024,3,10,ETH,ET030615,5.0,5.0
ET030615,Debre Markos town,ET0306,East Gojam,ET03,Amhara,ET,2024,4,1,ETH,ET030615,0.5,0.5
ET030615,Debre Markos town,ET0306,East Gojam,ET03,Amhara,ET,2024,5,0,ETH,ET030615,0.0,0.0
ET030615,Debre Markos town,ET0306,East Gojam,ET03,Amhara,ET,2024,6,2,ETH,ET030615,1.0,1.0
ET030615,Debre Markos town,ET0306,East Gojam,ET03,Amhara,ET,2024,8,0,ETH,ET030615,0.0,0.0
ET030615,Debre Markos town,ET0306,East Gojam,ET03,Amhara,ET,2024,9,6,ETH,ET030615,3.0,3.0
ET030615,Debre Markos town,ET0306,East Gojam,ET03,Amhara,ET,2024,10,23,ETH,ET030615,11.5,11.5
ET030615,Debre Markos town,ET0306,East Gojam,ET03,Amhara,ET,2024,11,20,ETH,ET030615,10.0,10.0
ET030615,Debre Markos town,ET0306,East Gojam,ET03,Amhara,ET,2024,12,0,ETH,ET030615,0.0,0.0
ET030615,Debre Markos town,ET0306,East Gojam,ET03,Amhara,ET,2025,2,0,ETH,ET030615,0.0,0.0
ET030615,Debre Markos town,ET0306,East Gojam,ET03,Amhara,ET,2025,3,13,ETH,ET030615,6.5,6.5
ET030615,Debre Markos town,ET0306,East Gojam,ET03,Amhara,ET,2025,4,10,ETH,ET030615,5.0,5.0
ET030615,Debre Markos town,ET0306,East Gojam,ET03,Amhara,ET,2025,5,0,ETH,ET030615,0.0,0.0
ET030615,Debre Markos town,ET0306,East Gojam,ET03,Amhara,ET,2025,6,2,ETH,ET030615,1.0,1.0
ET030615,Debre Markos town,ET0306,East Gojam,ET03,Amhara,ET,2025,7,13,ETH,ET030615,6.5,6.5
ET030615,Debre Markos town,ET0306,East Gojam,ET03,Amhara,ET,2025,8,1,ETH,ET030615,0.5,0.5
ET030615,Debre Markos town,ET0306,East Gojam,ET03,Amhara,ET,2025,9,2,ETH,ET030615,1.0,1.0
ET030616,Senan,ET0306,East Gojam,ET03,Amhara,ET,2024,2,0,ETH,ET030616,0.0,0.0
ET030616,Senan,ET0306,East Gojam,ET03,Amhara,ET,2024,9,5,ETH,ET030616,2.5,2.5
ET030616,Senan,ET0306,East Gojam,ET03,Amhara,ET,2024,11,0,ETH,ET030616,0.0,0.0
ET030616,Senan,ET0306,East Gojam,ET03,Amhara,ET,2025,1,4,ETH,ET030616,2.0,2.0
ET030616,Senan,ET0306,East Gojam,ET03,Amhara,ET,2025,3,3,ETH,ET030616,1.5,1.5
ET030616,Senan,ET0306,East Gojam,ET03,Amhara,ET,2025,6,0,ETH,ET030616,0.0,0.0
ET030616,Senan,ET0306,East Gojam,ET03,Amhara,ET,2025,7,4,ETH,ET030616,2.0,2.0
ET030616,Senan,ET0306,East Gojam,ET03,Amhara,ET,2025,8,1,ETH,ET030616,0.5,0.5
ET030617,Aneded,ET0306,East Gojam,ET03,Amhara,ET,2024,6,4,ETH,ET030617,2.0,2.0
ET030617,Aneded,ET0306,East Gojam,ET03,Amhara,ET,2024,7,1,ETH,ET030617,0.5,0.5
ET030617,Aneded,ET0306,East Gojam,ET03,Amhara,ET,2024,8,10,ETH,ET030617,5.0,5.0
ET030617,Aneded,ET0306,East Gojam,ET03,Amhara,ET,2024,11,13,ETH,ET030617,6.5,6.5
ET030617,Aneded,ET0306,East Gojam,ET03,Amhara,ET,2025,1,4,ETH,ET030617,2.0,2.0
ET030617,Aneded,ET0306,East Gojam,ET03,Amhara,ET,2025,8,1,ETH,ET030617,0.5,0.5
ET030618,Amanuel town,ET0306,East Gojam,ET03,Amhara,ET,2023,6,1,ETH,ET030618,0.5,0.5
ET030618,Amanuel town,ET0306,East Gojam,ET03,Amhara,ET,2023,8,1,ETH,ET030618,0.5,0.5
ET030618,Amanuel town,ET0306,East Gojam,ET03,Amhara,ET,2023,10,8,ETH,ET030618,4.0,4.0
ET030618,Amanuel town,ET0306,East Gojam,ET03,Amhara,ET,2023,12,3,ETH,ET030618,1.5,1.5
ET030618,Amanuel town,ET0306,East Gojam,ET03,Amhara,ET,2024,5,0,ETH,ET030618,0.0,0.0
ET030618,Amanuel town,ET0306,East Gojam,ET03,Amhara,ET,2024,7,13,ETH,ET030618,6.5,6.5
ET030618,Amanuel town,ET0306,East Gojam,ET03,Amhara,ET,2024,9,3,ETH,ET030618,1.5,1.5
ET030618,Amanuel town,ET0306,East Gojam,ET03,Amhara,ET,2024,10,0,ETH,ET030618,0.0,0.0
ET030618,Amanuel town,ET0306,East Gojam,ET03,Amhara,ET,2025,1,1,ETH,ET030618,0.5,0.5
ET030618,Amanuel town,ET0306,East Gojam,ET03,Amhara,ET,2025,3,1,ETH,ET030618,0.5,0.5
ET030618,Amanuel town,ET0306,East Gojam,ET03,Amhara,ET,2025,6,0,ETH,ET030618,0.0,0.0
ET030618,Amanuel town,ET0306,East Gojam,ET03,Amhara,ET,2025,7,15,ETH,ET030618,7.5,7.5
ET030618,Amanuel town,ET0306,East Gojam,ET03,Amhara,ET,2025,8,1,ETH,ET030618,0.5,0.5
ET030618,Amanuel town,ET0306,East Gojam,ET03,Amhara,ET,2025,9,3,ETH,ET030618,1.5,1.5
ET030619,Sedae,ET0306,East Gojam,ET03,Amhara,ET,2024,4,1,ETH,ET030619,0.5,0.5
ET030619,Sedae,ET0306,East Gojam,ET03,Amhara,ET,2025,2,16,ETH,ET030619,8.0,8.0
ET030620,Gundwoin town,ET0306,East Gojam,ET03,Amhara,ET,2022,3,0,ETH,ET030620,0.0,0.0
ET030620,Gundwoin town,ET0306,East Gojam,ET03,Amhara,ET,2023,9,4,ETH,ET030620,2.0,2.0
ET030620,Gundwoin town,ET0306,East Gojam,ET03,Amhara,ET,2024,2,3,ETH,ET030620,1.5,1.5
ET030620,Gundwoin town,ET0306,East Gojam,ET03,Amhara,ET,2024,7,0,ETH,ET030620,0.0,0.0
ET030620,Gundwoin town,ET0306,East Gojam,ET03,Amhara,ET,2024,9,0,ETH,ET030620,0.0,0.0
ET030620,Gundwoin town,ET0306,East Gojam,ET03,Amhara,ET,2024,10,0,ETH,ET030620,0.0,0.0
ET030621,Debrework town,ET0306,East Gojam,ET03,Amhara,ET,2021,4,0,ETH,ET030621,0.0,0.0
ET030621,Debrework town,ET0306,East Gojam,ET03,Amhara,ET,2023,6,12,ETH,ET030621,6.0,6.0
ET030621,Debrework town,ET0306,East Gojam,ET03,Amhara,ET,2023,10,4,ETH,ET030621,2.0,2.0
ET030621,Debrework town,ET0306,East Gojam,ET03,Amhara,ET,2024,3,10,ETH,ET030621,5.0,5.0
ET030621,Debrework town,ET0306,East Gojam,ET03,Amhara,ET,2024,4,61,ETH,ET030621,30.5,30.5
ET030621,Debrework town,ET0306,East Gojam,ET03,Amhara,ET,2024,7,0,ETH,ET030621,0.0,0.0
ET030621,Debrework town,ET0306,East Gojam,ET03,Amhara,ET,2024,8,10,ETH,ET030621,5.0,5.0
ET030621,Debrework town,ET0306,East Gojam,ET03,Amhara,ET,2024,9,3,ETH,ET030621,1.5,1.5
ET030621,Debrework town,ET0306,East Gojam,ET03,Amhara,ET,2024,10,3,ETH,ET030621,1.5,1.5
ET030621,Debrework town,ET0306,East Gojam,ET03,Amhara,ET,2024,11,3,ETH,ET030621,1.5,1.5
ET030621,Debrework town,ET0306,East Gojam,ET03,Amhara,ET,2024,12,2,ETH,ET030621,1.0,1.0
ET030621,Debrework town,ET0306,East Gojam,ET03,Amhara,ET,2025,1,8,ETH,ET030621,4.0,4.0
ET030621,Debrework town,ET0306,East Gojam,ET03,Amhara,ET,2025,3,1,ETH,ET030621,0.5,0.5
ET030621,Debrework town,ET0306,East Gojam,ET03,Amhara,ET,2025,4,1,ETH,ET030621,0.5,0.5
ET030621,Debrework town,ET0306,East Gojam,ET03,Amhara,ET,2025,6,0,ETH,ET030621,0.0,0.0
ET030622,Lumame town,ET0306,East Gojam,ET03,Amhara,ET,2023,11,0,ETH,ET030622,0.0,0.0
ET030622,Lumame town,ET0306,East Gojam,ET03,Amhara,ET,2024,4,3,ETH,ET030622,1.5,1.5
ET030622,Lumame town,ET0306,East Gojam,ET03,Amhara,ET,2024,7,0,ETH,ET030622,0.0,0.0
ET030622,Lumame town,ET0306,East Gojam,ET03,Amhara,ET,2024,11,6,ETH,ET030622,3.0,3.0
ET030622,Lumame town,ET0306,East Gojam,ET03,Amhara,ET,2025,1,3,ETH,ET030622,1.5,1.5
ET030622,Lumame town,ET0306,East Gojam,ET03,Amhara,ET,2025,3,1,ETH,ET030622,0.5,0.5
ET030622,Lumame town,ET0306,East Gojam,ET03,Amhara,ET,2025,8,0,ETH,ET030622,0.0,0.0
ET030623,Merto Lemariyam town,ET0306,East Gojam,ET03,Amhara,ET,2024,1,0,ETH,ET030623,0.0,0.0
ET030623,Merto Lemariyam town,ET0306,East Gojam,ET03,Amhara,ET,2024,2,0,ETH,ET030623,0.0,0.0
ET030623,Merto Lemariyam town,ET0306,East Gojam,ET03,Amhara,ET,2024,3,10,ETH,ET030623,5.0,5.0
ET030623,Merto Lemariyam town,ET0306,East Gojam,ET03,Amhara,ET,2024,7,0,ETH,ET030623,0.0,0.0
ET030623,Merto Lemariyam town,ET0306,East Gojam,ET03,Amhara,ET,2024,9,20,ETH,ET030623,10.0,10.0
ET030623,Merto Lemariyam town,ET0306,East Gojam,ET03,Amhara,ET,2024,12,0,ETH,ET030623,0.0,0.0
ET030623,Merto Lemariyam town,ET0306,East Gojam,ET03,Amhara,ET,2025,1,4,ETH,ET030623,2.0,2.0
ET030623,Merto Lemariyam town,ET0306,East Gojam,ET03,Amhara,ET,2025,2,1,ETH,ET030623,0.5,0.5
ET030623,Merto Lemariyam town,ET0306,East Gojam,ET03,Amhara,ET,2025,3,2,ETH,ET030623,1.0,1.0
ET030623,Merto Lemariyam town,ET0306,East Gojam,ET03,Amhara,ET,2025,4,1,ETH,ET030623,0.5,0.5
ET030623,Merto Lemariyam town,ET0306,East Gojam,ET03,Amhara,ET,2025,5,1,ETH,ET030623,0.5,0.5
ET030623,Merto Lemariyam town,ET0306,East Gojam,ET03,Amhara,ET,2025,8,0,ETH,ET030623,0.0,0.0
ET030698,Dejen town,ET0306,East Gojam,ET03,Amhara,ET,2021,4,0,ETH,ET030698,0.0,0.0
ET030698,Dejen town,ET0306,East Gojam,ET03,Amhara,ET,2023,4,2,ETH,ET030698,1.0,1.0
ET030698,Dejen town,ET0306,East Gojam,ET03,Amhara,ET,2023,7,2,ETH,ET030698,1.0,1.0
ET030698,Dejen town,ET0306,East Gojam,ET03,Amhara,ET,2023,12,0,ETH,ET030698,0.0,0.0
ET030698,Dejen town,ET0306,East Gojam,ET03,Amhara,ET,2024,4,17,ETH,ET030698,8.5,8.5
ET030698,Dejen town,ET0306,East Gojam,ET03,Amhara,ET,2024,7,10,ETH,ET030698,5.0,5.0
ET030698,Dejen town,ET0306,East Gojam,ET03,Amhara,ET,2024,8,1,ETH,ET030698,0.5,0.5
ET030698,Dejen town,ET0306,East Gojam,ET03,Amhara,ET,2024,10,13,ETH,ET030698,6.5,6.5
ET030698,Dejen town,ET0306,East Gojam,ET03,Amhara,ET,2024,11,10,ETH,ET030698,5.0,5.0
ET030698,Dejen town,ET0306,East Gojam,ET03,Amhara,ET,2025,1,3,ETH,ET030698,1.5,1.5
ET030698,Dejen town,ET0306,East Gojam,ET03,Amhara,ET,2025,2,1,ETH,ET030698,0.5,0.5
ET030699,Bechena Town,ET0306,East Gojam,ET03,Amhara,ET,1998,4,4,ETH,ET030699,2.0,2.0
ET030699,Bechena Town,ET0306,East Gojam,ET03,Amhara,ET,2021,4,0,ETH,ET030699,0.0,0.0
ET030699,Bechena Town,ET0306,East Gojam,ET03,Amhara,ET,2023,4,0,ETH,ET030699,0.0,0.0
ET030699,Bechena Town,ET0306,East Gojam,ET03,Amhara,ET,2023,8,8,ETH,ET030699,4.0,4.0
ET030699,Bechena Town,ET0306,East Gojam,ET03,Amhara,ET,2024,4,2,ETH,ET030699,1.0,1.0
ET030699,Bechena Town,ET0306,East Gojam,ET03,Amhara,ET,2024,7,1,ETH,ET030699,0.5,0.5
ET030699,Bechena Town,ET0306,East Gojam,ET03,Amhara,ET,2024,8,0,ETH,ET030699,0.0,0.0
ET030699,Bechena Town,ET0306,East Gojam,ET03,Amhara,ET,2024,9,0,ETH,ET030699,0.0,0.0
ET030699,Bechena Town,ET0306,East Gojam,ET03,Amhara,ET,2024,10,13,ETH,ET030699,6.5,6.5
ET030699,Bechena Town,ET0306,East Gojam,ET03,Amhara,ET,2024,11,3,ETH,ET030699,1.5,1.5
ET030699,Bechena Town,ET0306,East Gojam,ET03,Amhara,ET,2024,12,0,ETH,ET030699,0.0,0.0
ET030699,Bechena Town,ET0306,East Gojam,ET03,Amhara,ET,2025,3,1,ETH,ET030699,0.5,0.5
ET030699,Bechena Town,ET0306,East Gojam,ET03,Amhara,ET,2025,5,0,ETH,ET030699,0.0,0.0
ET030699,Bechena Town,ET0306,East Gojam,ET03,Amhara,ET,2025,6,2,ETH,ET030699,1.0,1.0
ET030699,Bechena Town,ET0306,East Gojam,ET03,Amhara,ET,2025,8,1,ETH,ET030699,0.5,0.5
ET030701,Semen Achefer,ET0307,West Gojam,ET03,Amhara,ET,2022,11,3,ETH,ET030701,1.5,1.5
ET030701,Semen Achefer,ET0307,West Gojam,ET03,Amhara,ET,2023,3,1,ETH,ET030701,0.5,0.5
ET030701,Semen Achefer,ET0307,West Gojam,ET03,Amhara,ET,2024,2,7,ETH,ET030701,3.5,3.5
ET030701,Semen Achefer,ET0307,West Gojam,ET03,Amhara,ET,2024,4,1,ETH,ET030701,0.5,0.5
ET030701,Semen Achefer,ET0307,West Gojam,ET03,Amhara,ET,2024,6,1,ETH,ET030701,0.5,0.5
ET030701,Semen Achefer,ET0307,West Gojam,ET03,Amhara,ET,2024,8,10,ETH,ET030701,5.0,5.0
ET030701,Semen Achefer,ET0307,West Gojam,ET03,Amhara,ET,2024,10,20,ETH,ET030701,10.0,10.0
ET030701,Semen Achefer,ET0307,West Gojam,ET03,Amhara,ET,2024,11,20,ETH,ET030701,10.0,10.0
ET030701,Semen Achefer,ET0307,West Gojam,ET03,Amhara,ET,2025,2,0,ETH,ET030701,0.0,0.0
ET030701,Semen Achefer,ET0307,West Gojam,ET03,Amhara,ET,2025,3,1,ETH,ET030701,0.5,0.5
ET030701,Semen Achefer,ET0307,West Gojam,ET03,Amhara,ET,2025,5,10,ETH,ET030701,5.0,5.0
ET030701,Semen Achefer,ET0307,West Gojam,ET03,Amhara,ET,2025,8,3,ETH,ET030701,1.5,1.5
ET030702,Bahirdar Zuria,ET0307,West Gojam,ET03,Amhara,ET,2023,10,0,ETH,ET030702,0.0,0.0
ET030702,Bahirdar Zuria,ET0307,West Gojam,ET03,Amhara,ET,2023,11,10,ETH,ET030702,5.0,5.0
ET030702,Bahirdar Zuria,ET0307,West Gojam,ET03,Amhara,ET,2024,1,0,ETH,ET030702,0.0,0.0
ET030702,Bahirdar Zuria,ET0307,West Gojam,ET03,Amhara,ET,2024,2,0,ETH,ET030702,0.0,0.0
ET030702,Bahirdar Zuria,ET0307,West Gojam,ET03,Amhara,ET,2024,3,4,ETH,ET030702,2.0,2.0
ET030702,Bahirdar Zuria,ET0307,West Gojam,ET03,Amhara,ET,2024,4,3,ETH,ET030702,1.5,1.5
ET030702,Bahirdar Zuria,ET0307,West Gojam,ET03,Amhara,ET,2024,5,5,ETH,ET030702,2.5,2.5
ET030702,Bahirdar Zuria,ET0307,West Gojam,ET03,Amhara,ET,2024,6,5,ETH,ET030702,2.5,2.5
ET030702,Bahirdar Zuria,ET0307,West Gojam,ET03,Amhara,ET,2024,7,16,ETH,ET030702,8.0,8.0
ET030702,Bahirdar Zuria,ET0307,West Gojam,ET03,Amhara,ET,2024,8,2,ETH,ET030702,1.0,1.0
ET030702,Bahirdar Zuria,ET0307,West Gojam,ET03,Amhara,ET,2024,9,4,ETH,ET030702,2.0,2.0
ET030702,Bahirdar Zuria,ET0307,West Gojam,ET03,Amhara,ET,2024,10,16,ETH,ET030702,8.0,8.0
ET030702,Bahirdar Zuria,ET0307,West Gojam,ET03,Amhara,ET,2024,11,0,ETH,ET030702,0.0,0.0
ET030702,Bahirdar Zuria,ET0307,West Gojam,ET03,Amhara,ET,2025,1,2,ETH,ET030702,1.0,1.0
ET030702,Bahirdar Zuria,ET0307,West Gojam,ET03,Amhara,ET,2025,3,1,ETH,ET030702,0.5,0.5
ET030702,Bahirdar Zuria,ET0307,West Gojam,ET03,Amhara,ET,2025,4,3,ETH,ET030702,1.5,1.5
ET030702,Bahirdar Zuria,ET0307,West Gojam,ET03,Amhara,ET,2025,7,1,ETH,ET030702,0.5,0.5
ET030702,Bahirdar Zuria,ET0307,West Gojam,ET03,Amhara,ET,2025,8,3,ETH,ET030702,1.5,1.5
ET030703,Yilmana Densa,ET0307,West Gojam,ET03,Amhara,ET,2024,4,0,ETH,ET030703,0.0,0.0
ET030703,Yilmana Densa,ET0307,West Gojam,ET03,Amhara,ET,2024,5,1,ETH,ET030703,0.5,0.5
ET030703,Yilmana Densa,ET0307,West Gojam,ET03,Amhara,ET,2024,6,4,ETH,ET030703,2.0,2.0
ET030703,Yilmana Densa,ET0307,West Gojam,ET03,Amhara,ET,2024,8,15,ETH,ET030703,7.5,7.5
ET030703,Yilmana Densa,ET0307,West Gojam,ET03,Amhara,ET,2024,9,3,ETH,ET030703,1.5,1.5
ET030703,Yilmana Densa,ET0307,West Gojam,ET03,Amhara,ET,2024,11,10,ETH,ET030703,5.0,5.0
ET030703,Yilmana Densa,ET0307,West Gojam,ET03,Amhara,ET,2025,3,0,ETH,ET030703,0.0,0.0
ET030703,Yilmana Densa,ET0307,West Gojam,ET03,Amhara,ET,2025,5,10,ETH,ET030703,5.0,5.0
ET030703,Yilmana Densa,ET0307,West Gojam,ET03,Amhara,ET,2025,8,0,ETH,ET030703,0.0,0.0
ET030703,Yilmana Densa,ET0307,West Gojam,ET03,Amhara,ET,2025,9,10,ETH,ET030703,5.0,5.0
ET030704,Mecha,ET0307,West Gojam,ET03,Amhara,ET,2024,3,0,ETH,ET030704,0.0,0.0
ET030704,Mecha,ET0307,West Gojam,ET03,Amhara,ET,2024,4,1,ETH,ET030704,0.5,0.5
ET030704,Mecha,ET0307,West Gojam,ET03,Amhara,ET,2024,7,1,ETH,ET030704,0.5,0.5
ET030704,Mecha,ET0307,West Gojam,ET03,Amhara,ET,2024,8,8,ETH,ET030704,4.0,4.0
ET030704,Mecha,ET0307,West Gojam,ET03,Amhara,ET,2024,11,0,ETH,ET030704,0.0,0.0
ET030704,Mecha,ET0307,West Gojam,ET03,Amhara,ET,2025,1,10,ETH,ET030704,5.0,5.0
ET030704,Mecha,ET0307,West Gojam,ET03,Amhara,ET,2025,2,4,ETH,ET030704,2.0,2.0
ET030704,Mecha,ET0307,West Gojam,ET03,Amhara,ET,2025,7,0,ETH,ET030704,0.0,0.0
ET030704,Mecha,ET0307,West Gojam,ET03,Amhara,ET,2025,8,3,ETH,ET030704,1.5,1.5
ET030705,Sekela,ET0307,West Gojam,ET03,Amhara,ET,2002,4,1,ETH,ET030705,0.5,0.5
ET030705,Sekela,ET0307,West Gojam,ET03,Amhara,ET,2024,2,47,ETH,ET030705,23.5,23.5
ET030705,Sekela,ET0307,West Gojam,ET03,Amhara,ET,2024,3,13,ETH,ET030705,6.5,6.5
ET030705,Sekela,ET0307,West Gojam,ET03,Amhara,ET,2024,4,0,ETH,ET030705,0.0,0.0
ET030705,Sekela,ET0307,West Gojam,ET03,Amhara,ET,2024,5,4,ETH,ET030705,2.0,2.0
ET030705,Sekela,ET0307,West Gojam,ET03,Amhara,ET,2024,7,8,ETH,ET030705,4.0,4.0
ET030705,Sekela,ET0307,West Gojam,ET03,Amhara,ET,2024,8,20,ETH,ET030705,10.0,10.0
ET030705,Sekela,ET0307,West Gojam,ET03,Amhara,ET,2024,10,10,ETH,ET030705,5.0,5.0
ET030705,Sekela,ET0307,West Gojam,ET03,Amhara,ET,2024,12,8,ETH,ET030705,4.0,4.0
ET030705,Sekela,ET0307,West Gojam,ET03,Amhara,ET,2025,2,9,ETH,ET030705,4.5,4.5
ET030705,Sekela,ET0307,West Gojam,ET03,Amhara,ET,2025,4,13,ETH,ET030705,6.5,6.5
ET030705,Sekela,ET0307,West Gojam,ET03,Amhara,ET,2025,6,0,ETH,ET030705,0.0,0.0
ET030705,Sekela,ET0307,West Gojam,ET03,Amhara,ET,2025,8,0,ETH,ET030705,0.0,0.0
ET030705,Sekela,ET0307,West Gojam,ET03,Amhara,ET,2025,9,6,ETH,ET030705,3.0,3.0
ET030706,Quarit,ET0307,West Gojam,ET03,Amhara,ET,2023,8,0,ETH,ET030706,0.0,0.0
ET030706,Quarit,ET0307,West Gojam,ET03,Amhara,ET,2023,9,30,ETH,ET030706,15.0,15.0
ET030706,Quarit,ET0307,West Gojam,ET03,Amhara,ET,2023,11,0,ETH,ET030706,0.0,0.0
ET030706,Quarit,ET0307,West Gojam,ET03,Amhara,ET,2024,1,6,ETH,ET030706,3.0,3.0
ET030706,Quarit,ET0307,West Gojam,ET03,Amhara,ET,2024,2,10,ETH,ET030706,5.0,5.0
ET030706,Quarit,ET0307,West Gojam,ET03,Amhara,ET,2024,3,1,ETH,ET030706,0.5,0.5
ET030706,Quarit,ET0307,West Gojam,ET03,Amhara,ET,2024,6,1,ETH,ET030706,0.5,0.5
ET030706,Quarit,ET0307,West Gojam,ET03,Amhara,ET,2024,7,11,ETH,ET030706,5.5,5.5
ET030706,Quarit,ET0307,West Gojam,ET03,Amhara,ET,2024,8,6,ETH,ET030706,3.0,3.0
ET030706,Quarit,ET0307,West Gojam,ET03,Amhara,ET,2024,9,10,ETH,ET030706,5.0,5.0
ET030706,Quarit,ET0307,West Gojam,ET03,Amhara,ET,2024,10,7,ETH,ET030706,3.5,3.5
ET030706,Quarit,ET0307,West Gojam,ET03,Amhara,ET,2024,11,9,ETH,ET030706,4.5,4.5
ET030706,Quarit,ET0307,West Gojam,ET03,Amhara,ET,2024,12,12,ETH,ET030706,6.0,6.0
ET030706,Quarit,ET0307,West Gojam,ET03,Amhara,ET,2025,1,11,ETH,ET030706,5.5,5.5
ET030706,Quarit,ET0307,West Gojam,ET03,Amhara,ET,2025,2,1,ETH,ET030706,0.5,0.5
ET030706,Quarit,ET0307,West Gojam,ET03,Amhara,ET,2025,3,5,ETH,ET030706,2.5,2.5
ET030706,Quarit,ET0307,West Gojam,ET03,Amhara,ET,2025,4,0,ETH,ET030706,0.0,0.0
ET030706,Quarit,ET0307,West Gojam,ET03,Amhara,ET,2025,5,0,ETH,ET030706,0.0,0.0
ET030706,Quarit,ET0307,West Gojam,ET03,Amhara,ET,2025,6,14,ETH,ET030706,7.0,7.0
ET030706,Quarit,ET0307,West Gojam,ET03,Amhara,ET,2025,7,1,ETH,ET030706,0.5,0.5
ET030706,Quarit,ET0307,West Gojam,ET03,Amhara,ET,2025,8,18,ETH,ET030706,9.0,9.0
ET030707,Dega Damot,ET0307,West Gojam,ET03,Amhara,ET,2023,7,0,ETH,ET030707,0.0,0.0
ET030707,Dega Damot,ET0307,West Gojam,ET03,Amhara,ET,2023,8,0,ETH,ET030707,0.0,0.0
ET030707,Dega Damot,ET0307,West Gojam,ET03,Amhara,ET,2023,9,18,ETH,ET030707,9.0,9.0
ET030707,Dega Damot,ET0307,West Gojam,ET03,Amhara,ET,2023,11,0,ETH,ET030707,0.0,0.0
ET030707,Dega Damot,ET0307,West Gojam,ET03,Amhara,ET,2023,12,10,ETH,ET030707,5.0,5.0
ET030707,Dega Damot,ET0307,West Gojam,ET03,Amhara,ET,2024,2,10,ETH,ET030707,5.0,5.0
ET030707,Dega Damot,ET0307,West Gojam,ET03,Amhara,ET,2024,3,13,ETH,ET030707,6.5,6.5
ET030707,Dega Damot,ET0307,West Gojam,ET03,Amhara,ET,2024,4,64,ETH,ET030707,32.0,32.0
ET030707,Dega Damot,ET0307,West Gojam,ET03,Amhara,ET,2024,5,0,ETH,ET030707,0.0,0.0
ET030707,Dega Damot,ET0307,West Gojam,ET03,Amhara,ET,2024,8,0,ETH,ET030707,0.0,0.0
ET030707,Dega Damot,ET0307,West Gojam,ET03,Amhara,ET,2024,9,13,ETH,ET030707,6.5,6.5
ET030707,Dega Damot,ET0307,West Gojam,ET03,Amhara,ET,2024,10,9,ETH,ET030707,4.5,4.5
ET030707,Dega Damot,ET0307,West Gojam,ET03,Amhara,ET,2024,11,3,ETH,ET030707,1.5,1.5
ET030707,Dega Damot,ET0307,West Gojam,ET03,Amhara,ET,2024,12,56,ETH,ET030707,28.0,28.0
ET030707,Dega Damot,ET0307,West Gojam,ET03,Amhara,ET,2025,3,3,ETH,ET030707,1.5,1.5
ET030707,Dega Damot,ET0307,West Gojam,ET03,Amhara,ET,2025,7,21,ETH,ET030707,10.5,10.5
ET030707,Dega Damot,ET0307,West Gojam,ET03,Amhara,ET,2025,8,3,ETH,ET030707,1.5,1.5
ET030708,Dembecha,ET0307,West Gojam,ET03,Amhara,ET,2009,8,2,ETH,ET030708,1.0,1.0
ET030708,Dembecha,ET0307,West Gojam,ET03,Amhara,ET,2010,3,7,ETH,ET030708,3.5,3.5
ET030708,Dembecha,ET0307,West Gojam,ET03,Amhara,ET,2016,8,0,ETH,ET030708,0.0,0.0
ET030708,Dembecha,ET0307,West Gojam,ET03,Amhara,ET,2019,11,0,ETH,ET030708,0.0,0.0
ET030708,Dembecha,ET0307,West Gojam,ET03,Amhara,ET,2021,4,0,ETH,ET030708,0.0,0.0
ET030708,Dembecha,ET0307,West Gojam,ET03,Amhara,ET,2021,6,0,ETH,ET030708,0.0,0.0
ET030708,Dembecha,ET0307,West Gojam,ET03,Amhara,ET,2023,6,5,ETH,ET030708,2.5,2.5
ET030708,Dembecha,ET0307,West Gojam,ET03,Amhara,ET,2023,7,0,ETH,ET030708,0.0,0.0
ET030708,Dembecha,ET0307,West Gojam,ET03,Amhara,ET,2023,8,20,ETH,ET030708,10.0,10.0
ET030708,Dembecha,ET0307,West Gojam,ET03,Amhara,ET,2023,9,16,ETH,ET030708,8.0,8.0
ET030708,Dembecha,ET0307,West Gojam,ET03,Amhara,ET,2023,10,3,ETH,ET030708,1.5,1.5
ET030708,Dembecha,ET0307,West Gojam,ET03,Amhara,ET,2023,11,0,ETH,ET030708,0.0,0.0
ET030708,Dembecha,ET0307,West Gojam,ET03,Amhara,ET,2024,2,0,ETH,ET030708,0.0,0.0
ET030708,Dembecha,ET0307,West Gojam,ET03,Amhara,ET,2024,5,1,ETH,ET030708,0.5,0.5
ET030708,Dembecha,ET0307,West Gojam,ET03,Amhara,ET,2024,7,3,ETH,ET030708,1.5,1.5
ET030708,Dembecha,ET0307,West Gojam,ET03,Amhara,ET,2024,9,10,ETH,ET030708,5.0,5.0
ET030708,Dembecha,ET0307,West Gojam,ET03,Amhara,ET,2024,10,0,ETH,ET030708,0.0,0.0
ET030708,Dembecha,ET0307,West Gojam,ET03,Amhara,ET,2024,11,3,ETH,ET030708,1.5,1.5
ET030708,Dembecha,ET0307,West Gojam,ET03,Amhara,ET,2024,12,0,ETH,ET030708,0.0,0.0
ET030708,Dembecha,ET0307,West Gojam,ET03,Amhara,ET,2025,2,3,ETH,ET030708,1.5,1.5
ET030708,Dembecha,ET0307,West Gojam,ET03,Amhara,ET,2025,3,0,ETH,ET030708,0.0,0.0
ET030708,Dembecha,ET0307,West Gojam,ET03,Amhara,ET,2025,7,10,ETH,ET030708,5.0,5.0
ET030708,Dembecha,ET0307,West Gojam,ET03,Amhara,ET,2025,8,14,ETH,ET030708,7.0,7.0
ET030709,Jabi Tehnan,ET0307,West Gojam,ET03,Amhara,ET,2023,9,0,ETH,ET030709,0.0,0.0
ET030709,Jabi Tehnan,ET0307,West Gojam,ET03,Amhara,ET,2024,1,0,ETH,ET030709,0.0,0.0
ET030709,Jabi Tehnan,ET0307,West Gojam,ET03,Amhara,ET,2024,3,0,ETH,ET030709,0.0,0.0
ET030709,Jabi Tehnan,ET0307,West Gojam,ET03,Amhara,ET,2024,8,8,ETH,ET030709,4.0,4.0
ET030709,Jabi Tehnan,ET0307,West Gojam,ET03,Amhara,ET,2024,10,0,ETH,ET030709,0.0,0.0
ET030709,Jabi Tehnan,ET0307,West Gojam,ET03,Amhara,ET,2024,11,6,ETH,ET030709,3.0,3.0
ET030709,Jabi Tehnan,ET0307,West Gojam,ET03,Amhara,ET,2025,1,4,ETH,ET030709,2.0,2.0
ET030709,Jabi Tehnan,ET0307,West Gojam,ET03,Amhara,ET,2025,8,0,ETH,ET030709,0.0,0.0
ET030709,Jabi Tehnan,ET0307,West Gojam,ET03,Amhara,ET,2025,9,4,ETH,ET030709,2.0,2.0
ET030710,Bure (AM),ET0307,West Gojam,ET03,Amhara,ET,2022,12,10,ETH,ET030710,5.0,5.0
ET030710,Bure (AM),ET0307,West Gojam,ET03,Amhara,ET,2023,10,10,ETH,ET030710,5.0,5.0
ET030710,Bure (AM),ET0307,West Gojam,ET03,Amhara,ET,2023,12,13,ETH,ET030710,6.5,6.5
ET030710,Bure (AM),ET0307,West Gojam,ET03,Amhara,ET,2024,2,0,ETH,ET030710,0.0,0.0
ET030710,Bure (AM),ET0307,West Gojam,ET03,Amhara,ET,2024,3,3,ETH,ET030710,1.5,1.5
ET030710,Bure (AM),ET0307,West Gojam,ET03,Amhara,ET,2024,6,2,ETH,ET030710,1.0,1.0
ET030710,Bure (AM),ET0307,West Gojam,ET03,Amhara,ET,2024,9,0,ETH,ET030710,0.0,0.0
ET030710,Bure (AM),ET0307,West Gojam,ET03,Amhara,ET,2024,10,0,ETH,ET030710,0.0,0.0
ET030710,Bure (AM),ET0307,West Gojam,ET03,Amhara,ET,2025,5,3,ETH,ET030710,1.5,1.5
ET030710,Bure (AM),ET0307,West Gojam,ET03,Amhara,ET,2025,7,1,ETH,ET030710,0.5,0.5
ET030711,Wemberma,ET0307,West Gojam,ET03,Amhara,ET,2024,2,0,ETH,ET030711,0.0,0.0
ET030711,Wemberma,ET0307,West Gojam,ET03,Amhara,ET,2024,5,3,ETH,ET030711,1.5,1.5
ET030711,Wemberma,ET0307,West Gojam,ET03,Amhara,ET,2024,10,0,ETH,ET030711,0.0,0.0
ET030711,Wemberma,ET0307,West Gojam,ET03,Amhara,ET,2025,9,9,ETH,ET030711,4.5,4.5
ET030712,Bahir Dar town,ET0307,West Gojam,ET03,Amhara,ET,2025,2,0,ETH,ET030712,0.0,0.0
ET030712,Bahir Dar town,ET0307,West Gojam,ET03,Amhara,ET,2025,6,0,ETH,ET030712,0.0,0.0
ET030713,Debub Achefer,ET0307,West Gojam,ET03,Amhara,ET,2024,10,2,ETH,ET030713,1.0,1.0
ET030713,Debub Achefer,ET0307,West Gojam,ET03,Amhara,ET,2024,11,43,ETH,ET030713,21.5,21.5
ET030713,Debub Achefer,ET0307,West Gojam,ET03,Amhara,ET,2025,2,1,ETH,ET030713,0.5,0.5
ET030713,Debub Achefer,ET0307,West Gojam,ET03,Amhara,ET,2025,3,5,ETH,ET030713,2.5,2.5
ET030714,Finote Selam town,ET0307,West Gojam,ET03,Amhara,ET,2016,8,0,ETH,ET030714,0.0,0.0
ET030714,Finote Selam town,ET0307,West Gojam,ET03,Amhara,ET,2018,7,0,ETH,ET030714,0.0,0.0
ET030714,Finote Selam town,ET0307,West Gojam,ET03,Amhara,ET,2020,2,0,ETH,ET030714,0.0,0.0
ET030714,Finote Selam town,ET0307,West Gojam,ET03,Amhara,ET,2021,4,2,ETH,ET030714,1.0,1.0
ET030714,Finote Selam town,ET0307,West Gojam,ET03,Amhara,ET,2022,5,0,ETH,ET030714,0.0,0.0
ET030714,Finote Selam town,ET0307,West Gojam,ET03,Amhara,ET,2022,10,0,ETH,ET030714,0.0,0.0
ET030714,Finote Selam town,ET0307,West Gojam,ET03,Amhara,ET,2023,6,1,ETH,ET030714,0.5,0.5
ET030714,Finote Selam town,ET0307,West Gojam,ET03,Amhara,ET,2023,7,0,ETH,ET030714,0.0,0.0
ET030714,Finote Selam town,ET0307,West Gojam,ET03,Amhara,ET,2023,8,37,ETH,ET030714,18.5,18.5
ET030714,Finote Selam town,ET0307,West Gojam,ET03,Amhara,ET,2023,9,1,ETH,ET030714,0.5,0.5
ET030714,Finote Selam town,ET0307,West Gojam,ET03,Amhara,ET,2023,10,0,ETH,ET030714,0.0,0.0
ET030714,Finote Selam town,ET0307,West Gojam,ET03,Amhara,ET,2023,11,0,ETH,ET030714,0.0,0.0
ET030714,Finote Selam town,ET0307,West Gojam,ET03,Amhara,ET,2024,1,0,ETH,ET030714,0.0,0.0
ET030714,Finote Selam town,ET0307,West Gojam,ET03,Amhara,ET,2024,2,0,ETH,ET030714,0.0,0.0
ET030714,Finote Selam town,ET0307,West Gojam,ET03,Amhara,ET,2024,4,0,ETH,ET030714,0.0,0.0
ET030714,Finote Selam town,ET0307,West Gojam,ET03,Amhara,ET,2024,10,27,ETH,ET030714,13.5,13.5
ET030714,Finote Selam town,ET0307,West Gojam,ET03,Amhara,ET,2024,11,6,ETH,ET030714,3.0,3.0
ET030714,Finote Selam town,ET0307,West Gojam,ET03,Amhara,ET,2024,12,0,ETH,ET030714,0.0,0.0
ET030714,Finote Selam town,ET0307,West Gojam,ET03,Amhara,ET,2025,3,13,ETH,ET030714,6.5,6.5
ET030714,Finote Selam town,ET0307,West Gojam,ET03,Amhara,ET,2025,6,0,ETH,ET030714,0.0,0.0
ET030714,Finote Selam town,ET0307,West Gojam,ET03,Amhara,ET,2025,8,0,ETH,ET030714,0.0,0.0
ET030715,Debub Mecha,ET0307,West Gojam,ET03,Amhara,ET,2021,6,0,ETH,ET030715,0.0,0.0
ET030715,Debub Mecha,ET0307,West Gojam,ET03,Amhara,ET,2023,7,0,ETH,ET030715,0.0,0.0
ET030715,Debub Mecha,ET0307,West Gojam,ET03,Amhara,ET,2024,1,0,ETH,ET030715,0.0,0.0
ET030715,Debub Mecha,ET0307,West Gojam,ET03,Amhara,ET,2024,2,21,ETH,ET030715,10.5,10.5
ET030715,Debub Mecha,ET0307,West Gojam,ET03,Amhara,ET,2024,3,29,ETH,ET030715,14.5,14.5
ET030715,Debub Mecha,ET0307,West Gojam,ET03,Amhara,ET,2024,4,2,ETH,ET030715,1.0,1.0
ET030715,Debub Mecha,ET0307,West Gojam,ET03,Amhara,ET,2024,5,4,ETH,ET030715,2.0,2.0
ET030715,Debub Mecha,ET0307,West Gojam,ET03,Amhara,ET,2024,6,10,ETH,ET030715,5.0,5.0
ET030715,Debub Mecha,ET0307,West Gojam,ET03,Amhara,ET,2024,7,4,ETH,ET030715,2.0,2.0
ET030715,Debub Mecha,ET0307,West Gojam,ET03,Amhara,ET,2024,8,3,ETH,ET030715,1.5,1.5
ET030715,Debub Mecha,ET0307,West Gojam,ET03,Amhara,ET,2024,9,0,ETH,ET030715,0.0,0.0
ET030715,Debub Mecha,ET0307,West Gojam,ET03,Amhara,ET,2024,10,145,ETH,ET030715,72.5,72.5
ET030715,Debub Mecha,ET0307,West Gojam,ET03,Amhara,ET,2024,11,10,ETH,ET030715,5.0,5.0
ET030715,Debub Mecha,ET0307,West Gojam,ET03,Amhara,ET,2025,1,12,ETH,ET030715,6.0,6.0
ET030715,Debub Mecha,ET0307,West Gojam,ET03,Amhara,ET,2025,2,10,ETH,ET030715,5.0,5.0
ET030715,Debub Mecha,ET0307,West Gojam,ET03,Amhara,ET,2025,3,59,ETH,ET030715,29.5,29.5
ET030715,Debub Mecha,ET0307,West Gojam,ET03,Amhara,ET,2025,4,3,ETH,ET030715,1.5,1.5
ET030715,Debub Mecha,ET0307,West Gojam,ET03,Amhara,ET,2025,6,0,ETH,ET030715,0.0,0.0
ET030715,Debub Mecha,ET0307,West Gojam,ET03,Amhara,ET,2025,7,3,ETH,ET030715,1.5,1.5
ET030715,Debub Mecha,ET0307,West Gojam,ET03,Amhara,ET,2025,8,5,ETH,ET030715,2.5,2.5
ET030716,Shendi town,ET0307,West Gojam,ET03,Amhara,ET,2024,2,0,ETH,ET030716,0.0,0.0
ET030716,Shendi town,ET0307,West Gojam,ET03,Amhara,ET,2024,4,5,ETH,ET030716,2.5,2.5
ET030716,Shendi town,ET0307,West Gojam,ET03,Amhara,ET,2024,10,0,ETH,ET030716,0.0,0.0
ET030716,Shendi town,ET0307,West Gojam,ET03,Amhara,ET,2025,1,10,ETH,ET030716,5.0,5.0
ET030716,Shendi town,ET0307,West Gojam,ET03,Amhara,ET,2025,2,0,ETH,ET030716,0.0,0.0
ET030716,Shendi town,ET0307,West Gojam,ET03,Amhara,ET,2025,3,2,ETH,ET030716,1.0,1.0
ET030716,Shendi town,ET0307,West Gojam,ET03,Amhara,ET,2025,8,10,ETH,ET030716,5.0,5.0
ET030716,Shendi town,ET0307,West Gojam,ET03,Amhara,ET,2025,9,8,ETH,ET030716,4.0,4.0
ET030718,Gonje,ET0307,West Gojam,ET03,Amhara,ET,2023,11,0,ETH,ET030718,0.0,0.0
ET030718,Gonje,ET0307,West Gojam,ET03,Amhara,ET,2024,2,0,ETH,ET030718,0.0,0.0
ET030718,Gonje,ET0307,West Gojam,ET03,Amhara,ET,2024,3,1,ETH,ET030718,0.5,0.5
ET030718,Gonje,ET0307,West Gojam,ET03,Amhara,ET,2024,4,0,ETH,ET030718,0.0,0.0
ET030718,Gonje,ET0307,West Gojam,ET03,Amhara,ET,2024,5,5,ETH,ET030718,2.5,2.5
ET030718,Gonje,ET0307,West Gojam,ET03,Amhara,ET,2024,6,3,ETH,ET030718,1.5,1.5
ET030718,Gonje,ET0307,West Gojam,ET03,Amhara,ET,2024,7,31,ETH,ET030718,15.5,15.5
ET030718,Gonje,ET0307,West Gojam,ET03,Amhara,ET,2024,8,33,ETH,ET030718,16.5,16.5
ET030718,Gonje,ET0307,West Gojam,ET03,Amhara,ET,2024,9,0,ETH,ET030718,0.0,0.0
ET030718,Gonje,ET0307,West Gojam,ET03,Amhara,ET,2024,10,13,ETH,ET030718,6.5,6.5
ET030718,Gonje,ET0307,West Gojam,ET03,Amhara,ET,2024,11,14,ETH,ET030718,7.0,7.0
ET030718,Gonje,ET0307,West Gojam,ET03,Amhara,ET,2024,12,10,ETH,ET030718,5.0,5.0
ET030718,Gonje,ET0307,West Gojam,ET03,Amhara,ET,2025,1,7,ETH,ET030718,3.5,3.5
ET030718,Gonje,ET0307,West Gojam,ET03,Amhara,ET,2025,2,3,ETH,ET030718,1.5,1.5
ET030718,Gonje,ET0307,West Gojam,ET03,Amhara,ET,2025,3,20,ETH,ET030718,10.0,10.0
ET030718,Gonje,ET0307,West Gojam,ET03,Amhara,ET,2025,5,0,ETH,ET030718,0.0,0.0
ET030718,Gonje,ET0307,West Gojam,ET03,Amhara,ET,2025,6,2,ETH,ET030718,1.0,1.0
ET030718,Gonje,ET0307,West Gojam,ET03,Amhara,ET,2025,7,14,ETH,ET030718,7.0,7.0
ET030719,Dure Bete,ET0307,West Gojam,ET03,Amhara,ET,2020,2,0,ETH,ET030719,0.0,0.0
ET030719,Dure Bete,ET0307,West Gojam,ET03,Amhara,ET,2020,3,0,ETH,ET030719,0.0,0.0
ET030719,Dure Bete,ET0307,West Gojam,ET03,Amhara,ET,2023,4,0,ETH,ET030719,0.0,0.0
ET030719,Dure Bete,ET0307,West Gojam,ET03,Amhara,ET,2023,6,3,ETH,ET030719,1.5,1.5
ET030719,Dure Bete,ET0307,West Gojam,ET03,Amhara,ET,2024,1,4,ETH,ET030719,2.0,2.0
ET030719,Dure Bete,ET0307,West Gojam,ET03,Amhara,ET,2024,2,3,ETH,ET030719,1.5,1.5
ET030719,Dure Bete,ET0307,West Gojam,ET03,Amhara,ET,2024,3,0,ETH,ET030719,0.0,0.0
ET030719,Dure Bete,ET0307,West Gojam,ET03,Amhara,ET,2024,4,10,ETH,ET030719,5.0,5.0
ET030719,Dure Bete,ET0307,West Gojam,ET03,Amhara,ET,2024,7,10,ETH,ET030719,5.0,5.0
ET030719,Dure Bete,ET0307,West Gojam,ET03,Amhara,ET,2024,8,10,ETH,ET030719,5.0,5.0
ET030719,Dure Bete,ET0307,West Gojam,ET03,Amhara,ET,2024,11,19,ETH,ET030719,9.5,9.5
ET030719,Dure Bete,ET0307,West Gojam,ET03,Amhara,ET,2024,12,0,ETH,ET030719,0.0,0.0
ET030719,Dure Bete,ET0307,West Gojam,ET03,Amhara,ET,2025,4,2,ETH,ET030719,1.0,1.0
ET030719,Dure Bete,ET0307,West Gojam,ET03,Amhara,ET,2025,7,0,ETH,ET030719,0.0,0.0
ET030719,Dure Bete,ET0307,West Gojam,ET03,Amhara,ET,2025,8,11,ETH,ET030719,5.5,5.5
ET030720,Jiga town,ET0307,West Gojam,ET03,Amhara,ET,2023,6,0,ETH,ET030720,0.0,0.0
ET030720,Jiga town,ET0307,West Gojam,ET03,Amhara,ET,2023,7,0,ETH,ET030720,0.0,0.0
ET030720,Jiga town,ET0307,West Gojam,ET03,Amhara,ET,2023,8,4,ETH,ET030720,2.0,2.0
ET030720,Jiga town,ET0307,West Gojam,ET03,Amhara,ET,2023,9,0,ETH,ET030720,0.0,0.0
ET030720,Jiga town,ET0307,West Gojam,ET03,Amhara,ET,2023,11,0,ETH,ET030720,0.0,0.0
ET030720,Jiga town,ET0307,West Gojam,ET03,Amhara,ET,2024,6,16,ETH,ET030720,8.0,8.0
ET030720,Jiga town,ET0307,West Gojam,ET03,Amhara,ET,2024,9,11,ETH,ET030720,5.5,5.5
ET030720,Jiga town,ET0307,West Gojam,ET03,Amhara,ET,2024,10,0,ETH,ET030720,0.0,0.0
ET030720,Jiga town,ET0307,West Gojam,ET03,Amhara,ET,2024,11,30,ETH,ET030720,15.0,15.0
ET030720,Jiga town,ET0307,West Gojam,ET03,Amhara,ET,2024,12,3,ETH,ET030720,1.5,1.5
ET030720,Jiga town,ET0307,West Gojam,ET03,Amhara,ET,2025,1,0,ETH,ET030720,0.0,0.0
ET030720,Jiga town,ET0307,West Gojam,ET03,Amhara,ET,2025,3,0,ETH,ET030720,0.0,0.0
ET030720,Jiga town,ET0307,West Gojam,ET03,Amhara,ET,2025,5,3,ETH,ET030720,1.5,1.5
ET030720,Jiga town,ET0307,West Gojam,ET03,Amhara,ET,2025,7,10,ETH,ET030720,5.0,5.0
ET030797,Merawi town,ET0307,West Gojam,ET03,Amhara,ET,2021,5,4,ETH,ET030797,2.0,2.0
ET030797,Merawi town,ET0307,West Gojam,ET03,Amhara,ET,2022,5,3,ETH,ET030797,1.5,1.5
ET030797,Merawi town,ET0307,West Gojam,ET03,Amhara,ET,2023,4,4,ETH,ET030797,2.0,2.0
ET030797,Merawi town,ET0307,West Gojam,ET03,Amhara,ET,2023,9,0,ETH,ET030797,0.0,0.0
ET030797,Merawi town,ET0307,West Gojam,ET03,Amhara,ET,2023,10,7,ETH,ET030797,3.5,3.5
ET030797,Merawi town,ET0307,West Gojam,ET03,Amhara,ET,2023,12,3,ETH,ET030797,1.5,1.5
ET030797,Merawi town,ET0307,West Gojam,ET03,Amhara,ET,2024,1,55,ETH,ET030797,27.5,27.5
ET030797,Merawi town,ET0307,West Gojam,ET03,Amhara,ET,2024,2,13,ETH,ET030797,6.5,6.5
ET030797,Merawi town,ET0307,West Gojam,ET03,Amhara,ET,2024,3,27,ETH,ET030797,13.5,13.5
ET030797,Merawi town,ET0307,West Gojam,ET03,Amhara,ET,2024,4,1,ETH,ET030797,0.5,0.5
ET030797,Merawi town,ET0307,West Gojam,ET03,Amhara,ET,2024,5,27,ETH,ET030797,13.5,13.5
ET030797,Merawi town,ET0307,West Gojam,ET03,Amhara,ET,2024,6,0,ETH,ET030797,0.0,0.0
ET030797,Merawi town,ET0307,West Gojam,ET03,Amhara,ET,2024,7,0,ETH,ET030797,0.0,0.0
ET030797,Merawi town,ET0307,West Gojam,ET03,Amhara,ET,2024,8,7,ETH,ET030797,3.5,3.5
ET030797,Merawi town,ET0307,West Gojam,ET03,Amhara,ET,2024,9,0,ETH,ET030797,0.0,0.0
ET030797,Merawi town,ET0307,West Gojam,ET03,Amhara,ET,2024,10,8,ETH,ET030797,4.0,4.0
ET030797,Merawi town,ET0307,West Gojam,ET03,Amhara,ET,2024,11,0,ETH,ET030797,0.0,0.0
ET030797,Merawi town,ET0307,West Gojam,ET03,Amhara,ET,2024,12,3,ETH,ET030797,1.5,1.5
ET030797,Merawi town,ET0307,West Gojam,ET03,Amhara,ET,2025,1,0,ETH,ET030797,0.0,0.0
ET030797,Merawi town,ET0307,West Gojam,ET03,Amhara,ET,2025,2,0,ETH,ET030797,0.0,0.0
ET030797,Merawi town,ET0307,West Gojam,ET03,Amhara,ET,2025,3,9,ETH,ET030797,4.5,4.5
ET030797,Merawi town,ET0307,West Gojam,ET03,Amhara,ET,2025,6,10,ETH,ET030797,5.0,5.0
ET030797,Merawi town,ET0307,West Gojam,ET03,Amhara,ET,2025,7,0,ETH,ET030797,0.0,0.0
ET030797,Merawi town,ET0307,West Gojam,ET03,Amhara,ET,2025,8,11,ETH,ET030797,5.5,5.5
ET030798,Bure town,ET0307,West Gojam,ET03,Amhara,ET,2016,8,0,ETH,ET030798,0.0,0.0
ET030798,Bure town,ET0307,West Gojam,ET03,Amhara,ET,2018,8,0,ETH,ET030798,0.0,0.0
ET030798,Bure town,ET0307,West Gojam,ET03,Amhara,ET,2020,2,0,ETH,ET030798,0.0,0.0
ET030798,Bure town,ET0307,West Gojam,ET03,Amhara,ET,2021,4,0,ETH,ET030798,0.0,0.0
ET030798,Bure town,ET0307,West Gojam,ET03,Amhara,ET,2023,8,19,ETH,ET030798,9.5,9.5
ET030798,Bure town,ET0307,West Gojam,ET03,Amhara,ET,2023,9,0,ETH,ET030798,0.0,0.0
ET030798,Bure town,ET0307,West Gojam,ET03,Amhara,ET,2023,10,13,ETH,ET030798,6.5,6.5
ET030798,Bure town,ET0307,West Gojam,ET03,Amhara,ET,2023,11,21,ETH,ET030798,10.5,10.5
ET030798,Bure town,ET0307,West Gojam,ET03,Amhara,ET,2023,12,10,ETH,ET030798,5.0,5.0
ET030798,Bure town,ET0307,West Gojam,ET03,Amhara,ET,2024,6,5,ETH,ET030798,2.5,2.5
ET030798,Bure town,ET0307,West Gojam,ET03,Amhara,ET,2024,8,0,ETH,ET030798,0.0,0.0
ET030798,Bure town,ET0307,West Gojam,ET03,Amhara,ET,2024,9,0,ETH,ET030798,0.0,0.0
ET030798,Bure town,ET0307,West Gojam,ET03,Amhara,ET,2024,10,2,ETH,ET030798,1.0,1.0
ET030798,Bure town,ET0307,West Gojam,ET03,Amhara,ET,2024,11,0,ETH,ET030798,0.0,0.0
ET030798,Bure town,ET0307,West Gojam,ET03,Amhara,ET,2025,3,0,ETH,ET030798,0.0,0.0
ET030798,Bure town,ET0307,West Gojam,ET03,Amhara,ET,2025,5,11,ETH,ET030798,5.5,5.5
ET030798,Bure town,ET0307,West Gojam,ET03,Amhara,ET,2025,6,13,ETH,ET030798,6.5,6.5
ET030798,Bure town,ET0307,West Gojam,ET03,Amhara,ET,2025,8,4,ETH,ET030798,2.0,2.0
ET030798,Bure town,ET0307,West Gojam,ET03,Amhara,ET,2025,9,3,ETH,ET030798,1.5,1.5
ET030799,Adete town,ET0307,West Gojam,ET03,Amhara,ET,2023,8,8,ETH,ET030799,4.0,4.0
ET030799,Adete town,ET0307,West Gojam,ET03,Amhara,ET,2023,9,0,ETH,ET030799,0.0,0.0
ET030799,Adete town,ET0307,West Gojam,ET03,Amhara,ET,2023,10,12,ETH,ET030799,6.0,6.0
ET030799,Adete town,ET0307,West Gojam,ET03,Amhara,ET,2024,1,42,ETH,ET030799,21.0,21.0
ET030799,Adete town,ET0307,West Gojam,ET03,Amhara,ET,2024,2,0,ETH,ET030799,0.0,0.0
ET030799,Adete town,ET0307,West Gojam,ET03,Amhara,ET,2024,3,0,ETH,ET030799,0.0,0.0
ET030799,Adete town,ET0307,West Gojam,ET03,Amhara,ET,2024,4,1,ETH,ET030799,0.5,0.5
ET030799,Adete town,ET0307,West Gojam,ET03,Amhara,ET,2024,5,0,ETH,ET030799,0.0,0.0
ET030799,Adete town,ET0307,West Gojam,ET03,Amhara,ET,2024,6,29,ETH,ET030799,14.5,14.5
ET030799,Adete town,ET0307,West Gojam,ET03,Amhara,ET,2024,7,19,ETH,ET030799,9.5,9.5
ET030799,Adete town,ET0307,West Gojam,ET03,Amhara,ET,2024,8,10,ETH,ET030799,5.0,5.0
ET030799,Adete town,ET0307,West Gojam,ET03,Amhara,ET,2024,9,9,ETH,ET030799,4.5,4.5
ET030799,Adete town,ET0307,West Gojam,ET03,Amhara,ET,2024,10,17,ETH,ET030799,8.5,8.5
ET030799,Adete town,ET0307,West Gojam,ET03,Amhara,ET,2024,11,0,ETH,ET030799,0.0,0.0
ET030799,Adete town,ET0307,West Gojam,ET03,Amhara,ET,2025,3,8,ETH,ET030799,4.0,4.0
ET030799,Adete town,ET0307,West Gojam,ET03,Amhara,ET,2025,4,7,ETH,ET030799,3.5,3.5
ET030799,Adete town,ET0307,West Gojam,ET03,Amhara,ET,2025,6,10,ETH,ET030799,5.0,5.0
ET030799,Adete town,ET0307,West Gojam,ET03,Amhara,ET,2025,7,10,ETH,ET030799,5.0,5.0
ET030799,Adete town,ET0307,West Gojam,ET03,Amhara,ET,2025,8,0,ETH,ET030799,0.0,0.0
ET030799,Adete town,ET0307,West Gojam,ET03,Amhara,ET,2025,9,3,ETH,ET030799,1.5,1.5
ET030801,Zequala,ET0308,Wag Hamra,ET03,Amhara,ET,2022,9,0,ETH,ET030801,0.0,0.0
ET030802,Sekota,ET0308,Wag Hamra,ET03,Amhara,ET,2000,8,41,ETH,ET030802,20.5,20.5
ET030802,Sekota,ET0308,Wag Hamra,ET03,Amhara,ET,2022,9,0,ETH,ET030802,0.0,0.0
ET030803,Dehana,ET0308,Wag Hamra,ET03,Amhara,ET,2021,11,0,ETH,ET030803,0.0,0.0
ET030803,Dehana,ET0308,Wag Hamra,ET03,Amhara,ET,2021,12,2,ETH,ET030803,1.0,1.0
ET030805,Abergele (AM),ET0308,Wag Hamra,ET03,Amhara,ET,2021,3,0,ETH,ET030805,0.0,0.0
ET030805,Abergele (AM),ET0308,Wag Hamra,ET03,Amhara,ET,2021,4,11,ETH,ET030805,5.5,5.5
ET030805,Abergele (AM),ET0308,Wag Hamra,ET03,Amhara,ET,2021,7,0,ETH,ET030805,0.0,0.0
ET030805,Abergele (AM),ET0308,Wag Hamra,ET03,Amhara,ET,2021,11,0,ETH,ET030805,0.0,0.0
ET030805,Abergele (AM),ET0308,Wag Hamra,ET03,Amhara,ET,2022,1,0,ETH,ET030805,0.0,0.0
ET030805,Abergele (AM),ET0308,Wag Hamra,ET03,Amhara,ET,2022,9,18,ETH,ET030805,9.0,9.0
ET030805,Abergele (AM),ET0308,Wag Hamra,ET03,Amhara,ET,2023,3,0,ETH,ET030805,0.0,0.0
ET030805,Abergele (AM),ET0308,Wag Hamra,ET03,Amhara,ET,2024,1,0,ETH,ET030805,0.0,0.0
ET030805,Abergele (AM),ET0308,Wag Hamra,ET03,Amhara,ET,2024,2,0,ETH,ET030805,0.0,0.0
ET030805,Abergele (AM),ET0308,Wag Hamra,ET03,Amhara,ET,2024,3,0,ETH,ET030805,0.0,0.0
ET030807,Sekota town,ET0308,Wag Hamra,ET03,Amhara,ET,2020,2,0,ETH,ET030807,0.0,0.0
ET030807,Sekota town,ET0308,Wag Hamra,ET03,Amhara,ET,2020,3,0,ETH,ET030807,0.0,0.0
ET030807,Sekota town,ET0308,Wag Hamra,ET03,Amhara,ET,2021,4,0,ETH,ET030807,0.0,0.0
ET030807,Sekota town,ET0308,Wag Hamra,ET03,Amhara,ET,2021,7,0,ETH,ET030807,0.0,0.0
ET030807,Sekota town,ET0308,Wag Hamra,ET03,Amhara,ET,2021,8,20,ETH,ET030807,10.0,10.0
ET030807,Sekota town,ET0308,Wag Hamra,ET03,Amhara,ET,2021,9,20,ETH,ET030807,10.0,10.0
ET030807,Sekota town,ET0308,Wag Hamra,ET03,Amhara,ET,2021,11,1,ETH,ET030807,0.5,0.5
ET030807,Sekota town,ET0308,Wag Hamra,ET03,Amhara,ET,2021,12,0,ETH,ET030807,0.0,0.0
ET030807,Sekota town,ET0308,Wag Hamra,ET03,Amhara,ET,2022,1,0,ETH,ET030807,0.0,0.0
ET030807,Sekota town,ET0308,Wag Hamra,ET03,Amhara,ET,2022,3,0,ETH,ET030807,0.0,0.0
ET030807,Sekota town,ET0308,Wag Hamra,ET03,Amhara,ET,2022,8,38,ETH,ET030807,19.0,19.0
ET030807,Sekota town,ET0308,Wag Hamra,ET03,Amhara,ET,2022,9,10,ETH,ET030807,5.0,5.0
ET030807,Sekota town,ET0308,Wag Hamra,ET03,Amhara,ET,2022,10,0,ETH,ET030807,0.0,0.0
ET030807,Sekota town,ET0308,Wag Hamra,ET03,Amhara,ET,2023,2,2,ETH,ET030807,1.0,1.0
ET030807,Sekota town,ET0308,Wag Hamra,ET03,Amhara,ET,2023,5,0,ETH,ET030807,0.0,0.0
ET030807,Sekota town,ET0308,Wag Hamra,ET03,Amhara,ET,2023,8,0,ETH,ET030807,0.0,0.0
ET030807,Sekota town,ET0308,Wag Hamra,ET03,Amhara,ET,2024,1,0,ETH,ET030807,0.0,0.0
ET030807,Sekota town,ET0308,Wag Hamra,ET03,Amhara,ET,2024,3,0,ETH,ET030807,0.0,0.0
ET030809,Amde Work town,ET0308,Wag Hamra,ET03,Amhara,ET,2021,9,10,ETH,ET030809,5.0,5.0
ET030809,Amde Work town,ET0308,Wag Hamra,ET03,Amhara,ET,2021,10,0,ETH,ET030809,0.0,0.0
ET030809,Amde Work town,ET0308,Wag Hamra,ET03,Amhara,ET,2021,11,0,ETH,ET030809,0.0,0.0
ET030809,Amde Work town,ET0308,Wag Hamra,ET03,Amhara,ET,2021,12,0,ETH,ET030809,0.0,0.0
ET030809,Amde Work town,ET0308,Wag Hamra,ET03,Amhara,ET,2022,1,1,ETH,ET030809,0.5,0.5
ET030809,Amde Work town,ET0308,Wag Hamra,ET03,Amhara,ET,2024,5,2,ETH,ET030809,1.0,1.0
ET030901,Dangila,ET0309,Awi,ET03,Amhara,ET,2024,3,0,ETH,ET030901,0.0,0.0
ET030901,Dangila,ET0309,Awi,ET03,Amhara,ET,2024,10,10,ETH,ET030901,5.0,5.0
ET030901,Dangila,ET0309,Awi,ET03,Amhara,ET,2024,12,0,ETH,ET030901,0.0,0.0
ET030901,Dangila,ET0309,Awi,ET03,Amhara,ET,2025,1,0,ETH,ET030901,0.0,0.0
ET030901,Dangila,ET0309,Awi,ET03,Amhara,ET,2025,2,0,ETH,ET030901,0.0,0.0
ET030903,Ankasha,ET0309,Awi,ET03,Amhara,ET,2023,11,6,ETH,ET030903,3.0,3.0
ET030903,Ankasha,ET0309,Awi,ET03,Amhara,ET,2024,1,0,ETH,ET030903,0.0,0.0
ET030903,Ankasha,ET0309,Awi,ET03,Amhara,ET,2024,3,3,ETH,ET030903,1.5,1.5
ET030903,Ankasha,ET0309,Awi,ET03,Amhara,ET,2024,9,0,ETH,ET030903,0.0,0.0
ET030903,Ankasha,ET0309,Awi,ET03,Amhara,ET,2025,1,2,ETH,ET030903,1.0,1.0
ET030903,Ankasha,ET0309,Awi,ET03,Amhara,ET,2025,9,3,ETH,ET030903,1.5,1.5
ET030904,Guangua,ET0309,Awi,ET03,Amhara,ET,2023,12,0,ETH,ET030904,0.0,0.0
ET030904,Guangua,ET0309,Awi,ET03,Amhara,ET,2024,3,0,ETH,ET030904,0.0,0.0
ET030904,Guangua,ET0309,Awi,ET03,Amhara,ET,2024,5,2,ETH,ET030904,1.0,1.0
ET030904,Guangua,ET0309,Awi,ET03,Amhara,ET,2024,6,2,ETH,ET030904,1.0,1.0
ET030905,Fagta Lakoma,ET0309,Awi,ET03,Amhara,ET,2024,9,0,ETH,ET030905,0.0,0.0
ET030905,Fagta Lakoma,ET0309,Awi,ET03,Amhara,ET,2024,11,10,ETH,ET030905,5.0,5.0
ET030905,Fagta Lakoma,ET0309,Awi,ET03,Amhara,ET,2024,12,14,ETH,ET030905,7.0,7.0
ET030905,Fagta Lakoma,ET0309,Awi,ET03,Amhara,ET,2025,1,3,ETH,ET030905,1.5,1.5
ET030905,Fagta Lakoma,ET0309,Awi,ET03,Amhara,ET,2025,3,0,ETH,ET030905,0.0,0.0
ET030905,Fagta Lakoma,ET0309,Awi,ET03,Amhara,ET,2025,6,0,ETH,ET030905,0.0,0.0
ET030905,Fagta Lakoma,ET0309,Awi,ET03,Amhara,ET,2025,7,0,ETH,ET030905,0.0,0.0
ET030905,Fagta Lakoma,ET0309,Awi,ET03,Amhara,ET,2025,8,7,ETH,ET030905,3.5,3.5
ET030906,Jawi,ET0309,Awi,ET03,Amhara,ET,2020,9,15,ETH,ET030906,7.5,7.5
ET030906,Jawi,ET0309,Awi,ET03,Amhara,ET,2020,10,28,ETH,ET030906,14.0,14.0
ET030906,Jawi,ET0309,Awi,ET03,Amhara,ET,2020,11,19,ETH,ET030906,9.5,9.5
ET030906,Jawi,ET0309,Awi,ET03,Amhara,ET,2020,12,1,ETH,ET030906,0.5,0.5
ET030906,Jawi,ET0309,Awi,ET03,Amhara,ET,2021,4,9,ETH,ET030906,4.5,4.5
ET030906,Jawi,ET0309,Awi,ET03,Amhara,ET,2022,4,0,ETH,ET030906,0.0,0.0
ET030906,Jawi,ET0309,Awi,ET03,Amhara,ET,2023,2,3,ETH,ET030906,1.5,1.5
ET030906,Jawi,ET0309,Awi,ET03,Amhara,ET,2023,5,0,ETH,ET030906,0.0,0.0
ET030906,Jawi,ET0309,Awi,ET03,Amhara,ET,2023,11,3,ETH,ET030906,1.5,1.5
ET030906,Jawi,ET0309,Awi,ET03,Amhara,ET,2023,12,3,ETH,ET030906,1.5,1.5
ET030906,Jawi,ET0309,Awi,ET03,Amhara,ET,2024,1,12,ETH,ET030906,6.0,6.0
ET030906,Jawi,ET0309,Awi,ET03,Amhara,ET,2024,4,10,ETH,ET030906,5.0,5.0
ET030906,Jawi,ET0309,Awi,ET03,Amhara,ET,2024,8,10,ETH,ET030906,5.0,5.0
ET030906,Jawi,ET0309,Awi,ET03,Amhara,ET,2024,9,10,ETH,ET030906,5.0,5.0
ET030906,Jawi,ET0309,Awi,ET03,Amhara,ET,2024,10,0,ETH,ET030906,0.0,0.0
ET030906,Jawi,ET0309,Awi,ET03,Amhara,ET,2024,12,3,ETH,ET030906,1.5,1.5
ET030906,Jawi,ET0309,Awi,ET03,Amhara,ET,2025,2,1,ETH,ET030906,0.5,0.5
ET030906,Jawi,ET0309,Awi,ET03,Amhara,ET,2025,4,22,ETH,ET030906,11.0,11.0
ET030906,Jawi,ET0309,Awi,ET03,Amhara,ET,2025,5,20,ETH,ET030906,10.0,10.0
ET030906,Jawi,ET0309,Awi,ET03,Amhara,ET,2025,6,0,ETH,ET030906,0.0,0.0
ET030906,Jawi,ET0309,Awi,ET03,Amhara,ET,2025,8,31,ETH,ET030906,15.5,15.5
ET030906,Jawi,ET0309,Awi,ET03,Amhara,ET,2025,9,0,ETH,ET030906,0.0,0.0
ET030907,Guagusa Shikudad,ET0309,Awi,ET03,Amhara,ET,2024,6,31,ETH,ET030907,15.5,15.5
ET030907,Guagusa Shikudad,ET0309,Awi,ET03,Amhara,ET,2024,11,3,ETH,ET030907,1.5,1.5
ET030907,Guagusa Shikudad,ET0309,Awi,ET03,Amhara,ET,2025,4,20,ETH,ET030907,10.0,10.0
ET030907,Guagusa Shikudad,ET0309,Awi,ET03,Amhara,ET,2025,5,10,ETH,ET030907,5.0,5.0
ET030907,Guagusa Shikudad,ET0309,Awi,ET03,Amhara,ET,2025,8,0,ETH,ET030907,0.0,0.0
ET030908,Ayehu Guwagusa,ET0309,Awi,ET03,Amhara,ET,2023,8,10,ETH,ET030908,5.0,5.0
ET030908,Ayehu Guwagusa,ET0309,Awi,ET03,Amhara,ET,2025,6,0,ETH,ET030908,0.0,0.0
ET030908,Ayehu Guwagusa,ET0309,Awi,ET03,Amhara,ET,2025,7,0,ETH,ET030908,0.0,0.0
ET030910,Adiss Kidame town,ET0309,Awi,ET03,Amhara,ET,2021,4,0,ETH,ET030910,0.0,0.0
ET030910,Adiss Kidame town,ET0309,Awi,ET03,Amhara,ET,2024,1,0,ETH,ET030910,0.0,0.0
ET030910,Adiss Kidame town,ET0309,Awi,ET03,Amhara,ET,2024,2,40,ETH,ET030910,20.0,20.0
ET030910,Adiss Kidame town,ET0309,Awi,ET03,Amhara,ET,2024,3,0,ETH,ET030910,0.0,0.0
ET030910,Adiss Kidame town,ET0309,Awi,ET03,Amhara,ET,2024,5,11,ETH,ET030910,5.5,5.5
ET030910,Adiss Kidame town,ET0309,Awi,ET03,Amhara,ET,2024,7,10,ETH,ET030910,5.0,5.0
ET030910,Adiss Kidame town,ET0309,Awi,ET03,Amhara,ET,2024,8,10,ETH,ET030910,5.0,5.0
ET030910,Adiss Kidame town,ET0309,Awi,ET03,Amhara,ET,2024,10,26,ETH,ET030910,13.0,13.0
ET030910,Adiss Kidame town,ET0309,Awi,ET03,Amhara,ET,2024,11,1,ETH,ET030910,0.5,0.5
ET030910,Adiss Kidame town,ET0309,Awi,ET03,Amhara,ET,2024,12,0,ETH,ET030910,0.0,0.0
ET030910,Adiss Kidame town,ET0309,Awi,ET03,Amhara,ET,2025,3,7,ETH,ET030910,3.5,3.5
ET030910,Adiss Kidame town,ET0309,Awi,ET03,Amhara,ET,2025,6,0,ETH,ET030910,0.0,0.0
ET030910,Adiss Kidame town,ET0309,Awi,ET03,Amhara,ET,2025,7,0,ETH,ET030910,0.0,0.0
ET030911,Tilili town,ET0309,Awi,ET03,Amhara,ET,2021,4,0,ETH,ET030911,0.0,0.0
ET030911,Tilili town,ET0309,Awi,ET03,Amhara,ET,2023,11,10,ETH,ET030911,5.0,5.0
ET030911,Tilili town,ET0309,Awi,ET03,Amhara,ET,2024,2,0,ETH,ET030911,0.0,0.0
ET030911,Tilili town,ET0309,Awi,ET03,Amhara,ET,2024,3,0,ETH,ET030911,0.0,0.0
ET030911,Tilili town,ET0309,Awi,ET03,Amhara,ET,2024,6,10,ETH,ET030911,5.0,5.0
ET030911,Tilili town,ET0309,Awi,ET03,Amhara,ET,2024,8,10,ETH,ET030911,5.0,5.0
ET030911,Tilili town,ET0309,Awi,ET03,Amhara,ET,2024,11,3,ETH,ET030911,1.5,1.5
ET030911,Tilili town,ET0309,Awi,ET03,Amhara,ET,2025,2,3,ETH,ET030911,1.5,1.5
ET030911,Tilili town,ET0309,Awi,ET03,Amhara,ET,2025,3,3,ETH,ET030911,1.5,1.5
ET030911,Tilili town,ET0309,Awi,ET03,Amhara,ET,2025,4,31,ETH,ET030911,15.5,15.5
ET030911,Tilili town,ET0309,Awi,ET03,Amhara,ET,2025,5,22,ETH,ET030911,11.0,11.0
ET030912,Fendika town,ET0309,Awi,ET03,Amhara,ET,2024,4,5,ETH,ET030912,2.5,2.5
ET030912,Fendika town,ET0309,Awi,ET03,Amhara,ET,2025,2,1,ETH,ET030912,0.5,0.5
ET030912,Fendika town,ET0309,Awi,ET03,Amhara,ET,2025,3,9,ETH,ET030912,4.5,4.5
ET030912,Fendika town,ET0309,Awi,ET03,Amhara,ET,2025,5,3,ETH,ET030912,1.5,1.5
ET030996,Injibara town,ET0309,Awi,ET03,Amhara,ET,2018,7,0,ETH,ET030996,0.0,0.0
ET030996,Injibara town,ET0309,Awi,ET03,Amhara,ET,2019,5,72,ETH,ET030996,36.0,36.0
ET030996,Injibara town,ET0309,Awi,ET03,Amhara,ET,2020,3,2,ETH,ET030996,1.0,1.0
ET030996,Injibara town,ET0309,Awi,ET03,Amhara,ET,2021,4,0,ETH,ET030996,0.0,0.0
ET030996,Injibara town,ET0309,Awi,ET03,Amhara,ET,2022,10,0,ETH,ET030996,0.0,0.0
ET030996,Injibara town,ET0309,Awi,ET03,Amhara,ET,2023,4,0,ETH,ET030996,0.0,0.0
ET030996,Injibara town,ET0309,Awi,ET03,Amhara,ET,2023,6,6,ETH,ET030996,3.0,3.0
ET030996,Injibara town,ET0309,Awi,ET03,Amhara,ET,2023,7,0,ETH,ET030996,0.0,0.0
ET030996,Injibara town,ET0309,Awi,ET03,Amhara,ET,2024,2,10,ETH,ET030996,5.0,5.0
ET030996,Injibara town,ET0309,Awi,ET03,Amhara,ET,2024,3,0,ETH,ET030996,0.0,0.0
ET030996,Injibara town,ET0309,Awi,ET03,Amhara,ET,2024,6,0,ETH,ET030996,0.0,0.0
ET030996,Injibara town,ET0309,Awi,ET03,Amhara,ET,2024,11,5,ETH,ET030996,2.5,2.5
ET030996,Injibara town,ET0309,Awi,ET03,Amhara,ET,2025,1,5,ETH,ET030996,2.5,2.5
ET030996,Injibara town,ET0309,Awi,ET03,Amhara,ET,2025,2,5,ETH,ET030996,2.5,2.5
ET030996,Injibara town,ET0309,Awi,ET03,Amhara,ET,2025,6,0,ETH,ET030996,0.0,0.0
ET030996,Injibara town,ET0309,Awi,ET03,Amhara,ET,2025,8,10,ETH,ET030996,5.0,5.0
ET030997,Zigem,ET0309,Awi,ET03,Amhara,ET,2020,5,8,ETH,ET030997,4.0,4.0
ET030997,Zigem,ET0309,Awi,ET03,Amhara,ET,2023,11,18,ETH,ET030997,9.0,9.0
ET030997,Zigem,ET0309,Awi,ET03,Amhara,ET,2023,12,3,ETH,ET030997,1.5,1.5
ET030997,Zigem,ET0309,Awi,ET03,Amhara,ET,2024,1,0,ETH,ET030997,0.0,0.0
ET030997,Zigem,ET0309,Awi,ET03,Amhara,ET,2024,2,0,ETH,ET030997,0.0,0.0
ET030997,Zigem,ET0309,Awi,ET03,Amhara,ET,2024,4,3,ETH,ET030997,1.5,1.5
ET030997,Zigem,ET0309,Awi,ET03,Amhara,ET,2024,5,0,ETH,ET030997,0.0,0.0
ET030998,Dangila town,ET0309,Awi,ET03,Amhara,ET,2016,12,0,ETH,ET030998,0.0,0.0
ET030998,Dangila town,ET0309,Awi,ET03,Amhara,ET,2018,7,0,ETH,ET030998,0.0,0.0
ET030998,Dangila town,ET0309,Awi,ET03,Amhara,ET,2021,4,0,ETH,ET030998,0.0,0.0
ET030998,Dangila town,ET0309,Awi,ET03,Amhara,ET,2023,8,0,ETH,ET030998,0.0,0.0
ET030998,Dangila town,ET0309,Awi,ET03,Amhara,ET,2023,9,0,ETH,ET030998,0.0,0.0
ET030998,Dangila town,ET0309,Awi,ET03,Amhara,ET,2023,12,0,ETH,ET030998,0.0,0.0
ET030998,Dangila town,ET0309,Awi,ET03,Amhara,ET,2024,2,0,ETH,ET030998,0.0,0.0
ET030998,Dangila town,ET0309,Awi,ET03,Amhara,ET,2024,3,13,ETH,ET030998,6.5,6.5
ET030998,Dangila town,ET0309,Awi,ET03,Amhara,ET,2024,4,10,ETH,ET030998,5.0,5.0
ET030998,Dangila town,ET0309,Awi,ET03,Amhara,ET,2024,5,10,ETH,ET030998,5.0,5.0
ET030998,Dangila town,ET0309,Awi,ET03,Amhara,ET,2024,8,10,ETH,ET030998,5.0,5.0
ET030998,Dangila town,ET0309,Awi,ET03,Amhara,ET,2024,10,1,ETH,ET030998,0.5,0.5
ET030998,Dangila town,ET0309,Awi,ET03,Amhara,ET,2024,11,0,ETH,ET030998,0.0,0.0
ET030998,Dangila town,ET0309,Awi,ET03,Amhara,ET,2024,12,9,ETH,ET030998,4.5,4.5
ET030998,Dangila town,ET0309,Awi,ET03,Amhara,ET,2025,1,4,ETH,ET030998,2.0,2.0
ET030998,Dangila town,ET0309,Awi,ET03,Amhara,ET,2025,6,3,ETH,ET030998,1.5,1.5
ET030998,Dangila town,ET0309,Awi,ET03,Amhara,ET,2025,8,5,ETH,ET030998,2.5,2.5
ET030999,Chagni town,ET0309,Awi,ET03,Amhara,ET,2020,5,3,ETH,ET030999,1.5,1.5
ET030999,Chagni town,ET0309,Awi,ET03,Amhara,ET,2020,12,3,ETH,ET030999,1.5,1.5
ET030999,Chagni town,ET0309,Awi,ET03,Amhara,ET,2021,2,1,ETH,ET030999,0.5,0.5
ET030999,Chagni town,ET0309,Awi,ET03,Amhara,ET,2024,6,10,ETH,ET030999,5.0,5.0
ET030999,Chagni town,ET0309,Awi,ET03,Amhara,ET,2025,6,0,ETH,ET030999,0.0,0.0
ET031001,Dewa Cheffa,ET0310,Oromia,ET03,Amhara,ET,2021,11,0,ETH,ET031001,0.0,0.0
ET031001,Dewa Cheffa,ET0310,Oromia,ET03,Amhara,ET,2021,12,20,ETH,ET031001,10.0,10.0
ET031001,Dewa Cheffa,ET0310,Oromia,ET03,Amhara,ET,2024,4,3,ETH,ET031001,1.5,1.5
ET031001,Dewa Cheffa,ET0310,Oromia,ET03,Amhara,ET,2025,4,0,ETH,ET031001,0.0,0.0
ET031001,Dewa Cheffa,ET0310,Oromia,ET03,Amhara,ET,2025,5,0,ETH,ET031001,0.0,0.0
ET031002,Bati,ET0310,Oromia,ET03,Amhara,ET,2005,1,5,ETH,ET031002,2.5,2.5
ET031002,Bati,ET0310,Oromia,ET03,Amhara,ET,2017,7,16,ETH,ET031002,8.0,8.0
ET031002,Bati,ET0310,Oromia,ET03,Amhara,ET,2024,5,2,ETH,ET031002,1.0,1.0
ET031003,Jilye Tumuga,ET0310,Oromia,ET03,Amhara,ET,2016,2,4,ETH,ET031003,2.0,2.0
ET031003,Jilye Tumuga,ET0310,Oromia,ET03,Amhara,ET,2016,8,0,ETH,ET031003,0.0,0.0
ET031003,Jilye Tumuga,ET0310,Oromia,ET03,Amhara,ET,2017,7,1,ETH,ET031003,0.5,0.5
ET031003,Jilye Tumuga,ET0310,Oromia,ET03,Amhara,ET,2018,7,10,ETH,ET031003,5.0,5.0
ET031003,Jilye Tumuga,ET0310,Oromia,ET03,Amhara,ET,2021,2,0,ETH,ET031003,0.0,0.0
ET031003,Jilye Tumuga,ET0310,Oromia,ET03,Amhara,ET,2021,3,6,ETH,ET031003,3.0,3.0
ET031003,Jilye Tumuga,ET0310,Oromia,ET03,Amhara,ET,2021,4,19,ETH,ET031003,9.5,9.5
ET031003,Jilye Tumuga,ET0310,Oromia,ET03,Amhara,ET,2021,5,1,ETH,ET031003,0.5,0.5
ET031003,Jilye Tumuga,ET0310,Oromia,ET03,Amhara,ET,2021,10,3,ETH,ET031003,1.5,1.5
ET031003,Jilye Tumuga,ET0310,Oromia,ET03,Amhara,ET,2021,11,4,ETH,ET031003,2.0,2.0
ET031003,Jilye Tumuga,ET0310,Oromia,ET03,Amhara,ET,2021,12,28,ETH,ET031003,14.0,14.0
ET031003,Jilye Tumuga,ET0310,Oromia,ET03,Amhara,ET,2022,4,4,ETH,ET031003,2.0,2.0
ET031003,Jilye Tumuga,ET0310,Oromia,ET03,Amhara,ET,2022,7,24,ETH,ET031003,12.0,12.0
ET031003,Jilye Tumuga,ET0310,Oromia,ET03,Amhara,ET,2023,1,10,ETH,ET031003,5.0,5.0
ET031003,Jilye Tumuga,ET0310,Oromia,ET03,Amhara,ET,2023,2,0,ETH,ET031003,0.0,0.0
ET031003,Jilye Tumuga,ET0310,Oromia,ET03,Amhara,ET,2023,4,18,ETH,ET031003,9.0,9.0
ET031003,Jilye Tumuga,ET0310,Oromia,ET03,Amhara,ET,2024,1,14,ETH,ET031003,7.0,7.0
ET031003,Jilye Tumuga,ET0310,Oromia,ET03,Amhara,ET,2024,2,2,ETH,ET031003,1.0,1.0
ET031003,Jilye Tumuga,ET0310,Oromia,ET03,Amhara,ET,2024,3,26,ETH,ET031003,13.0,13.0
ET031003,Jilye Tumuga,ET0310,Oromia,ET03,Amhara,ET,2024,5,1,ETH,ET031003,0.5,0.5
ET031003,Jilye Tumuga,ET0310,Oromia,ET03,Amhara,ET,2025,5,0,ETH,ET031003,0.0,0.0
ET031004,Artuma Fursi,ET0310,Oromia,ET03,Amhara,ET,2021,10,10,ETH,ET031004,5.0,5.0
ET031004,Artuma Fursi,ET0310,Oromia,ET03,Amhara,ET,2023,1,2,ETH,ET031004,1.0,1.0
ET031004,Artuma Fursi,ET0310,Oromia,ET03,Amhara,ET,2024,5,1,ETH,ET031004,0.5,0.5
ET031004,Artuma Fursi,ET0310,Oromia,ET03,Amhara,ET,2024,7,1,ETH,ET031004,0.5,0.5
ET031005,Dewa Harewa,ET0310,Oromia,ET03,Amhara,ET,2021,8,0,ETH,ET031005,0.0,0.0
ET031005,Dewa Harewa,ET0310,Oromia,ET03,Amhara,ET,2021,9,0,ETH,ET031005,0.0,0.0
ET031005,Dewa Harewa,ET0310,Oromia,ET03,Amhara,ET,2022,3,0,ETH,ET031005,0.0,0.0
ET031005,Dewa Harewa,ET0310,Oromia,ET03,Amhara,ET,2022,9,9,ETH,ET031005,4.5,4.5
ET031005,Dewa Harewa,ET0310,Oromia,ET03,Amhara,ET,2023,3,1,ETH,ET031005,0.5,0.5
ET031005,Dewa Harewa,ET0310,Oromia,ET03,Amhara,ET,2023,5,1,ETH,ET031005,0.5,0.5
ET031005,Dewa Harewa,ET0310,Oromia,ET03,Amhara,ET,2024,5,0,ETH,ET031005,0.0,0.0
ET031006,Kemisie town,ET0310,Oromia,ET03,Amhara,ET,2017,4,1,ETH,ET031006,0.5,0.5
ET031006,Kemisie town,ET0310,Oromia,ET03,Amhara,ET,2018,9,3,ETH,ET031006,1.5,1.5
ET031006,Kemisie town,ET0310,Oromia,ET03,Amhara,ET,2019,4,6,ETH,ET031006,3.0,3.0
ET031006,Kemisie town,ET0310,Oromia,ET03,Amhara,ET,2020,6,0,ETH,ET031006,0.0,0.0
ET031006,Kemisie town,ET0310,Oromia,ET03,Amhara,ET,2021,1,2,ETH,ET031006,1.0,1.0
ET031006,Kemisie town,ET0310,Oromia,ET03,Amhara,ET,2021,3,48,ETH,ET031006,24.0,24.0
ET031006,Kemisie town,ET0310,Oromia,ET03,Amhara,ET,2021,10,3,ETH,ET031006,1.5,1.5
ET031006,Kemisie town,ET0310,Oromia,ET03,Amhara,ET,2021,11,12,ETH,ET031006,6.0,6.0
ET031006,Kemisie town,ET0310,Oromia,ET03,Amhara,ET,2021,12,10,ETH,ET031006,5.0,5.0
ET031006,Kemisie town,ET0310,Oromia,ET03,Amhara,ET,2022,1,0,ETH,ET031006,0.0,0.0
ET031006,Kemisie town,ET0310,Oromia,ET03,Amhara,ET,2022,2,50,ETH,ET031006,25.0,25.0
ET031006,Kemisie town,ET0310,Oromia,ET03,Amhara,ET,2022,5,0,ETH,ET031006,0.0,0.0
ET031006,Kemisie town,ET0310,Oromia,ET03,Amhara,ET,2022,6,0,ETH,ET031006,0.0,0.0
ET031006,Kemisie town,ET0310,Oromia,ET03,Amhara,ET,2022,8,0,ETH,ET031006,0.0,0.0
ET031006,Kemisie town,ET0310,Oromia,ET03,Amhara,ET,2022,10,0,ETH,ET031006,0.0,0.0
ET031006,Kemisie town,ET0310,Oromia,ET03,Amhara,ET,2023,1,1,ETH,ET031006,0.5,0.5
ET031006,Kemisie town,ET0310,Oromia,ET03,Amhara,ET,2023,4,0,ETH,ET031006,0.0,0.0
ET031006,Kemisie town,ET0310,Oromia,ET03,Amhara,ET,2023,5,0,ETH,ET031006,0.0,0.0
ET031006,Kemisie town,ET0310,Oromia,ET03,Amhara,ET,2023,7,0,ETH,ET031006,0.0,0.0
ET031006,Kemisie town,ET0310,Oromia,ET03,Amhara,ET,2024,7,1,ETH,ET031006,0.5,0.5
ET031006,Kemisie town,ET0310,Oromia,ET03,Amhara,ET,2025,1,0,ETH,ET031006,0.0,0.0
ET031007,Chef Robit town,ET0310,Oromia,ET03,Amhara,ET,2021,11,14,ETH,ET031007,7.0,7.0
ET031007,Chef Robit town,ET0310,Oromia,ET03,Amhara,ET,2021,12,0,ETH,ET031007,0.0,0.0
ET031007,Chef Robit town,ET0310,Oromia,ET03,Amhara,ET,2022,1,1,ETH,ET031007,0.5,0.5
ET031007,Chef Robit town,ET0310,Oromia,ET03,Amhara,ET,2023,1,2,ETH,ET031007,1.0,1.0
ET031007,Chef Robit town,ET0310,Oromia,ET03,Amhara,ET,2023,3,1,ETH,ET031007,0.5,0.5
ET031007,Chef Robit town,ET0310,Oromia,ET03,Amhara,ET,2023,10,3,ETH,ET031007,1.5,1.5
ET031007,Chef Robit town,ET0310,Oromia,ET03,Amhara,ET,2023,11,0,ETH,ET031007,0.0,0.0
ET031007,Chef Robit town,ET0310,Oromia,ET03,Amhara,ET,2024,1,0,ETH,ET031007,0.0,0.0
ET031007,Chef Robit town,ET0310,Oromia,ET03,Amhara,ET,2024,3,10,ETH,ET031007,5.0,5.0
ET031007,Chef Robit town,ET0310,Oromia,ET03,Amhara,ET,2024,5,9,ETH,ET031007,4.5,4.5
ET031007,Chef Robit town,ET0310,Oromia,ET03,Amhara,ET,2024,6,0,ETH,ET031007,0.0,0.0
ET031007,Chef Robit town,ET0310,Oromia,ET03,Amhara,ET,2024,11,0,ETH,ET031007,0.0,0.0
ET031007,Chef Robit town,ET0310,Oromia,ET03,Amhara,ET,2025,1,3,ETH,ET031007,1.5,1.5
ET031007,Chef Robit town,ET0310,Oromia,ET03,Amhara,ET,2025,3,10,ETH,ET031007,5.0,5.0
ET031007,Chef Robit town,ET0310,Oromia,ET03,Amhara,ET,2025,6,8,ETH,ET031007,4.0,4.0
ET031099,Bati Town,ET0310,Oromia,ET03,Amhara,ET,2013,8,0,ETH,ET031099,0.0,0.0
ET031099,Bati Town,ET0310,Oromia,ET03,Amhara,ET,2016,6,6,ETH,ET031099,3.0,3.0
ET031099,Bati Town,ET0310,Oromia,ET03,Amhara,ET,2016,8,0,ETH,ET031099,0.0,0.0
ET031099,Bati Town,ET0310,Oromia,ET03,Amhara,ET,2018,5,16,ETH,ET031099,8.0,8.0
ET031099,Bati Town,ET0310,Oromia,ET03,Amhara,ET,2018,8,2,ETH,ET031099,1.0,1.0
ET031099,Bati Town,ET0310,Oromia,ET03,Amhara,ET,2018,12,4,ETH,ET031099,2.0,2.0
ET031099,Bati Town,ET0310,Oromia,ET03,Amhara,ET,2019,1,5,ETH,ET031099,2.5,2.5
ET031099,Bati Town,ET0310,Oromia,ET03,Amhara,ET,2019,10,4,ETH,ET031099,2.0,2.0
ET031099,Bati Town,ET0310,Oromia,ET03,Amhara,ET,2019,11,1,ETH,ET031099,0.5,0.5
ET031099,Bati Town,ET0310,Oromia,ET03,Amhara,ET,2020,4,5,ETH,ET031099,2.5,2.5
ET031099,Bati Town,ET0310,Oromia,ET03,Amhara,ET,2020,6,0,ETH,ET031099,0.0,0.0
ET031099,Bati Town,ET0310,Oromia,ET03,Amhara,ET,2020,9,1,ETH,ET031099,0.5,0.5
ET031099,Bati Town,ET0310,Oromia,ET03,Amhara,ET,2020,12,3,ETH,ET031099,1.5,1.5
ET031099,Bati Town,ET0310,Oromia,ET03,Amhara,ET,2021,2,2,ETH,ET031099,1.0,1.0
ET031099,Bati Town,ET0310,Oromia,ET03,Amhara,ET,2021,3,0,ETH,ET031099,0.0,0.0
ET031099,Bati Town,ET0310,Oromia,ET03,Amhara,ET,2021,8,0,ETH,ET031099,0.0,0.0
ET031099,Bati Town,ET0310,Oromia,ET03,Amhara,ET,2021,9,1,ETH,ET031099,0.5,0.5
ET031099,Bati Town,ET0310,Oromia,ET03,Amhara,ET,2021,10,2,ETH,ET031099,1.0,1.0
ET031099,Bati Town,ET0310,Oromia,ET03,Amhara,ET,2021,11,33,ETH,ET031099,16.5,16.5
ET031099,Bati Town,ET0310,Oromia,ET03,Amhara,ET,2021,12,10,ETH,ET031099,5.0,5.0
ET031099,Bati Town,ET0310,Oromia,ET03,Amhara,ET,2022,1,2,ETH,ET031099,1.0,1.0
ET031099,Bati Town,ET0310,Oromia,ET03,Amhara,ET,2022,5,9,ETH,ET031099,4.5,4.5
ET031099,Bati Town,ET0310,Oromia,ET03,Amhara,ET,2022,6,3,ETH,ET031099,1.5,1.5
ET031099,Bati Town,ET0310,Oromia,ET03,Amhara,ET,2023,2,0,ETH,ET031099,0.0,0.0
ET031099,Bati Town,ET0310,Oromia,ET03,Amhara,ET,2023,9,0,ETH,ET031099,0.0,0.0
ET031099,Bati Town,ET0310,Oromia,ET03,Amhara,ET,2024,1,0,ETH,ET031099,0.0,0.0
ET031099,Bati Town,ET0310,Oromia,ET03,Amhara,ET,2024,5,0,ETH,ET031099,0.0,0.0
ET031099,Bati Town,ET0310,Oromia,ET03,Amhara,ET,2025,5,0,ETH,ET031099,0.0,0.0
ET031099,Bati Town,ET0310,Oromia,ET03,Amhara,ET,2025,9,0,ETH,ET031099,0.0,0.0
ET031103,Amba Giorgis town,ET0311,Central Gondar,ET03,Amhara,ET,2016,8,8,ETH,ET031103,4.0,4.0
ET031103,Amba Giorgis town,ET0311,Central Gondar,ET03,Amhara,ET,2016,9,7,ETH,ET031103,3.5,3.5
ET031103,Amba Giorgis town,ET0311,Central Gondar,ET03,Amhara,ET,2018,1,0,ETH,ET031103,0.0,0.0
ET031103,Amba Giorgis town,ET0311,Central Gondar,ET03,Amhara,ET,2023,12,10,ETH,ET031103,5.0,5.0
ET031103,Amba Giorgis town,ET0311,Central Gondar,ET03,Amhara,ET,2024,5,1,ETH,ET031103,0.5,0.5
ET031103,Amba Giorgis town,ET0311,Central Gondar,ET03,Amhara,ET,2024,7,2,ETH,ET031103,1.0,1.0
ET031103,Amba Giorgis town,ET0311,Central Gondar,ET03,Amhara,ET,2024,9,1,ETH,ET031103,0.5,0.5
ET031103,Amba Giorgis town,ET0311,Central Gondar,ET03,Amhara,ET,2024,11,0,ETH,ET031103,0.0,0.0
ET031103,Amba Giorgis town,ET0311,Central Gondar,ET03,Amhara,ET,2025,2,0,ETH,ET031103,0.0,0.0
ET031103,Amba Giorgis town,ET0311,Central Gondar,ET03,Amhara,ET,2025,3,0,ETH,ET031103,0.0,0.0
ET031103,Amba Giorgis town,ET0311,Central Gondar,ET03,Amhara,ET,2025,7,0,ETH,ET031103,0.0,0.0
ET031104,Shawra town,ET0311,Central Gondar,ET03,Amhara,ET,2024,4,10,ETH,ET031104,5.0,5.0
ET031104,Shawra town,ET0311,Central Gondar,ET03,Amhara,ET,2024,6,2,ETH,ET031104,1.0,1.0
ET031104,Shawra town,ET0311,Central Gondar,ET03,Amhara,ET,2024,8,13,ETH,ET031104,6.5,6.5
ET031104,Shawra town,ET0311,Central Gondar,ET03,Amhara,ET,2024,11,10,ETH,ET031104,5.0,5.0
ET031104,Shawra town,ET0311,Central Gondar,ET03,Amhara,ET,2025,2,0,ETH,ET031104,0.0,0.0
ET031106,Chilga 1,ET0311,Central Gondar,ET03,Amhara,ET,2021,4,3,ETH,ET031106,1.5,1.5
ET031106,Chilga 1,ET0311,Central Gondar,ET03,Amhara,ET,2022,4,4,ETH,ET031106,2.0,2.0
ET031106,Chilga 1,ET0311,Central Gondar,ET03,Amhara,ET,2023,9,0,ETH,ET031106,0.0,0.0
ET031106,Chilga 1,ET0311,Central Gondar,ET03,Amhara,ET,2023,12,10,ETH,ET031106,5.0,5.0
ET031107,Tegede,ET0311,Central Gondar,ET03,Amhara,ET,2001,6,10,ETH,ET031107,5.0,5.0
ET031107,Tegede,ET0311,Central Gondar,ET03,Amhara,ET,2016,9,0,ETH,ET031107,0.0,0.0
ET031107,Tegede,ET0311,Central Gondar,ET03,Amhara,ET,2018,12,2,ETH,ET031107,1.0,1.0
ET031107,Tegede,ET0311,Central Gondar,ET03,Amhara,ET,2024,9,3,ETH,ET031107,1.5,1.5
ET031107,Tegede,ET0311,Central Gondar,ET03,Amhara,ET,2025,3,0,ETH,ET031107,0.0,0.0
ET031107,Tegede,ET0311,Central Gondar,ET03,Amhara,ET,2025,7,2,ETH,ET031107,1.0,1.0
ET031107,Tegede,ET0311,Central Gondar,ET03,Amhara,ET,2025,8,17,ETH,ET031107,8.5,8.5
ET031109,Wegera,ET0311,Central Gondar,ET03,Amhara,ET,2016,11,21,ETH,ET031109,10.5,10.5
ET031109,Wegera,ET0311,Central Gondar,ET03,Amhara,ET,2024,8,0,ETH,ET031109,0.0,0.0
ET031109,Wegera,ET0311,Central Gondar,ET03,Amhara,ET,2024,9,0,ETH,ET031109,0.0,0.0
ET031109,Wegera,ET0311,Central Gondar,ET03,Amhara,ET,2024,11,0,ETH,ET031109,0.0,0.0
ET031109,Wegera,ET0311,Central Gondar,ET03,Amhara,ET,2025,7,14,ETH,ET031109,7.0,7.0
ET031109,Wegera,ET0311,Central Gondar,ET03,Amhara,ET,2025,8,0,ETH,ET031109,0.0,0.0
ET031109,Wegera,ET0311,Central Gondar,ET03,Amhara,ET,2025,9,6,ETH,ET031109,3.0,3.0
ET031110,Gonder Zuria,ET0311,Central Gondar,ET03,Amhara,ET,2017,6,3,ETH,ET031110,1.5,1.5
ET031110,Gonder Zuria,ET0311,Central Gondar,ET03,Amhara,ET,2018,7,3,ETH,ET031110,1.5,1.5
ET031110,Gonder Zuria,ET0311,Central Gondar,ET03,Amhara,ET,2019,9,0,ETH,ET031110,0.0,0.0
ET031110,Gonder Zuria,ET0311,Central Gondar,ET03,Amhara,ET,2021,9,0,ETH,ET031110,0.0,0.0
ET031110,Gonder Zuria,ET0311,Central Gondar,ET03,Amhara,ET,2023,7,7,ETH,ET031110,3.5,3.5
ET031110,Gonder Zuria,ET0311,Central Gondar,ET03,Amhara,ET,2023,9,13,ETH,ET031110,6.5,6.5
ET031110,Gonder Zuria,ET0311,Central Gondar,ET03,Amhara,ET,2024,1,0,ETH,ET031110,0.0,0.0
ET031110,Gonder Zuria,ET0311,Central Gondar,ET03,Amhara,ET,2024,6,9,ETH,ET031110,4.5,4.5
ET031110,Gonder Zuria,ET0311,Central Gondar,ET03,Amhara,ET,2024,7,10,ETH,ET031110,5.0,5.0
ET031110,Gonder Zuria,ET0311,Central Gondar,ET03,Amhara,ET,2024,9,15,ETH,ET031110,7.5,7.5
ET031110,Gonder Zuria,ET0311,Central Gondar,ET03,Amhara,ET,2024,10,3,ETH,ET031110,1.5,1.5
ET031110,Gonder Zuria,ET0311,Central Gondar,ET03,Amhara,ET,2024,11,6,ETH,ET031110,3.0,3.0
ET031110,Gonder Zuria,ET0311,Central Gondar,ET03,Amhara,ET,2024,12,5,ETH,ET031110,2.5,2.5
ET031110,Gonder Zuria,ET0311,Central Gondar,ET03,Amhara,ET,2025,2,3,ETH,ET031110,1.5,1.5
ET031110,Gonder Zuria,ET0311,Central Gondar,ET03,Amhara,ET,2025,3,16,ETH,ET031110,8.0,8.0
ET031110,Gonder Zuria,ET0311,Central Gondar,ET03,Amhara,ET,2025,6,5,ETH,ET031110,2.5,2.5
ET031110,Gonder Zuria,ET0311,Central Gondar,ET03,Amhara,ET,2025,7,8,ETH,ET031110,4.0,4.0
ET031110,Gonder Zuria,ET0311,Central Gondar,ET03,Amhara,ET,2025,8,27,ETH,ET031110,13.5,13.5
ET031110,Gonder Zuria,ET0311,Central Gondar,ET03,Amhara,ET,2025,9,13,ETH,ET031110,6.5,6.5
ET031111,East Dembia,ET0311,Central Gondar,ET03,Amhara,ET,2016,8,0,ETH,ET031111,0.0,0.0
ET031111,East Dembia,ET0311,Central Gondar,ET03,Amhara,ET,2017,4,1,ETH,ET031111,0.5,0.5
ET031111,East Dembia,ET0311,Central Gondar,ET03,Amhara,ET,2019,2,0,ETH,ET031111,0.0,0.0
ET031111,East Dembia,ET0311,Central Gondar,ET03,Amhara,ET,2023,8,1,ETH,ET031111,0.5,0.5
ET031111,East Dembia,ET0311,Central Gondar,ET03,Amhara,ET,2023,9,0,ETH,ET031111,0.0,0.0
ET031111,East Dembia,ET0311,Central Gondar,ET03,Amhara,ET,2024,3,0,ETH,ET031111,0.0,0.0
ET031111,East Dembia,ET0311,Central Gondar,ET03,Amhara,ET,2024,7,26,ETH,ET031111,13.0,13.0
ET031111,East Dembia,ET0311,Central Gondar,ET03,Amhara,ET,2024,9,22,ETH,ET031111,11.0,11.0
ET031111,East Dembia,ET0311,Central Gondar,ET03,Amhara,ET,2024,11,0,ETH,ET031111,0.0,0.0
ET031111,East Dembia,ET0311,Central Gondar,ET03,Amhara,ET,2025,3,8,ETH,ET031111,4.0,4.0
ET031111,East Dembia,ET0311,Central Gondar,ET03,Amhara,ET,2025,6,7,ETH,ET031111,3.5,3.5
ET031111,East Dembia,ET0311,Central Gondar,ET03,Amhara,ET,2025,8,7,ETH,ET031111,3.5,3.5
ET031111,East Dembia,ET0311,Central Gondar,ET03,Amhara,ET,2025,9,1,ETH,ET031111,0.5,0.5
ET031115,Alefa,ET0311,Central Gondar,ET03,Amhara,ET,2023,7,0,ETH,ET031115,0.0,0.0
ET031115,Alefa,ET0311,Central Gondar,ET03,Amhara,ET,2025,1,9,ETH,ET031115,4.5,4.5
ET031115,Alefa,ET0311,Central Gondar,ET03,Amhara,ET,2025,5,10,ETH,ET031115,5.0,5.0
ET031116,West Belesa,ET0311,Central Gondar,ET03,Amhara,ET,2006,10,0,ETH,ET031116,0.0,0.0
ET031116,West Belesa,ET0311,Central Gondar,ET03,Amhara,ET,2017,2,22,ETH,ET031116,11.0,11.0
ET031116,West Belesa,ET0311,Central Gondar,ET03,Amhara,ET,2024,11,10,ETH,ET031116,5.0,5.0
ET031116,West Belesa,ET0311,Central Gondar,ET03,Amhara,ET,2025,3,5,ETH,ET031116,2.5,2.5
ET031117,East Belesa,ET0311,Central Gondar,ET03,Amhara,ET,2023,4,0,ETH,ET031117,0.0,0.0
ET031117,East Belesa,ET0311,Central Gondar,ET03,Amhara,ET,2023,12,3,ETH,ET031117,1.5,1.5
ET031117,East Belesa,ET0311,Central Gondar,ET03,Amhara,ET,2024,7,0,ETH,ET031117,0.0,0.0
ET031117,East Belesa,ET0311,Central Gondar,ET03,Amhara,ET,2024,8,0,ETH,ET031117,0.0,0.0
ET031117,East Belesa,ET0311,Central Gondar,ET03,Amhara,ET,2025,3,3,ETH,ET031117,1.5,1.5
ET031117,East Belesa,ET0311,Central Gondar,ET03,Amhara,ET,2025,5,0,ETH,ET031117,0.0,0.0
ET031117,East Belesa,ET0311,Central Gondar,ET03,Amhara,ET,2025,8,10,ETH,ET031117,5.0,5.0
ET031118,Gondar town,ET0311,Central Gondar,ET03,Amhara,ET,1998,4,1,ETH,ET031118,0.5,0.5
ET031118,Gondar town,ET0311,Central Gondar,ET03,Amhara,ET,2001,7,9,ETH,ET031118,4.5,4.5
ET031118,Gondar town,ET0311,Central Gondar,ET03,Amhara,ET,2002,2,1,ETH,ET031118,0.5,0.5
ET031118,Gondar town,ET0311,Central Gondar,ET03,Amhara,ET,2002,3,3,ETH,ET031118,1.5,1.5
ET031118,Gondar town,ET0311,Central Gondar,ET03,Amhara,ET,2005,11,0,ETH,ET031118,0.0,0.0
ET031118,Gondar town,ET0311,Central Gondar,ET03,Amhara,ET,2005,12,5,ETH,ET031118,2.5,2.5
ET031118,Gondar town,ET0311,Central Gondar,ET03,Amhara,ET,2006,1,0,ETH,ET031118,0.0,0.0
ET031118,Gondar town,ET0311,Central Gondar,ET03,Amhara,ET,2012,5,0,ETH,ET031118,0.0,0.0
ET031118,Gondar town,ET0311,Central Gondar,ET03,Amhara,ET,2012,6,0,ETH,ET031118,0.0,0.0
ET031118,Gondar town,ET0311,Central Gondar,ET03,Amhara,ET,2013,7,0,ETH,ET031118,0.0,0.0
ET031118,Gondar town,ET0311,Central Gondar,ET03,Amhara,ET,2015,11,64,ETH,ET031118,32.0,32.0
ET031118,Gondar town,ET0311,Central Gondar,ET03,Amhara,ET,2015,12,40,ETH,ET031118,20.0,20.0
ET031118,Gondar town,ET0311,Central Gondar,ET03,Amhara,ET,2016,7,16,ETH,ET031118,8.0,8.0
ET031118,Gondar town,ET0311,Central Gondar,ET03,Amhara,ET,2016,8,13,ETH,ET031118,6.5,6.5
ET031118,Gondar town,ET0311,Central Gondar,ET03,Amhara,ET,2016,9,43,ETH,ET031118,21.5,21.5
ET031118,Gondar town,ET0311,Central Gondar,ET03,Amhara,ET,2016,10,0,ETH,ET031118,0.0,0.0
ET031118,Gondar town,ET0311,Central Gondar,ET03,Amhara,ET,2016,11,13,ETH,ET031118,6.5,6.5
ET031118,Gondar town,ET0311,Central Gondar,ET03,Amhara,ET,2016,12,5,ETH,ET031118,2.5,2.5
ET031118,Gondar town,ET0311,Central Gondar,ET03,Amhara,ET,2017,1,1,ETH,ET031118,0.5,0.5
ET031118,Gondar town,ET0311,Central Gondar,ET03,Amhara,ET,2017,3,3,ETH,ET031118,1.5,1.5
ET031118,Gondar town,ET0311,Central Gondar,ET03,Amhara,ET,2017,4,10,ETH,ET031118,5.0,5.0
ET031118,Gondar town,ET0311,Central Gondar,ET03,Amhara,ET,2017,6,3,ETH,ET031118,1.5,1.5
ET031118,Gondar town,ET0311,Central Gondar,ET03,Amhara,ET,2017,11,0,ETH,ET031118,0.0,0.0
ET031118,Gondar town,ET0311,Central Gondar,ET03,Amhara,ET,2017,12,10,ETH,ET031118,5.0,5.0
ET031118,Gondar town,ET0311,Central Gondar,ET03,Amhara,ET,2018,1,0,ETH,ET031118,0.0,0.0
ET031118,Gondar town,ET0311,Central Gondar,ET03,Amhara,ET,2018,2,0,ETH,ET031118,0.0,0.0
ET031118,Gondar town,ET0311,Central Gondar,ET03,Amhara,ET,2018,3,11,ETH,ET031118,5.5,5.5
ET031118,Gondar town,ET0311,Central Gondar,ET03,Amhara,ET,2018,6,0,ETH,ET031118,0.0,0.0
ET031118,Gondar town,ET0311,Central Gondar,ET03,Amhara,ET,2018,7,0,ETH,ET031118,0.0,0.0
ET031118,Gondar town,ET0311,Central Gondar,ET03,Amhara,ET,2018,8,0,ETH,ET031118,0.0,0.0
ET031118,Gondar town,ET0311,Central Gondar,ET03,Amhara,ET,2018,9,0,ETH,ET031118,0.0,0.0
ET031118,Gondar town,ET0311,Central Gondar,ET03,Amhara,ET,2018,10,0,ETH,ET031118,0.0,0.0
ET031118,Gondar town,ET0311,Central Gondar,ET03,Amhara,ET,2018,11,3,ETH,ET031118,1.5,1.5
ET031118,Gondar town,ET0311,Central Gondar,ET03,Amhara,ET,2018,12,7,ETH,ET031118,3.5,3.5
ET031118,Gondar town,ET0311,Central Gondar,ET03,Amhara,ET,2019,1,2,ETH,ET031118,1.0,1.0
ET031118,Gondar town,ET0311,Central Gondar,ET03,Amhara,ET,2019,2,3,ETH,ET031118,1.5,1.5
ET031118,Gondar town,ET0311,Central Gondar,ET03,Amhara,ET,2019,4,0,ETH,ET031118,0.0,0.0
ET031118,Gondar town,ET0311,Central Gondar,ET03,Amhara,ET,2019,9,3,ETH,ET031118,1.5,1.5
ET031118,Gondar town,ET0311,Central Gondar,ET03,Amhara,ET,2019,11,0,ETH,ET031118,0.0,0.0
ET031118,Gondar town,ET0311,Central Gondar,ET03,Amhara,ET,2020,1,1,ETH,ET031118,0.5,0.5
ET031118,Gondar town,ET0311,Central Gondar,ET03,Amhara,ET,2020,3,3,ETH,ET031118,1.5,1.5
ET031118,Gondar town,ET0311,Central Gondar,ET03,Amhara,ET,2020,11,0,ETH,ET031118,0.0,0.0
ET031118,Gondar town,ET0311,Central Gondar,ET03,Amhara,ET,2021,4,0,ETH,ET031118,0.0,0.0
ET031118,Gondar town,ET0311,Central Gondar,ET03,Amhara,ET,2021,5,0,ETH,ET031118,0.0,0.0
ET031118,Gondar town,ET0311,Central Gondar,ET03,Amhara,ET,2021,7,0,ETH,ET031118,0.0,0.0
ET031118,Gondar town,ET0311,Central Gondar,ET03,Amhara,ET,2021,9,0,ETH,ET031118,0.0,0.0
ET031118,Gondar town,ET0311,Central Gondar,ET03,Amhara,ET,2021,10,0,ETH,ET031118,0.0,0.0
ET031118,Gondar town,ET0311,Central Gondar,ET03,Amhara,ET,2022,4,23,ETH,ET031118,11.5,11.5
ET031118,Gondar town,ET0311,Central Gondar,ET03,Amhara,ET,2022,5,0,ETH,ET031118,0.0,0.0
ET031118,Gondar town,ET0311,Central Gondar,ET03,Amhara,ET,2022,6,0,ETH,ET031118,0.0,0.0
ET031118,Gondar town,ET0311,Central Gondar,ET03,Amhara,ET,2022,10,0,ETH,ET031118,0.0,0.0
ET031118,Gondar town,ET0311,Central Gondar,ET03,Amhara,ET,2022,12,0,ETH,ET031118,0.0,0.0
ET031118,Gondar town,ET0311,Central Gondar,ET03,Amhara,ET,2023,3,1,ETH,ET031118,0.5,0.5
ET031118,Gondar town,ET0311,Central Gondar,ET03,Amhara,ET,2023,4,0,ETH,ET031118,0.0,0.0
ET031118,Gondar town,ET0311,Central Gondar,ET03,Amhara,ET,2023,5,3,ETH,ET031118,1.5,1.5
ET031118,Gondar town,ET0311,Central Gondar,ET03,Amhara,ET,2023,7,1,ETH,ET031118,0.5,0.5
ET031118,Gondar town,ET0311,Central Gondar,ET03,Amhara,ET,2023,8,93,ETH,ET031118,46.5,46.5
ET031118,Gondar town,ET0311,Central Gondar,ET03,Amhara,ET,2023,9,57,ETH,ET031118,28.5,28.5
ET031118,Gondar town,ET0311,Central Gondar,ET03,Amhara,ET,2023,12,1,ETH,ET031118,0.5,0.5
ET031118,Gondar town,ET0311,Central Gondar,ET03,Amhara,ET,2024,1,27,ETH,ET031118,13.5,13.5
ET031118,Gondar town,ET0311,Central Gondar,ET03,Amhara,ET,2024,3,3,ETH,ET031118,1.5,1.5
ET031118,Gondar town,ET0311,Central Gondar,ET03,Amhara,ET,2024,4,4,ETH,ET031118,2.0,2.0
ET031118,Gondar town,ET0311,Central Gondar,ET03,Amhara,ET,2024,5,10,ETH,ET031118,5.0,5.0
ET031118,Gondar town,ET0311,Central Gondar,ET03,Amhara,ET,2024,6,5,ETH,ET031118,2.5,2.5
ET031118,Gondar town,ET0311,Central Gondar,ET03,Amhara,ET,2024,7,13,ETH,ET031118,6.5,6.5
ET031118,Gondar town,ET0311,Central Gondar,ET03,Amhara,ET,2024,8,6,ETH,ET031118,3.0,3.0
ET031118,Gondar town,ET0311,Central Gondar,ET03,Amhara,ET,2024,9,27,ETH,ET031118,13.5,13.5
ET031118,Gondar town,ET0311,Central Gondar,ET03,Amhara,ET,2024,10,10,ETH,ET031118,5.0,5.0
ET031118,Gondar town,ET0311,Central Gondar,ET03,Amhara,ET,2025,1,2,ETH,ET031118,1.0,1.0
ET031118,Gondar town,ET0311,Central Gondar,ET03,Amhara,ET,2025,2,0,ETH,ET031118,0.0,0.0
ET031118,Gondar town,ET0311,Central Gondar,ET03,Amhara,ET,2025,3,0,ETH,ET031118,0.0,0.0
ET031118,Gondar town,ET0311,Central Gondar,ET03,Amhara,ET,2025,4,0,ETH,ET031118,0.0,0.0
ET031118,Gondar town,ET0311,Central Gondar,ET03,Amhara,ET,2025,5,0,ETH,ET031118,0.0,0.0
ET031118,Gondar town,ET0311,Central Gondar,ET03,Amhara,ET,2025,6,25,ETH,ET031118,12.5,12.5
ET031118,Gondar town,ET0311,Central Gondar,ET03,Amhara,ET,2025,8,23,ETH,ET031118,11.5,11.5
ET031118,Gondar town,ET0311,Central Gondar,ET03,Amhara,ET,2025,9,6,ETH,ET031118,3.0,3.0
ET031119,Masero Denb /Central Armacho,ET0311,Central Gondar,ET03,Amhara,ET,2016,8,0,ETH,ET031119,0.0,0.0
ET031119,Masero Denb /Central Armacho,ET0311,Central Gondar,ET03,Amhara,ET,2016,10,50,ETH,ET031119,25.0,25.0
ET031119,Masero Denb /Central Armacho,ET0311,Central Gondar,ET03,Amhara,ET,2019,12,0,ETH,ET031119,0.0,0.0
ET031119,Masero Denb /Central Armacho,ET0311,Central Gondar,ET03,Amhara,ET,2024,3,0,ETH,ET031119,0.0,0.0
ET031119,Masero Denb /Central Armacho,ET0311,Central Gondar,ET03,Amhara,ET,2024,5,0,ETH,ET031119,0.0,0.0
ET031119,Masero Denb /Central Armacho,ET0311,Central Gondar,ET03,Amhara,ET,2024,6,0,ETH,ET031119,0.0,0.0
ET031119,Masero Denb /Central Armacho,ET0311,Central Gondar,ET03,Amhara,ET,2024,7,0,ETH,ET031119,0.0,0.0
ET031119,Masero Denb /Central Armacho,ET0311,Central Gondar,ET03,Amhara,ET,2024,10,11,ETH,ET031119,5.5,5.5
ET031119,Masero Denb /Central Armacho,ET0311,Central Gondar,ET03,Amhara,ET,2025,1,3,ETH,ET031119,1.5,1.5
ET031120,Tach Armacho,ET0311,Central Gondar,ET03,Amhara,ET,2002,12,58,ETH,ET031120,29.0,29.0
ET031120,Tach Armacho,ET0311,Central Gondar,ET03,Amhara,ET,2016,11,3,ETH,ET031120,1.5,1.5
ET031120,Tach Armacho,ET0311,Central Gondar,ET03,Amhara,ET,2020,3,4,ETH,ET031120,2.0,2.0
ET031120,Tach Armacho,ET0311,Central Gondar,ET03,Amhara,ET,2020,11,0,ETH,ET031120,0.0,0.0
ET031120,Tach Armacho,ET0311,Central Gondar,ET03,Amhara,ET,2023,8,0,ETH,ET031120,0.0,0.0
ET031120,Tach Armacho,ET0311,Central Gondar,ET03,Amhara,ET,2024,12,0,ETH,ET031120,0.0,0.0
ET031120,Tach Armacho,ET0311,Central Gondar,ET03,Amhara,ET,2025,3,4,ETH,ET031120,2.0,2.0
ET031120,Tach Armacho,ET0311,Central Gondar,ET03,Amhara,ET,2025,8,10,ETH,ET031120,5.0,5.0
ET031121,Takusa,ET0311,Central Gondar,ET03,Amhara,ET,2018,10,0,ETH,ET031121,0.0,0.0
ET031121,Takusa,ET0311,Central Gondar,ET03,Amhara,ET,2025,3,1,ETH,ET031121,0.5,0.5
ET031121,Takusa,ET0311,Central Gondar,ET03,Amhara,ET,2025,7,0,ETH,ET031121,0.0,0.0
ET031121,Takusa,ET0311,Central Gondar,ET03,Amhara,ET,2025,8,10,ETH,ET031121,5.0,5.0
ET031121,Takusa,ET0311,Central Gondar,ET03,Amhara,ET,2025,9,4,ETH,ET031121,2.0,2.0
ET031122,Kinfaz Begela,ET0311,Central Gondar,ET03,Amhara,ET,2013,7,14,ETH,ET031122,7.0,7.0
ET031122,Kinfaz Begela,ET0311,Central Gondar,ET03,Amhara,ET,2021,8,1,ETH,ET031122,0.5,0.5
ET031122,Kinfaz Begela,ET0311,Central Gondar,ET03,Amhara,ET,2024,7,7,ETH,ET031122,3.5,3.5
ET031122,Kinfaz Begela,ET0311,Central Gondar,ET03,Amhara,ET,2024,8,4,ETH,ET031122,2.0,2.0
ET031122,Kinfaz Begela,ET0311,Central Gondar,ET03,Amhara,ET,2024,10,10,ETH,ET031122,5.0,5.0
ET031122,Kinfaz Begela,ET0311,Central Gondar,ET03,Amhara,ET,2025,2,1,ETH,ET031122,0.5,0.5
ET031122,Kinfaz Begela,ET0311,Central Gondar,ET03,Amhara,ET,2025,4,33,ETH,ET031122,16.5,16.5
ET031122,Kinfaz Begela,ET0311,Central Gondar,ET03,Amhara,ET,2025,7,0,ETH,ET031122,0.0,0.0
ET031122,Kinfaz Begela,ET0311,Central Gondar,ET03,Amhara,ET,2025,8,0,ETH,ET031122,0.0,0.0
ET031125,West Dembiya,ET0311,Central Gondar,ET03,Amhara,ET,2023,7,10,ETH,ET031125,5.0,5.0
ET031125,West Dembiya,ET0311,Central Gondar,ET03,Amhara,ET,2023,9,0,ETH,ET031125,0.0,0.0
ET031125,West Dembiya,ET0311,Central Gondar,ET03,Amhara,ET,2023,11,6,ETH,ET031125,3.0,3.0
ET031125,West Dembiya,ET0311,Central Gondar,ET03,Amhara,ET,2024,3,0,ETH,ET031125,0.0,0.0
ET031125,West Dembiya,ET0311,Central Gondar,ET03,Amhara,ET,2024,4,10,ETH,ET031125,5.0,5.0
ET031125,West Dembiya,ET0311,Central Gondar,ET03,Amhara,ET,2024,6,5,ETH,ET031125,2.5,2.5
ET031125,West Dembiya,ET0311,Central Gondar,ET03,Amhara,ET,2024,11,0,ETH,ET031125,0.0,0.0
ET031125,West Dembiya,ET0311,Central Gondar,ET03,Amhara,ET,2025,6,0,ETH,ET031125,0.0,0.0
ET031125,West Dembiya,ET0311,Central Gondar,ET03,Amhara,ET,2025,9,3,ETH,ET031125,1.5,1.5
ET031199,Aykel town,ET0311,Central Gondar,ET03,Amhara,ET,2013,2,25,ETH,ET031199,12.5,12.5
ET031199,Aykel town,ET0311,Central Gondar,ET03,Amhara,ET,2017,5,0,ETH,ET031199,0.0,0.0
ET031199,Aykel town,ET0311,Central Gondar,ET03,Amhara,ET,2018,12,1,ETH,ET031199,0.5,0.5
ET031199,Aykel town,ET0311,Central Gondar,ET03,Amhara,ET,2019,2,0,ETH,ET031199,0.0,0.0
ET031199,Aykel town,ET0311,Central Gondar,ET03,Amhara,ET,2019,3,1,ETH,ET031199,0.5,0.5
ET031199,Aykel town,ET0311,Central Gondar,ET03,Amhara,ET,2021,4,32,ETH,ET031199,16.0,16.0
ET031199,Aykel town,ET0311,Central Gondar,ET03,Amhara,ET,2021,9,12,ETH,ET031199,6.0,6.0
ET031199,Aykel town,ET0311,Central Gondar,ET03,Amhara,ET,2022,10,0,ETH,ET031199,0.0,0.0
ET031199,Aykel town,ET0311,Central Gondar,ET03,Amhara,ET,2025,2,0,ETH,ET031199,0.0,0.0
ET031199,Aykel town,ET0311,Central Gondar,ET03,Amhara,ET,2025,3,0,ETH,ET031199,0.0,0.0
ET031199,Aykel town,ET0311,Central Gondar,ET03,Amhara,ET,2025,5,2,ETH,ET031199,1.0,1.0
ET031205,Adagn Ager Chaqo,ET0312,West Gondar,ET03,Amhara,ET,2025,7,9,ETH,ET031205,4.5,4.5
ET031206,Mirab Armacho,ET0312,West Gondar,ET03,Amhara,ET,2000,6,5,ETH,ET031206,2.5,2.5
ET031206,Mirab Armacho,ET0312,West Gondar,ET03,Amhara,ET,2016,11,15,ETH,ET031206,7.5,7.5
ET031206,Mirab Armacho,ET0312,West Gondar,ET03,Amhara,ET,2018,7,0,ETH,ET031206,0.0,0.0
ET031206,Mirab Armacho,ET0312,West Gondar,ET03,Amhara,ET,2020,5,0,ETH,ET031206,0.0,0.0
ET031206,Mirab Armacho,ET0312,West Gondar,ET03,Amhara,ET,2020,11,5,ETH,ET031206,2.5,2.5
ET031206,Mirab Armacho,ET0312,West Gondar,ET03,Amhara,ET,2021,1,0,ETH,ET031206,0.0,0.0
ET031206,Mirab Armacho,ET0312,West Gondar,ET03,Amhara,ET,2022,6,0,ETH,ET031206,0.0,0.0
ET031206,Mirab Armacho,ET0312,West Gondar,ET03,Amhara,ET,2024,5,9,ETH,ET031206,4.5,4.5
ET031206,Mirab Armacho,ET0312,West Gondar,ET03,Amhara,ET,2024,10,12,ETH,ET031206,6.0,6.0
ET031206,Mirab Armacho,ET0312,West Gondar,ET03,Amhara,ET,2025,7,0,ETH,ET031206,0.0,0.0
ET031206,Mirab Armacho,ET0312,West Gondar,ET03,Amhara,ET,2025,8,0,ETH,ET031206,0.0,0.0
ET031213,Metema,ET0312,West Gondar,ET03,Amhara,ET,2000,6,7,ETH,ET031213,3.5,3.5
ET031213,Metema,ET0312,West Gondar,ET03,Amhara,ET,2002,4,17,ETH,ET031213,8.5,8.5
ET031213,Metema,ET0312,West Gondar,ET03,Amhara,ET,2012,4,0,ETH,ET031213,0.0,0.0
ET031213,Metema,ET0312,West Gondar,ET03,Amhara,ET,2012,12,2,ETH,ET031213,1.0,1.0
ET031213,Metema,ET0312,West Gondar,ET03,Amhara,ET,2015,11,3,ETH,ET031213,1.5,1.5
ET031213,Metema,ET0312,West Gondar,ET03,Amhara,ET,2016,7,9,ETH,ET031213,4.5,4.5
ET031213,Metema,ET0312,West Gondar,ET03,Amhara,ET,2017,1,0,ETH,ET031213,0.0,0.0
ET031213,Metema,ET0312,West Gondar,ET03,Amhara,ET,2017,3,0,ETH,ET031213,0.0,0.0
ET031213,Metema,ET0312,West Gondar,ET03,Amhara,ET,2018,1,0,ETH,ET031213,0.0,0.0
ET031213,Metema,ET0312,West Gondar,ET03,Amhara,ET,2018,6,8,ETH,ET031213,4.0,4.0
ET031213,Metema,ET0312,West Gondar,ET03,Amhara,ET,2018,7,3,ETH,ET031213,1.5,1.5
ET031213,Metema,ET0312,West Gondar,ET03,Amhara,ET,2018,10,0,ETH,ET031213,0.0,0.0
ET031213,Metema,ET0312,West Gondar,ET03,Amhara,ET,2019,1,16,ETH,ET031213,8.0,8.0
ET031213,Metema,ET0312,West Gondar,ET03,Amhara,ET,2019,2,0,ETH,ET031213,0.0,0.0
ET031213,Metema,ET0312,West Gondar,ET03,Amhara,ET,2019,8,0,ETH,ET031213,0.0,0.0
ET031213,Metema,ET0312,West Gondar,ET03,Amhara,ET,2020,1,1,ETH,ET031213,0.5,0.5
ET031213,Metema,ET0312,West Gondar,ET03,Amhara,ET,2020,2,0,ETH,ET031213,0.0,0.0
ET031213,Metema,ET0312,West Gondar,ET03,Amhara,ET,2020,5,0,ETH,ET031213,0.0,0.0
ET031213,Metema,ET0312,West Gondar,ET03,Amhara,ET,2021,4,1,ETH,ET031213,0.5,0.5
ET031213,Metema,ET0312,West Gondar,ET03,Amhara,ET,2021,5,0,ETH,ET031213,0.0,0.0
ET031213,Metema,ET0312,West Gondar,ET03,Amhara,ET,2021,6,0,ETH,ET031213,0.0,0.0
ET031213,Metema,ET0312,West Gondar,ET03,Amhara,ET,2021,9,55,ETH,ET031213,27.5,27.5
ET031213,Metema,ET0312,West Gondar,ET03,Amhara,ET,2021,11,10,ETH,ET031213,5.0,5.0
ET031213,Metema,ET0312,West Gondar,ET03,Amhara,ET,2022,5,3,ETH,ET031213,1.5,1.5
ET031213,Metema,ET0312,West Gondar,ET03,Amhara,ET,2022,6,2,ETH,ET031213,1.0,1.0
ET031213,Metema,ET0312,West Gondar,ET03,Amhara,ET,2022,7,6,ETH,ET031213,3.0,3.0
ET031213,Metema,ET0312,West Gondar,ET03,Amhara,ET,2022,9,3,ETH,ET031213,1.5,1.5
ET031213,Metema,ET0312,West Gondar,ET03,Amhara,ET,2022,10,10,ETH,ET031213,5.0,5.0
ET031213,Metema,ET0312,West Gondar,ET03,Amhara,ET,2022,11,0,ETH,ET031213,0.0,0.0
ET031213,Metema,ET0312,West Gondar,ET03,Amhara,ET,2023,7,10,ETH,ET031213,5.0,5.0
ET031213,Metema,ET0312,West Gondar,ET03,Amhara,ET,2023,8,0,ETH,ET031213,0.0,0.0
ET031213,Metema,ET0312,West Gondar,ET03,Amhara,ET,2023,9,0,ETH,ET031213,0.0,0.0
ET031213,Metema,ET0312,West Gondar,ET03,Amhara,ET,2023,11,0,ETH,ET031213,0.0,0.0
ET031213,Metema,ET0312,West Gondar,ET03,Amhara,ET,2023,12,1,ETH,ET031213,0.5,0.5
ET031213,Metema,ET0312,West Gondar,ET03,Amhara,ET,2024,2,0,ETH,ET031213,0.0,0.0
ET031213,Metema,ET0312,West Gondar,ET03,Amhara,ET,2024,4,0,ETH,ET031213,0.0,0.0
ET031213,Metema,ET0312,West Gondar,ET03,Amhara,ET,2024,5,6,ETH,ET031213,3.0,3.0
ET031213,Metema,ET0312,West Gondar,ET03,Amhara,ET,2024,6,3,ETH,ET031213,1.5,1.5
ET031213,Metema,ET0312,West Gondar,ET03,Amhara,ET,2024,7,14,ETH,ET031213,7.0,7.0
ET031213,Metema,ET0312,West Gondar,ET03,Amhara,ET,2024,8,0,ETH,ET031213,0.0,0.0
ET031213,Metema,ET0312,West Gondar,ET03,Amhara,ET,2024,9,5,ETH,ET031213,2.5,2.5
ET031213,Metema,ET0312,West Gondar,ET03,Amhara,ET,2024,10,0,ETH,ET031213,0.0,0.0
ET031213,Metema,ET0312,West Gondar,ET03,Amhara,ET,2024,11,10,ETH,ET031213,5.0,5.0
ET031213,Metema,ET0312,West Gondar,ET03,Amhara,ET,2024,12,0,ETH,ET031213,0.0,0.0
ET031213,Metema,ET0312,West Gondar,ET03,Amhara,ET,2025,2,13,ETH,ET031213,6.5,6.5
ET031213,Metema,ET0312,West Gondar,ET03,Amhara,ET,2025,3,0,ETH,ET031213,0.0,0.0
ET031213,Metema,ET0312,West Gondar,ET03,Amhara,ET,2025,4,2,ETH,ET031213,1.0,1.0
ET031213,Metema,ET0312,West Gondar,ET03,Amhara,ET,2025,5,2,ETH,ET031213,1.0,1.0
ET031213,Metema,ET0312,West Gondar,ET03,Amhara,ET,2025,6,44,ETH,ET031213,22.0,22.0
ET031213,Metema,ET0312,West Gondar,ET03,Amhara,ET,2025,7,25,ETH,ET031213,12.5,12.5
ET031213,Metema,ET0312,West Gondar,ET03,Amhara,ET,2025,8,17,ETH,ET031213,8.5,8.5
ET031213,Metema,ET0312,West Gondar,ET03,Amhara,ET,2025,9,0,ETH,ET031213,0.0,0.0
ET031214,Quara,ET0312,West Gondar,ET03,Amhara,ET,2002,1,41,ETH,ET031214,20.5,20.5
ET031214,Quara,ET0312,West Gondar,ET03,Amhara,ET,2017,9,0,ETH,ET031214,0.0,0.0
ET031214,Quara,ET0312,West Gondar,ET03,Amhara,ET,2021,12,0,ETH,ET031214,0.0,0.0
ET031214,Quara,ET0312,West Gondar,ET03,Amhara,ET,2023,5,0,ETH,ET031214,0.0,0.0
ET031214,Quara,ET0312,West Gondar,ET03,Amhara,ET,2023,6,0,ETH,ET031214,0.0,0.0
ET031214,Quara,ET0312,West Gondar,ET03,Amhara,ET,2023,9,0,ETH,ET031214,0.0,0.0
ET031214,Quara,ET0312,West Gondar,ET03,Amhara,ET,2024,5,3,ETH,ET031214,1.5,1.5
ET031214,Quara,ET0312,West Gondar,ET03,Amhara,ET,2024,6,10,ETH,ET031214,5.0,5.0
ET031214,Quara,ET0312,West Gondar,ET03,Amhara,ET,2024,7,90,ETH,ET031214,45.0,45.0
ET031214,Quara,ET0312,West Gondar,ET03,Amhara,ET,2024,10,8,ETH,ET031214,4.0,4.0
ET031214,Quara,ET0312,West Gondar,ET03,Amhara,ET,2025,2,0,ETH,ET031214,0.0,0.0
ET031214,Quara,ET0312,West Gondar,ET03,Amhara,ET,2025,3,6,ETH,ET031214,3.0,3.0
ET031214,Quara,ET0312,West Gondar,ET03,Amhara,ET,2025,5,0,ETH,ET031214,0.0,0.0
ET031214,Quara,ET0312,West Gondar,ET03,Amhara,ET,2025,7,0,ETH,ET031214,0.0,0.0
ET031214,Quara,ET0312,West Gondar,ET03,Amhara,ET,2025,8,4,ETH,ET031214,2.0,2.0
ET031292,Gendawuha town,ET0312,West Gondar,ET03,Amhara,ET,2024,9,0,ETH,ET031292,0.0,0.0
ET031292,Gendawuha town,ET0312,West Gondar,ET03,Amhara,ET,2025,2,1,ETH,ET031292,0.5,0.5
ET040101,Mana Sibu,ET0401,West Wellega,ET04,Oromia,ET,2002,11,18,ETH,ET040101,9.0,9.0
ET040101,Mana Sibu,ET0401,West Wellega,ET04,Oromia,ET,2019,5,6,ETH,ET040101,3.0,3.0
ET040101,Mana Sibu,ET0401,West Wellega,ET04,Oromia,ET,2020,1,1,ETH,ET040101,0.5,0.5
ET040101,Mana Sibu,ET0401,West Wellega,ET04,Oromia,ET,2022,4,5,ETH,ET040101,2.5,2.5
ET040101,Mana Sibu,ET0401,West Wellega,ET04,Oromia,ET,2022,8,2,ETH,ET040101,1.0,1.0
ET040101,Mana Sibu,ET0401,West Wellega,ET04,Oromia,ET,2022,10,2,ETH,ET040101,1.0,1.0
ET040101,Mana Sibu,ET0401,West Wellega,ET04,Oromia,ET,2023,5,0,ETH,ET040101,0.0,0.0
ET040101,Mana Sibu,ET0401,West Wellega,ET04,Oromia,ET,2023,8,3,ETH,ET040101,1.5,1.5
ET040101,Mana Sibu,ET0401,West Wellega,ET04,Oromia,ET,2024,1,0,ETH,ET040101,0.0,0.0
ET040101,Mana Sibu,ET0401,West Wellega,ET04,Oromia,ET,2025,2,4,ETH,ET040101,2.0,2.0
ET040102,Nejo,ET0401,West Wellega,ET04,Oromia,ET,2019,12,1,ETH,ET040102,0.5,0.5
ET040102,Nejo,ET0401,West Wellega,ET04,Oromia,ET,2021,12,0,ETH,ET040102,0.0,0.0
ET040102,Nejo,ET0401,West Wellega,ET04,Oromia,ET,2022,12,9,ETH,ET040102,4.5,4.5
ET040103,Gimbi,ET0401,West Wellega,ET04,Oromia,ET,2015,12,2,ETH,ET040103,1.0,1.0
ET040103,Gimbi,ET0401,West Wellega,ET04,Oromia,ET,2016,1,1,ETH,ET040103,0.5,0.5
ET040103,Gimbi,ET0401,West Wellega,ET04,Oromia,ET,2016,3,1,ETH,ET040103,0.5,0.5
ET040103,Gimbi,ET0401,West Wellega,ET04,Oromia,ET,2018,12,8,ETH,ET040103,4.0,4.0
ET040103,Gimbi,ET0401,West Wellega,ET04,Oromia,ET,2020,5,3,ETH,ET040103,1.5,1.5
ET040103,Gimbi,ET0401,West Wellega,ET04,Oromia,ET,2021,2,0,ETH,ET040103,0.0,0.0
ET040103,Gimbi,ET0401,West Wellega,ET04,Oromia,ET,2021,6,1,ETH,ET040103,0.5,0.5
ET040103,Gimbi,ET0401,West Wellega,ET04,Oromia,ET,2022,11,0,ETH,ET040103,0.0,0.0
ET040104,Lalo Asabi,ET0401,West Wellega,ET04,Oromia,ET,2015,12,2,ETH,ET040104,1.0,1.0
ET040104,Lalo Asabi,ET0401,West Wellega,ET04,Oromia,ET,2016,2,0,ETH,ET040104,0.0,0.0
ET040104,Lalo Asabi,ET0401,West Wellega,ET04,Oromia,ET,2019,11,1,ETH,ET040104,0.5,0.5
ET040104,Lalo Asabi,ET0401,West Wellega,ET04,Oromia,ET,2020,5,2,ETH,ET040104,1.0,1.0
ET040104,Lalo Asabi,ET0401,West Wellega,ET04,Oromia,ET,2021,8,0,ETH,ET040104,0.0,0.0
ET040104,Lalo Asabi,ET0401,West Wellega,ET04,Oromia,ET,2021,11,4,ETH,ET040104,2.0,2.0
ET040104,Lalo Asabi,ET0401,West Wellega,ET04,Oromia,ET,2022,6,0,ETH,ET040104,0.0,0.0
ET040104,Lalo Asabi,ET0401,West Wellega,ET04,Oromia,ET,2022,8,8,ETH,ET040104,4.0,4.0
ET040104,Lalo Asabi,ET0401,West Wellega,ET04,Oromia,ET,2022,11,0,ETH,ET040104,0.0,0.0
ET040104,Lalo Asabi,ET0401,West Wellega,ET04,Oromia,ET,2022,12,1,ETH,ET040104,0.5,0.5
ET040104,Lalo Asabi,ET0401,West Wellega,ET04,Oromia,ET,2023,1,1,ETH,ET040104,0.5,0.5
ET040104,Lalo Asabi,ET0401,West Wellega,ET04,Oromia,ET,2023,6,1,ETH,ET040104,0.5,0.5
ET040104,Lalo Asabi,ET0401,West Wellega,ET04,Oromia,ET,2025,7,2,ETH,ET040104,1.0,1.0
ET040105,Kiltu Kara,ET0401,West Wellega,ET04,Oromia,ET,2013,11,4,ETH,ET040105,2.0,2.0
ET040105,Kiltu Kara,ET0401,West Wellega,ET04,Oromia,ET,2016,3,0,ETH,ET040105,0.0,0.0
ET040105,Kiltu Kara,ET0401,West Wellega,ET04,Oromia,ET,2018,9,1,ETH,ET040105,0.5,0.5
ET040105,Kiltu Kara,ET0401,West Wellega,ET04,Oromia,ET,2020,12,1,ETH,ET040105,0.5,0.5
ET040105,Kiltu Kara,ET0401,West Wellega,ET04,Oromia,ET,2021,4,0,ETH,ET040105,0.0,0.0
ET040105,Kiltu Kara,ET0401,West Wellega,ET04,Oromia,ET,2021,5,3,ETH,ET040105,1.5,1.5
ET040105,Kiltu Kara,ET0401,West Wellega,ET04,Oromia,ET,2021,6,0,ETH,ET040105,0.0,0.0
ET040105,Kiltu Kara,ET0401,West Wellega,ET04,Oromia,ET,2022,10,0,ETH,ET040105,0.0,0.0
ET040105,Kiltu Kara,ET0401,West Wellega,ET04,Oromia,ET,2022,11,2,ETH,ET040105,1.0,1.0
ET040105,Kiltu Kara,ET0401,West Wellega,ET04,Oromia,ET,2023,7,0,ETH,ET040105,0.0,0.0
ET040105,Kiltu Kara,ET0401,West Wellega,ET04,Oromia,ET,2024,5,1,ETH,ET040105,0.5,0.5
ET040105,Kiltu Kara,ET0401,West Wellega,ET04,Oromia,ET,2024,7,0,ETH,ET040105,0.0,0.0
ET040105,Kiltu Kara,ET0401,West Wellega,ET04,Oromia,ET,2025,1,2,ETH,ET040105,1.0,1.0
ET040106,Boji Dirmeji,ET0401,West Wellega,ET04,Oromia,ET,2021,1,0,ETH,ET040106,0.0,0.0
ET040106,Boji Dirmeji,ET0401,West Wellega,ET04,Oromia,ET,2022,11,24,ETH,ET040106,12.0,12.0
ET040106,Boji Dirmeji,ET0401,West Wellega,ET04,Oromia,ET,2023,11,1,ETH,ET040106,0.5,0.5
ET040106,Boji Dirmeji,ET0401,West Wellega,ET04,Oromia,ET,2024,6,1,ETH,ET040106,0.5,0.5
ET040106,Boji Dirmeji,ET0401,West Wellega,ET04,Oromia,ET,2025,9,0,ETH,ET040106,0.0,0.0
ET040107,Ayira,ET0401,West Wellega,ET04,Oromia,ET,2004,4,20,ETH,ET040107,10.0,10.0
ET040107,Ayira,ET0401,West Wellega,ET04,Oromia,ET,2014,5,0,ETH,ET040107,0.0,0.0
ET040107,Ayira,ET0401,West Wellega,ET04,Oromia,ET,2015,11,0,ETH,ET040107,0.0,0.0
ET040107,Ayira,ET0401,West Wellega,ET04,Oromia,ET,2015,12,1,ETH,ET040107,0.5,0.5
ET040107,Ayira,ET0401,West Wellega,ET04,Oromia,ET,2016,2,0,ETH,ET040107,0.0,0.0
ET040107,Ayira,ET0401,West Wellega,ET04,Oromia,ET,2022,7,3,ETH,ET040107,1.5,1.5
ET040108,Jarso (West Wellega),ET0401,West Wellega,ET04,Oromia,ET,2016,8,0,ETH,ET040108,0.0,0.0
ET040108,Jarso (West Wellega),ET0401,West Wellega,ET04,Oromia,ET,2022,11,0,ETH,ET040108,0.0,0.0
ET040108,Jarso (West Wellega),ET0401,West Wellega,ET04,Oromia,ET,2022,12,12,ETH,ET040108,6.0,6.0
ET040108,Jarso (West Wellega),ET0401,West Wellega,ET04,Oromia,ET,2023,5,4,ETH,ET040108,2.0,2.0
ET040108,Jarso (West Wellega),ET0401,West Wellega,ET04,Oromia,ET,2024,8,0,ETH,ET040108,0.0,0.0
ET040108,Jarso (West Wellega),ET0401,West Wellega,ET04,Oromia,ET,2024,9,1,ETH,ET040108,0.5,0.5
ET040109,Gudetu Kondole,ET0401,West Wellega,ET04,Oromia,ET,2002,4,0,ETH,ET040109,0.0,0.0
ET040109,Gudetu Kondole,ET0401,West Wellega,ET04,Oromia,ET,2002,6,86,ETH,ET040109,43.0,43.0
ET040109,Gudetu Kondole,ET0401,West Wellega,ET04,Oromia,ET,2018,10,10,ETH,ET040109,5.0,5.0
ET040109,Gudetu Kondole,ET0401,West Wellega,ET04,Oromia,ET,2020,11,5,ETH,ET040109,2.5,2.5
ET040109,Gudetu Kondole,ET0401,West Wellega,ET04,Oromia,ET,2021,1,1,ETH,ET040109,0.5,0.5
ET040109,Gudetu Kondole,ET0401,West Wellega,ET04,Oromia,ET,2021,5,1,ETH,ET040109,0.5,0.5
ET040109,Gudetu Kondole,ET0401,West Wellega,ET04,Oromia,ET,2022,4,3,ETH,ET040109,1.5,1.5
ET040109,Gudetu Kondole,ET0401,West Wellega,ET04,Oromia,ET,2022,6,8,ETH,ET040109,4.0,4.0
ET040109,Gudetu Kondole,ET0401,West Wellega,ET04,Oromia,ET,2022,8,0,ETH,ET040109,0.0,0.0
ET040109,Gudetu Kondole,ET0401,West Wellega,ET04,Oromia,ET,2023,8,3,ETH,ET040109,1.5,1.5
ET040109,Gudetu Kondole,ET0401,West Wellega,ET04,Oromia,ET,2023,12,2,ETH,ET040109,1.0,1.0
ET040109,Gudetu Kondole,ET0401,West Wellega,ET04,Oromia,ET,2024,2,2,ETH,ET040109,1.0,1.0
ET040109,Gudetu Kondole,ET0401,West Wellega,ET04,Oromia,ET,2024,3,14,ETH,ET040109,7.0,7.0
ET040109,Gudetu Kondole,ET0401,West Wellega,ET04,Oromia,ET,2024,4,1,ETH,ET040109,0.5,0.5
ET040109,Gudetu Kondole,ET0401,West Wellega,ET04,Oromia,ET,2024,5,7,ETH,ET040109,3.5,3.5
ET040109,Gudetu Kondole,ET0401,West Wellega,ET04,Oromia,ET,2024,6,4,ETH,ET040109,2.0,2.0
ET040109,Gudetu Kondole,ET0401,West Wellega,ET04,Oromia,ET,2024,7,2,ETH,ET040109,1.0,1.0
ET040109,Gudetu Kondole,ET0401,West Wellega,ET04,Oromia,ET,2024,9,2,ETH,ET040109,1.0,1.0
ET040109,Gudetu Kondole,ET0401,West Wellega,ET04,Oromia,ET,2024,10,3,ETH,ET040109,1.5,1.5
ET040109,Gudetu Kondole,ET0401,West Wellega,ET04,Oromia,ET,2025,3,0,ETH,ET040109,0.0,0.0
ET040110,Boji Chekorsa,ET0401,West Wellega,ET04,Oromia,ET,2013,10,2,ETH,ET040110,1.0,1.0
ET040110,Boji Chekorsa,ET0401,West Wellega,ET04,Oromia,ET,2013,11,2,ETH,ET040110,1.0,1.0
ET040110,Boji Chekorsa,ET0401,West Wellega,ET04,Oromia,ET,2014,4,0,ETH,ET040110,0.0,0.0
ET040110,Boji Chekorsa,ET0401,West Wellega,ET04,Oromia,ET,2014,6,2,ETH,ET040110,1.0,1.0
ET040110,Boji Chekorsa,ET0401,West Wellega,ET04,Oromia,ET,2014,10,1,ETH,ET040110,0.5,0.5
ET040110,Boji Chekorsa,ET0401,West Wellega,ET04,Oromia,ET,2015,12,8,ETH,ET040110,4.0,4.0
ET040110,Boji Chekorsa,ET0401,West Wellega,ET04,Oromia,ET,2021,12,0,ETH,ET040110,0.0,0.0
ET040110,Boji Chekorsa,ET0401,West Wellega,ET04,Oromia,ET,2022,11,1,ETH,ET040110,0.5,0.5
ET040110,Boji Chekorsa,ET0401,West Wellega,ET04,Oromia,ET,2025,1,0,ETH,ET040110,0.0,0.0
ET040111,Babo,ET0401,West Wellega,ET04,Oromia,ET,2015,12,0,ETH,ET040111,0.0,0.0
ET040111,Babo,ET0401,West Wellega,ET04,Oromia,ET,2021,3,31,ETH,ET040111,15.5,15.5
ET040111,Babo,ET0401,West Wellega,ET04,Oromia,ET,2021,8,0,ETH,ET040111,0.0,0.0
ET040111,Babo,ET0401,West Wellega,ET04,Oromia,ET,2022,10,2,ETH,ET040111,1.0,1.0
ET040111,Babo,ET0401,West Wellega,ET04,Oromia,ET,2022,11,0,ETH,ET040111,0.0,0.0
ET040111,Babo,ET0401,West Wellega,ET04,Oromia,ET,2022,12,9,ETH,ET040111,4.5,4.5
ET040111,Babo,ET0401,West Wellega,ET04,Oromia,ET,2023,8,3,ETH,ET040111,1.5,1.5
ET040111,Babo,ET0401,West Wellega,ET04,Oromia,ET,2024,5,2,ETH,ET040111,1.0,1.0
ET040111,Babo,ET0401,West Wellega,ET04,Oromia,ET,2024,7,0,ETH,ET040111,0.0,0.0
ET040111,Babo,ET0401,West Wellega,ET04,Oromia,ET,2024,10,1,ETH,ET040111,0.5,0.5
ET040111,Babo,ET0401,West Wellega,ET04,Oromia,ET,2025,1,2,ETH,ET040111,1.0,1.0
ET040112,Yubdo,ET0401,West Wellega,ET04,Oromia,ET,2015,11,0,ETH,ET040112,0.0,0.0
ET040112,Yubdo,ET0401,West Wellega,ET04,Oromia,ET,2015,12,0,ETH,ET040112,0.0,0.0
ET040112,Yubdo,ET0401,West Wellega,ET04,Oromia,ET,2016,1,0,ETH,ET040112,0.0,0.0
ET040112,Yubdo,ET0401,West Wellega,ET04,Oromia,ET,2016,2,0,ETH,ET040112,0.0,0.0
ET040112,Yubdo,ET0401,West Wellega,ET04,Oromia,ET,2021,11,0,ETH,ET040112,0.0,0.0
ET040112,Yubdo,ET0401,West Wellega,ET04,Oromia,ET,2022,7,3,ETH,ET040112,1.5,1.5
ET040112,Yubdo,ET0401,West Wellega,ET04,Oromia,ET,2024,4,1,ETH,ET040112,0.5,0.5
ET040112,Yubdo,ET0401,West Wellega,ET04,Oromia,ET,2024,11,2,ETH,ET040112,1.0,1.0
ET040113,Gaji,ET0401,West Wellega,ET04,Oromia,ET,2022,12,2,ETH,ET040113,1.0,1.0
ET040114,Haru,ET0401,West Wellega,ET04,Oromia,ET,2022,11,3,ETH,ET040114,1.5,1.5
ET040114,Haru,ET0401,West Wellega,ET04,Oromia,ET,2023,9,0,ETH,ET040114,0.0,0.0
ET040114,Haru,ET0401,West Wellega,ET04,Oromia,ET,2023,10,15,ETH,ET040114,7.5,7.5
ET040115,Nole Kaba,ET0401,West Wellega,ET04,Oromia,ET,2022,7,3,ETH,ET040115,1.5,1.5
ET040115,Nole Kaba,ET0401,West Wellega,ET04,Oromia,ET,2023,10,8,ETH,ET040115,4.0,4.0
ET040115,Nole Kaba,ET0401,West Wellega,ET04,Oromia,ET,2023,11,1,ETH,ET040115,0.5,0.5
ET040116,Begi,ET0401,West Wellega,ET04,Oromia,ET,2002,12,10,ETH,ET040116,5.0,5.0
ET040116,Begi,ET0401,West Wellega,ET04,Oromia,ET,2016,2,10,ETH,ET040116,5.0,5.0
ET040116,Begi,ET0401,West Wellega,ET04,Oromia,ET,2019,11,1,ETH,ET040116,0.5,0.5
ET040116,Begi,ET0401,West Wellega,ET04,Oromia,ET,2020,9,1,ETH,ET040116,0.5,0.5
ET040116,Begi,ET0401,West Wellega,ET04,Oromia,ET,2021,8,0,ETH,ET040116,0.0,0.0
ET040116,Begi,ET0401,West Wellega,ET04,Oromia,ET,2021,9,0,ETH,ET040116,0.0,0.0
ET040116,Begi,ET0401,West Wellega,ET04,Oromia,ET,2021,10,3,ETH,ET040116,1.5,1.5
ET040116,Begi,ET0401,West Wellega,ET04,Oromia,ET,2021,11,3,ETH,ET040116,1.5,1.5
ET040116,Begi,ET0401,West Wellega,ET04,Oromia,ET,2021,12,0,ETH,ET040116,0.0,0.0
ET040116,Begi,ET0401,West Wellega,ET04,Oromia,ET,2022,3,8,ETH,ET040116,4.0,4.0
ET040116,Begi,ET0401,West Wellega,ET04,Oromia,ET,2022,4,0,ETH,ET040116,0.0,0.0
ET040116,Begi,ET0401,West Wellega,ET04,Oromia,ET,2022,6,45,ETH,ET040116,22.5,22.5
ET040116,Begi,ET0401,West Wellega,ET04,Oromia,ET,2022,7,1,ETH,ET040116,0.5,0.5
ET040116,Begi,ET0401,West Wellega,ET04,Oromia,ET,2022,11,8,ETH,ET040116,4.0,4.0
ET040116,Begi,ET0401,West Wellega,ET04,Oromia,ET,2022,12,13,ETH,ET040116,6.5,6.5
ET040116,Begi,ET0401,West Wellega,ET04,Oromia,ET,2023,12,2,ETH,ET040116,1.0,1.0
ET040116,Begi,ET0401,West Wellega,ET04,Oromia,ET,2024,2,3,ETH,ET040116,1.5,1.5
ET040116,Begi,ET0401,West Wellega,ET04,Oromia,ET,2024,3,7,ETH,ET040116,3.5,3.5
ET040116,Begi,ET0401,West Wellega,ET04,Oromia,ET,2024,4,6,ETH,ET040116,3.0,3.0
ET040116,Begi,ET0401,West Wellega,ET04,Oromia,ET,2024,5,1,ETH,ET040116,0.5,0.5
ET040116,Begi,ET0401,West Wellega,ET04,Oromia,ET,2024,6,1,ETH,ET040116,0.5,0.5
ET040116,Begi,ET0401,West Wellega,ET04,Oromia,ET,2024,7,2,ETH,ET040116,1.0,1.0
ET040116,Begi,ET0401,West Wellega,ET04,Oromia,ET,2024,9,1,ETH,ET040116,0.5,0.5
ET040116,Begi,ET0401,West Wellega,ET04,Oromia,ET,2024,10,5,ETH,ET040116,2.5,2.5
ET040117,Homa,ET0401,West Wellega,ET04,Oromia,ET,2022,8,1,ETH,ET040117,0.5,0.5
ET040117,Homa,ET0401,West Wellega,ET04,Oromia,ET,2022,11,0,ETH,ET040117,0.0,0.0
ET040117,Homa,ET0401,West Wellega,ET04,Oromia,ET,2022,12,1,ETH,ET040117,0.5,0.5
ET040117,Homa,ET0401,West Wellega,ET04,Oromia,ET,2023,6,5,ETH,ET040117,2.5,2.5
ET040117,Homa,ET0401,West Wellega,ET04,Oromia,ET,2023,10,8,ETH,ET040117,4.0,4.0
ET040118,Sayo Nole,ET0401,West Wellega,ET04,Oromia,ET,2016,2,0,ETH,ET040118,0.0,0.0
ET040118,Sayo Nole,ET0401,West Wellega,ET04,Oromia,ET,2018,12,0,ETH,ET040118,0.0,0.0
ET040118,Sayo Nole,ET0401,West Wellega,ET04,Oromia,ET,2021,1,1,ETH,ET040118,0.5,0.5
ET040118,Sayo Nole,ET0401,West Wellega,ET04,Oromia,ET,2021,7,2,ETH,ET040118,1.0,1.0
ET040118,Sayo Nole,ET0401,West Wellega,ET04,Oromia,ET,2023,12,1,ETH,ET040118,0.5,0.5
ET040118,Sayo Nole,ET0401,West Wellega,ET04,Oromia,ET,2024,9,3,ETH,ET040118,1.5,1.5
ET040119,Guliso,ET0401,West Wellega,ET04,Oromia,ET,2014,5,1,ETH,ET040119,0.5,0.5
ET040119,Guliso,ET0401,West Wellega,ET04,Oromia,ET,2015,11,0,ETH,ET040119,0.0,0.0
ET040119,Guliso,ET0401,West Wellega,ET04,Oromia,ET,2015,12,5,ETH,ET040119,2.5,2.5
ET040119,Guliso,ET0401,West Wellega,ET04,Oromia,ET,2016,1,5,ETH,ET040119,2.5,2.5
ET040119,Guliso,ET0401,West Wellega,ET04,Oromia,ET,2016,2,0,ETH,ET040119,0.0,0.0
ET040119,Guliso,ET0401,West Wellega,ET04,Oromia,ET,2016,6,0,ETH,ET040119,0.0,0.0
ET040119,Guliso,ET0401,West Wellega,ET04,Oromia,ET,2016,8,0,ETH,ET040119,0.0,0.0
ET040119,Guliso,ET0401,West Wellega,ET04,Oromia,ET,2018,6,0,ETH,ET040119,0.0,0.0
ET040119,Guliso,ET0401,West Wellega,ET04,Oromia,ET,2018,12,5,ETH,ET040119,2.5,2.5
ET040119,Guliso,ET0401,West Wellega,ET04,Oromia,ET,2019,9,1,ETH,ET040119,0.5,0.5
ET040119,Guliso,ET0401,West Wellega,ET04,Oromia,ET,2020,2,0,ETH,ET040119,0.0,0.0
ET040119,Guliso,ET0401,West Wellega,ET04,Oromia,ET,2020,11,33,ETH,ET040119,16.5,16.5
ET040119,Guliso,ET0401,West Wellega,ET04,Oromia,ET,2020,12,0,ETH,ET040119,0.0,0.0
ET040119,Guliso,ET0401,West Wellega,ET04,Oromia,ET,2021,4,0,ETH,ET040119,0.0,0.0
ET040119,Guliso,ET0401,West Wellega,ET04,Oromia,ET,2022,4,6,ETH,ET040119,3.0,3.0
ET040119,Guliso,ET0401,West Wellega,ET04,Oromia,ET,2023,12,0,ETH,ET040119,0.0,0.0
ET040193,Gimbi town,ET0401,West Wellega,ET04,Oromia,ET,2002,3,0,ETH,ET040193,0.0,0.0
ET040193,Gimbi town,ET0401,West Wellega,ET04,Oromia,ET,2002,4,1,ETH,ET040193,0.5,0.5
ET040193,Gimbi town,ET0401,West Wellega,ET04,Oromia,ET,2014,4,2,ETH,ET040193,1.0,1.0
ET040193,Gimbi town,ET0401,West Wellega,ET04,Oromia,ET,2014,5,0,ETH,ET040193,0.0,0.0
ET040193,Gimbi town,ET0401,West Wellega,ET04,Oromia,ET,2015,12,2,ETH,ET040193,1.0,1.0
ET040193,Gimbi town,ET0401,West Wellega,ET04,Oromia,ET,2016,2,2,ETH,ET040193,1.0,1.0
ET040193,Gimbi town,ET0401,West Wellega,ET04,Oromia,ET,2016,3,1,ETH,ET040193,0.5,0.5
ET040193,Gimbi town,ET0401,West Wellega,ET04,Oromia,ET,2016,5,0,ETH,ET040193,0.0,0.0
ET040193,Gimbi town,ET0401,West Wellega,ET04,Oromia,ET,2016,7,1,ETH,ET040193,0.5,0.5
ET040193,Gimbi town,ET0401,West Wellega,ET04,Oromia,ET,2016,8,2,ETH,ET040193,1.0,1.0
ET040193,Gimbi town,ET0401,West Wellega,ET04,Oromia,ET,2016,9,0,ETH,ET040193,0.0,0.0
ET040193,Gimbi town,ET0401,West Wellega,ET04,Oromia,ET,2017,10,0,ETH,ET040193,0.0,0.0
ET040193,Gimbi town,ET0401,West Wellega,ET04,Oromia,ET,2017,12,2,ETH,ET040193,1.0,1.0
ET040193,Gimbi town,ET0401,West Wellega,ET04,Oromia,ET,2018,3,1,ETH,ET040193,0.5,0.5
ET040193,Gimbi town,ET0401,West Wellega,ET04,Oromia,ET,2018,6,0,ETH,ET040193,0.0,0.0
ET040193,Gimbi town,ET0401,West Wellega,ET04,Oromia,ET,2018,9,4,ETH,ET040193,2.0,2.0
ET040193,Gimbi town,ET0401,West Wellega,ET04,Oromia,ET,2018,10,7,ETH,ET040193,3.5,3.5
ET040193,Gimbi town,ET0401,West Wellega,ET04,Oromia,ET,2018,12,2,ETH,ET040193,1.0,1.0
ET040193,Gimbi town,ET0401,West Wellega,ET04,Oromia,ET,2019,6,0,ETH,ET040193,0.0,0.0
ET040193,Gimbi town,ET0401,West Wellega,ET04,Oromia,ET,2020,12,10,ETH,ET040193,5.0,5.0
ET040193,Gimbi town,ET0401,West Wellega,ET04,Oromia,ET,2021,2,0,ETH,ET040193,0.0,0.0
ET040193,Gimbi town,ET0401,West Wellega,ET04,Oromia,ET,2021,11,0,ETH,ET040193,0.0,0.0
ET040193,Gimbi town,ET0401,West Wellega,ET04,Oromia,ET,2022,6,84,ETH,ET040193,42.0,42.0
ET040193,Gimbi town,ET0401,West Wellega,ET04,Oromia,ET,2022,7,69,ETH,ET040193,34.5,34.5
ET040193,Gimbi town,ET0401,West Wellega,ET04,Oromia,ET,2022,11,4,ETH,ET040193,2.0,2.0
ET040193,Gimbi town,ET0401,West Wellega,ET04,Oromia,ET,2022,12,0,ETH,ET040193,0.0,0.0
ET040193,Gimbi town,ET0401,West Wellega,ET04,Oromia,ET,2023,5,0,ETH,ET040193,0.0,0.0
ET040193,Gimbi town,ET0401,West Wellega,ET04,Oromia,ET,2023,7,0,ETH,ET040193,0.0,0.0
ET040193,Gimbi town,ET0401,West Wellega,ET04,Oromia,ET,2023,8,0,ETH,ET040193,0.0,0.0
ET040193,Gimbi town,ET0401,West Wellega,ET04,Oromia,ET,2023,10,40,ETH,ET040193,20.0,20.0
ET040193,Gimbi town,ET0401,West Wellega,ET04,Oromia,ET,2024,2,10,ETH,ET040193,5.0,5.0
ET040193,Gimbi town,ET0401,West Wellega,ET04,Oromia,ET,2024,4,0,ETH,ET040193,0.0,0.0
ET040193,Gimbi town,ET0401,West Wellega,ET04,Oromia,ET,2024,6,0,ETH,ET040193,0.0,0.0
ET040193,Gimbi town,ET0401,West Wellega,ET04,Oromia,ET,2025,8,0,ETH,ET040193,0.0,0.0
ET040197,Leta Sibu,ET0401,West Wellega,ET04,Oromia,ET,2001,9,8,ETH,ET040197,4.0,4.0
ET040197,Leta Sibu,ET0401,West Wellega,ET04,Oromia,ET,2015,12,0,ETH,ET040197,0.0,0.0
ET040197,Leta Sibu,ET0401,West Wellega,ET04,Oromia,ET,2016,9,0,ETH,ET040197,0.0,0.0
ET040197,Leta Sibu,ET0401,West Wellega,ET04,Oromia,ET,2022,10,0,ETH,ET040197,0.0,0.0
ET040197,Leta Sibu,ET0401,West Wellega,ET04,Oromia,ET,2024,8,1,ETH,ET040197,0.5,0.5
ET040198,Mendi town,ET0401,West Wellega,ET04,Oromia,ET,2014,4,0,ETH,ET040198,0.0,0.0
ET040198,Mendi town,ET0401,West Wellega,ET04,Oromia,ET,2014,5,0,ETH,ET040198,0.0,0.0
ET040198,Mendi town,ET0401,West Wellega,ET04,Oromia,ET,2015,11,0,ETH,ET040198,0.0,0.0
ET040198,Mendi town,ET0401,West Wellega,ET04,Oromia,ET,2015,12,0,ETH,ET040198,0.0,0.0
ET040198,Mendi town,ET0401,West Wellega,ET04,Oromia,ET,2016,2,0,ETH,ET040198,0.0,0.0
ET040198,Mendi town,ET0401,West Wellega,ET04,Oromia,ET,2016,8,0,ETH,ET040198,0.0,0.0
ET040198,Mendi town,ET0401,West Wellega,ET04,Oromia,ET,2016,9,1,ETH,ET040198,0.5,0.5
ET040198,Mendi town,ET0401,West Wellega,ET04,Oromia,ET,2018,3,1,ETH,ET040198,0.5,0.5
ET040198,Mendi town,ET0401,West Wellega,ET04,Oromia,ET,2018,6,0,ETH,ET040198,0.0,0.0
ET040198,Mendi town,ET0401,West Wellega,ET04,Oromia,ET,2019,9,1,ETH,ET040198,0.5,0.5
ET040198,Mendi town,ET0401,West Wellega,ET04,Oromia,ET,2020,6,3,ETH,ET040198,1.5,1.5
ET040198,Mendi town,ET0401,West Wellega,ET04,Oromia,ET,2021,2,0,ETH,ET040198,0.0,0.0
ET040198,Mendi town,ET0401,West Wellega,ET04,Oromia,ET,2021,5,5,ETH,ET040198,2.5,2.5
ET040198,Mendi town,ET0401,West Wellega,ET04,Oromia,ET,2022,6,0,ETH,ET040198,0.0,0.0
ET040198,Mendi town,ET0401,West Wellega,ET04,Oromia,ET,2022,10,3,ETH,ET040198,1.5,1.5
ET040198,Mendi town,ET0401,West Wellega,ET04,Oromia,ET,2022,11,15,ETH,ET040198,7.5,7.5
ET040198,Mendi town,ET0401,West Wellega,ET04,Oromia,ET,2023,8,2,ETH,ET040198,1.0,1.0
ET040198,Mendi town,ET0401,West Wellega,ET04,Oromia,ET,2024,5,3,ETH,ET040198,1.5,1.5
ET040198,Mendi town,ET0401,West Wellega,ET04,Oromia,ET,2024,7,0,ETH,ET040198,0.0,0.0
ET040199,Nejo town,ET0401,West Wellega,ET04,Oromia,ET,2014,5,0,ETH,ET040199,0.0,0.0
ET040199,Nejo town,ET0401,West Wellega,ET04,Oromia,ET,2015,11,0,ETH,ET040199,0.0,0.0
ET040199,Nejo town,ET0401,West Wellega,ET04,Oromia,ET,2015,12,1,ETH,ET040199,0.5,0.5
ET040199,Nejo town,ET0401,West Wellega,ET04,Oromia,ET,2016,2,0,ETH,ET040199,0.0,0.0
ET040199,Nejo town,ET0401,West Wellega,ET04,Oromia,ET,2016,3,0,ETH,ET040199,0.0,0.0
ET040199,Nejo town,ET0401,West Wellega,ET04,Oromia,ET,2016,5,1,ETH,ET040199,0.5,0.5
ET040199,Nejo town,ET0401,West Wellega,ET04,Oromia,ET,2016,8,1,ETH,ET040199,0.5,0.5
ET040199,Nejo town,ET0401,West Wellega,ET04,Oromia,ET,2016,9,0,ETH,ET040199,0.0,0.0
ET040199,Nejo town,ET0401,West Wellega,ET04,Oromia,ET,2017,8,0,ETH,ET040199,0.0,0.0
ET040199,Nejo town,ET0401,West Wellega,ET04,Oromia,ET,2018,4,0,ETH,ET040199,0.0,0.0
ET040199,Nejo town,ET0401,West Wellega,ET04,Oromia,ET,2019,3,5,ETH,ET040199,2.5,2.5
ET040199,Nejo town,ET0401,West Wellega,ET04,Oromia,ET,2019,4,1,ETH,ET040199,0.5,0.5
ET040199,Nejo town,ET0401,West Wellega,ET04,Oromia,ET,2020,2,2,ETH,ET040199,1.0,1.0
ET040199,Nejo town,ET0401,West Wellega,ET04,Oromia,ET,2020,5,4,ETH,ET040199,2.0,2.0
ET040199,Nejo town,ET0401,West Wellega,ET04,Oromia,ET,2020,12,16,ETH,ET040199,8.0,8.0
ET040199,Nejo town,ET0401,West Wellega,ET04,Oromia,ET,2021,1,3,ETH,ET040199,1.5,1.5
ET040199,Nejo town,ET0401,West Wellega,ET04,Oromia,ET,2021,4,3,ETH,ET040199,1.5,1.5
ET040199,Nejo town,ET0401,West Wellega,ET04,Oromia,ET,2021,5,6,ETH,ET040199,3.0,3.0
ET040199,Nejo town,ET0401,West Wellega,ET04,Oromia,ET,2021,11,0,ETH,ET040199,0.0,0.0
ET040199,Nejo town,ET0401,West Wellega,ET04,Oromia,ET,2022,3,0,ETH,ET040199,0.0,0.0
ET040199,Nejo town,ET0401,West Wellega,ET04,Oromia,ET,2022,11,3,ETH,ET040199,1.5,1.5
ET040199,Nejo town,ET0401,West Wellega,ET04,Oromia,ET,2023,9,2,ETH,ET040199,1.0,1.0
ET040199,Nejo town,ET0401,West Wellega,ET04,Oromia,ET,2024,1,50,ETH,ET040199,25.0,25.0
ET040199,Nejo town,ET0401,West Wellega,ET04,Oromia,ET,2024,5,3,ETH,ET040199,1.5,1.5
ET040199,Nejo town,ET0401,West Wellega,ET04,Oromia,ET,2024,12,0,ETH,ET040199,0.0,0.0
ET040199,Nejo town,ET0401,West Wellega,ET04,Oromia,ET,2025,4,0,ETH,ET040199,0.0,0.0
ET040199,Nejo town,ET0401,West Wellega,ET04,Oromia,ET,2025,5,1,ETH,ET040199,0.5,0.5
ET040201,Limu (OR),ET0402,East Wellega,ET04,Oromia,ET,2012,12,0,ETH,ET040201,0.0,0.0
ET040201,Limu (OR),ET0402,East Wellega,ET04,Oromia,ET,2015,9,3,ETH,ET040201,1.5,1.5
ET040201,Limu (OR),ET0402,East Wellega,ET04,Oromia,ET,2018,1,0,ETH,ET040201,0.0,0.0
ET040201,Limu (OR),ET0402,East Wellega,ET04,Oromia,ET,2018,11,3,ETH,ET040201,1.5,1.5
ET040201,Limu (OR),ET0402,East Wellega,ET04,Oromia,ET,2021,4,0,ETH,ET040201,0.0,0.0
ET040201,Limu (OR),ET0402,East Wellega,ET04,Oromia,ET,2021,10,0,ETH,ET040201,0.0,0.0
ET040201,Limu (OR),ET0402,East Wellega,ET04,Oromia,ET,2021,11,1,ETH,ET040201,0.5,0.5
ET040201,Limu (OR),ET0402,East Wellega,ET04,Oromia,ET,2022,1,3,ETH,ET040201,1.5,1.5
ET040201,Limu (OR),ET0402,East Wellega,ET04,Oromia,ET,2022,3,1,ETH,ET040201,0.5,0.5
ET040201,Limu (OR),ET0402,East Wellega,ET04,Oromia,ET,2022,7,7,ETH,ET040201,3.5,3.5
ET040201,Limu (OR),ET0402,East Wellega,ET04,Oromia,ET,2023,3,0,ETH,ET040201,0.0,0.0
ET040201,Limu (OR),ET0402,East Wellega,ET04,Oromia,ET,2024,7,4,ETH,ET040201,2.0,2.0
ET040201,Limu (OR),ET0402,East Wellega,ET04,Oromia,ET,2024,10,3,ETH,ET040201,1.5,1.5
ET040201,Limu (OR),ET0402,East Wellega,ET04,Oromia,ET,2025,8,0,ETH,ET040201,0.0,0.0
ET040202,Ibantu,ET0402,East Wellega,ET04,Oromia,ET,2022,4,3,ETH,ET040202,1.5,1.5
ET040202,Ibantu,ET0402,East Wellega,ET04,Oromia,ET,2022,7,2,ETH,ET040202,1.0,1.0
ET040202,Ibantu,ET0402,East Wellega,ET04,Oromia,ET,2023,11,11,ETH,ET040202,5.5,5.5
ET040202,Ibantu,ET0402,East Wellega,ET04,Oromia,ET,2023,12,3,ETH,ET040202,1.5,1.5
ET040202,Ibantu,ET0402,East Wellega,ET04,Oromia,ET,2024,10,0,ETH,ET040202,0.0,0.0
ET040202,Ibantu,ET0402,East Wellega,ET04,Oromia,ET,2024,11,10,ETH,ET040202,5.0,5.0
ET040203,Gida Ayana,ET0402,East Wellega,ET04,Oromia,ET,2000,2,0,ETH,ET040203,0.0,0.0
ET040203,Gida Ayana,ET0402,East Wellega,ET04,Oromia,ET,2006,3,0,ETH,ET040203,0.0,0.0
ET040203,Gida Ayana,ET0402,East Wellega,ET04,Oromia,ET,2006,4,21,ETH,ET040203,10.5,10.5
ET040203,Gida Ayana,ET0402,East Wellega,ET04,Oromia,ET,2012,11,3,ETH,ET040203,1.5,1.5
ET040203,Gida Ayana,ET0402,East Wellega,ET04,Oromia,ET,2013,7,1,ETH,ET040203,0.5,0.5
ET040203,Gida Ayana,ET0402,East Wellega,ET04,Oromia,ET,2015,12,0,ETH,ET040203,0.0,0.0
ET040203,Gida Ayana,ET0402,East Wellega,ET04,Oromia,ET,2016,3,1,ETH,ET040203,0.5,0.5
ET040203,Gida Ayana,ET0402,East Wellega,ET04,Oromia,ET,2016,8,1,ETH,ET040203,0.5,0.5
ET040203,Gida Ayana,ET0402,East Wellega,ET04,Oromia,ET,2016,9,0,ETH,ET040203,0.0,0.0
ET040203,Gida Ayana,ET0402,East Wellega,ET04,Oromia,ET,2019,12,1,ETH,ET040203,0.5,0.5
ET040203,Gida Ayana,ET0402,East Wellega,ET04,Oromia,ET,2020,2,0,ETH,ET040203,0.0,0.0
ET040203,Gida Ayana,ET0402,East Wellega,ET04,Oromia,ET,2021,1,0,ETH,ET040203,0.0,0.0
ET040203,Gida Ayana,ET0402,East Wellega,ET04,Oromia,ET,2021,2,1,ETH,ET040203,0.5,0.5
ET040203,Gida Ayana,ET0402,East Wellega,ET04,Oromia,ET,2021,4,21,ETH,ET040203,10.5,10.5
ET040203,Gida Ayana,ET0402,East Wellega,ET04,Oromia,ET,2021,10,0,ETH,ET040203,0.0,0.0
ET040203,Gida Ayana,ET0402,East Wellega,ET04,Oromia,ET,2021,12,6,ETH,ET040203,3.0,3.0
ET040203,Gida Ayana,ET0402,East Wellega,ET04,Oromia,ET,2022,1,9,ETH,ET040203,4.5,4.5
ET040203,Gida Ayana,ET0402,East Wellega,ET04,Oromia,ET,2022,2,9,ETH,ET040203,4.5,4.5
ET040203,Gida Ayana,ET0402,East Wellega,ET04,Oromia,ET,2022,3,25,ETH,ET040203,12.5,12.5
ET040203,Gida Ayana,ET0402,East Wellega,ET04,Oromia,ET,2022,8,3,ETH,ET040203,1.5,1.5
ET040203,Gida Ayana,ET0402,East Wellega,ET04,Oromia,ET,2022,9,0,ETH,ET040203,0.0,0.0
ET040203,Gida Ayana,ET0402,East Wellega,ET04,Oromia,ET,2022,10,11,ETH,ET040203,5.5,5.5
ET040203,Gida Ayana,ET0402,East Wellega,ET04,Oromia,ET,2022,12,96,ETH,ET040203,48.0,48.0
ET040203,Gida Ayana,ET0402,East Wellega,ET04,Oromia,ET,2023,3,7,ETH,ET040203,3.5,3.5
ET040203,Gida Ayana,ET0402,East Wellega,ET04,Oromia,ET,2023,6,20,ETH,ET040203,10.0,10.0
ET040203,Gida Ayana,ET0402,East Wellega,ET04,Oromia,ET,2023,8,4,ETH,ET040203,2.0,2.0
ET040203,Gida Ayana,ET0402,East Wellega,ET04,Oromia,ET,2023,9,16,ETH,ET040203,8.0,8.0
ET040203,Gida Ayana,ET0402,East Wellega,ET04,Oromia,ET,2023,11,0,ETH,ET040203,0.0,0.0
ET040203,Gida Ayana,ET0402,East Wellega,ET04,Oromia,ET,2023,12,3,ETH,ET040203,1.5,1.5
ET040203,Gida Ayana,ET0402,East Wellega,ET04,Oromia,ET,2024,2,3,ETH,ET040203,1.5,1.5
ET040203,Gida Ayana,ET0402,East Wellega,ET04,Oromia,ET,2024,3,17,ETH,ET040203,8.5,8.5
ET040203,Gida Ayana,ET0402,East Wellega,ET04,Oromia,ET,2024,4,1,ETH,ET040203,0.5,0.5
ET040203,Gida Ayana,ET0402,East Wellega,ET04,Oromia,ET,2024,6,0,ETH,ET040203,0.0,0.0
ET040203,Gida Ayana,ET0402,East Wellega,ET04,Oromia,ET,2024,7,0,ETH,ET040203,0.0,0.0
ET040203,Gida Ayana,ET0402,East Wellega,ET04,Oromia,ET,2024,8,3,ETH,ET040203,1.5,1.5
ET040203,Gida Ayana,ET0402,East Wellega,ET04,Oromia,ET,2024,9,0,ETH,ET040203,0.0,0.0
ET040203,Gida Ayana,ET0402,East Wellega,ET04,Oromia,ET,2024,10,0,ETH,ET040203,0.0,0.0
ET040203,Gida Ayana,ET0402,East Wellega,ET04,Oromia,ET,2024,11,0,ETH,ET040203,0.0,0.0
ET040203,Gida Ayana,ET0402,East Wellega,ET04,Oromia,ET,2024,12,4,ETH,ET040203,2.0,2.0
ET040203,Gida Ayana,ET0402,East Wellega,ET04,Oromia,ET,2025,1,13,ETH,ET040203,6.5,6.5
ET040203,Gida Ayana,ET0402,East Wellega,ET04,Oromia,ET,2025,5,3,ETH,ET040203,1.5,1.5
ET040203,Gida Ayana,ET0402,East Wellega,ET04,Oromia,ET,2025,6,22,ETH,ET040203,11.0,11.0
ET040203,Gida Ayana,ET0402,East Wellega,ET04,Oromia,ET,2025,7,6,ETH,ET040203,3.0,3.0
ET040203,Gida Ayana,ET0402,East Wellega,ET04,Oromia,ET,2025,8,7,ETH,ET040203,3.5,3.5
ET040204,Haro Limu,ET0402,East Wellega,ET04,Oromia,ET,1999,7,226,ETH,ET040204,113.0,113.0
ET040204,Haro Limu,ET0402,East Wellega,ET04,Oromia,ET,2013,8,0,ETH,ET040204,0.0,0.0
ET040204,Haro Limu,ET0402,East Wellega,ET04,Oromia,ET,2018,11,0,ETH,ET040204,0.0,0.0
ET040204,Haro Limu,ET0402,East Wellega,ET04,Oromia,ET,2022,7,2,ETH,ET040204,1.0,1.0
ET040204,Haro Limu,ET0402,East Wellega,ET04,Oromia,ET,2022,8,0,ETH,ET040204,0.0,0.0
ET040204,Haro Limu,ET0402,East Wellega,ET04,Oromia,ET,2024,1,3,ETH,ET040204,1.5,1.5
ET040204,Haro Limu,ET0402,East Wellega,ET04,Oromia,ET,2024,4,0,ETH,ET040204,0.0,0.0
ET040204,Haro Limu,ET0402,East Wellega,ET04,Oromia,ET,2024,6,4,ETH,ET040204,2.0,2.0
ET040204,Haro Limu,ET0402,East Wellega,ET04,Oromia,ET,2024,7,3,ETH,ET040204,1.5,1.5
ET040204,Haro Limu,ET0402,East Wellega,ET04,Oromia,ET,2024,11,8,ETH,ET040204,4.0,4.0
ET040204,Haro Limu,ET0402,East Wellega,ET04,Oromia,ET,2025,4,31,ETH,ET040204,15.5,15.5
ET040205,Boneya Boshe,ET0402,East Wellega,ET04,Oromia,ET,2004,7,14,ETH,ET040205,7.0,7.0
ET040205,Boneya Boshe,ET0402,East Wellega,ET04,Oromia,ET,2015,12,1,ETH,ET040205,0.5,0.5
ET040205,Boneya Boshe,ET0402,East Wellega,ET04,Oromia,ET,2016,1,0,ETH,ET040205,0.0,0.0
ET040205,Boneya Boshe,ET0402,East Wellega,ET04,Oromia,ET,2016,8,0,ETH,ET040205,0.0,0.0
ET040205,Boneya Boshe,ET0402,East Wellega,ET04,Oromia,ET,2022,2,0,ETH,ET040205,0.0,0.0
ET040205,Boneya Boshe,ET0402,East Wellega,ET04,Oromia,ET,2024,2,20,ETH,ET040205,10.0,10.0
ET040205,Boneya Boshe,ET0402,East Wellega,ET04,Oromia,ET,2024,3,5,ETH,ET040205,2.5,2.5
ET040205,Boneya Boshe,ET0402,East Wellega,ET04,Oromia,ET,2024,6,1,ETH,ET040205,0.5,0.5
ET040205,Boneya Boshe,ET0402,East Wellega,ET04,Oromia,ET,2024,7,14,ETH,ET040205,7.0,7.0
ET040205,Boneya Boshe,ET0402,East Wellega,ET04,Oromia,ET,2024,10,3,ETH,ET040205,1.5,1.5
ET040206,Wayu Tuka,ET0402,East Wellega,ET04,Oromia,ET,2015,8,3,ETH,ET040206,1.5,1.5
ET040206,Wayu Tuka,ET0402,East Wellega,ET04,Oromia,ET,2016,1,0,ETH,ET040206,0.0,0.0
ET040206,Wayu Tuka,ET0402,East Wellega,ET04,Oromia,ET,2017,8,0,ETH,ET040206,0.0,0.0
ET040206,Wayu Tuka,ET0402,East Wellega,ET04,Oromia,ET,2018,2,0,ETH,ET040206,0.0,0.0
ET040206,Wayu Tuka,ET0402,East Wellega,ET04,Oromia,ET,2021,12,0,ETH,ET040206,0.0,0.0
ET040206,Wayu Tuka,ET0402,East Wellega,ET04,Oromia,ET,2023,12,2,ETH,ET040206,1.0,1.0
ET040206,Wayu Tuka,ET0402,East Wellega,ET04,Oromia,ET,2024,2,0,ETH,ET040206,0.0,0.0
ET040206,Wayu Tuka,ET0402,East Wellega,ET04,Oromia,ET,2024,4,23,ETH,ET040206,11.5,11.5
ET040206,Wayu Tuka,ET0402,East Wellega,ET04,Oromia,ET,2024,5,10,ETH,ET040206,5.0,5.0
ET040206,Wayu Tuka,ET0402,East Wellega,ET04,Oromia,ET,2024,10,4,ETH,ET040206,2.0,2.0
ET040207,Bila Seyo,ET0402,East Wellega,ET04,Oromia,ET,2014,4,0,ETH,ET040207,0.0,0.0
ET040207,Bila Seyo,ET0402,East Wellega,ET04,Oromia,ET,2015,12,0,ETH,ET040207,0.0,0.0
ET040207,Bila Seyo,ET0402,East Wellega,ET04,Oromia,ET,2022,1,0,ETH,ET040207,0.0,0.0
ET040207,Bila Seyo,ET0402,East Wellega,ET04,Oromia,ET,2022,6,0,ETH,ET040207,0.0,0.0
ET040207,Bila Seyo,ET0402,East Wellega,ET04,Oromia,ET,2022,7,2,ETH,ET040207,1.0,1.0
ET040207,Bila Seyo,ET0402,East Wellega,ET04,Oromia,ET,2022,8,10,ETH,ET040207,5.0,5.0
ET040207,Bila Seyo,ET0402,East Wellega,ET04,Oromia,ET,2022,9,10,ETH,ET040207,5.0,5.0
ET040207,Bila Seyo,ET0402,East Wellega,ET04,Oromia,ET,2023,3,3,ETH,ET040207,1.5,1.5
ET040207,Bila Seyo,ET0402,East Wellega,ET04,Oromia,ET,2023,12,1,ETH,ET040207,0.5,0.5
ET040207,Bila Seyo,ET0402,East Wellega,ET04,Oromia,ET,2024,4,34,ETH,ET040207,17.0,17.0
ET040207,Bila Seyo,ET0402,East Wellega,ET04,Oromia,ET,2024,5,10,ETH,ET040207,5.0,5.0
ET040207,Bila Seyo,ET0402,East Wellega,ET04,Oromia,ET,2024,6,1,ETH,ET040207,0.5,0.5
ET040207,Bila Seyo,ET0402,East Wellega,ET04,Oromia,ET,2024,7,10,ETH,ET040207,5.0,5.0
ET040207,Bila Seyo,ET0402,East Wellega,ET04,Oromia,ET,2024,8,25,ETH,ET040207,12.5,12.5
ET040207,Bila Seyo,ET0402,East Wellega,ET04,Oromia,ET,2024,10,4,ETH,ET040207,2.0,2.0
ET040207,Bila Seyo,ET0402,East Wellega,ET04,Oromia,ET,2024,11,0,ETH,ET040207,0.0,0.0
ET040207,Bila Seyo,ET0402,East Wellega,ET04,Oromia,ET,2025,4,0,ETH,ET040207,0.0,0.0
ET040207,Bila Seyo,ET0402,East Wellega,ET04,Oromia,ET,2025,7,3,ETH,ET040207,1.5,1.5
ET040208,Gobu Seyo,ET0402,East Wellega,ET04,Oromia,ET,2011,9,6,ETH,ET040208,3.0,3.0
ET040208,Gobu Seyo,ET0402,East Wellega,ET04,Oromia,ET,2020,1,4,ETH,ET040208,2.0,2.0
ET040208,Gobu Seyo,ET0402,East Wellega,ET04,Oromia,ET,2021,12,0,ETH,ET040208,0.0,0.0
ET040208,Gobu Seyo,ET0402,East Wellega,ET04,Oromia,ET,2022,1,3,ETH,ET040208,1.5,1.5
ET040208,Gobu Seyo,ET0402,East Wellega,ET04,Oromia,ET,2023,2,50,ETH,ET040208,25.0,25.0
ET040208,Gobu Seyo,ET0402,East Wellega,ET04,Oromia,ET,2023,10,0,ETH,ET040208,0.0,0.0
ET040208,Gobu Seyo,ET0402,East Wellega,ET04,Oromia,ET,2023,12,1,ETH,ET040208,0.5,0.5
ET040208,Gobu Seyo,ET0402,East Wellega,ET04,Oromia,ET,2024,9,0,ETH,ET040208,0.0,0.0
ET040208,Gobu Seyo,ET0402,East Wellega,ET04,Oromia,ET,2024,10,0,ETH,ET040208,0.0,0.0
ET040209,Sibu Sire,ET0402,East Wellega,ET04,Oromia,ET,2014,4,0,ETH,ET040209,0.0,0.0
ET040209,Sibu Sire,ET0402,East Wellega,ET04,Oromia,ET,2014,5,0,ETH,ET040209,0.0,0.0
ET040209,Sibu Sire,ET0402,East Wellega,ET04,Oromia,ET,2015,12,0,ETH,ET040209,0.0,0.0
ET040209,Sibu Sire,ET0402,East Wellega,ET04,Oromia,ET,2016,1,0,ETH,ET040209,0.0,0.0
ET040209,Sibu Sire,ET0402,East Wellega,ET04,Oromia,ET,2021,10,32,ETH,ET040209,16.0,16.0
ET040209,Sibu Sire,ET0402,East Wellega,ET04,Oromia,ET,2021,11,6,ETH,ET040209,3.0,3.0
ET040209,Sibu Sire,ET0402,East Wellega,ET04,Oromia,ET,2021,12,3,ETH,ET040209,1.5,1.5
ET040209,Sibu Sire,ET0402,East Wellega,ET04,Oromia,ET,2022,1,18,ETH,ET040209,9.0,9.0
ET040209,Sibu Sire,ET0402,East Wellega,ET04,Oromia,ET,2022,3,19,ETH,ET040209,9.5,9.5
ET040209,Sibu Sire,ET0402,East Wellega,ET04,Oromia,ET,2022,4,6,ETH,ET040209,3.0,3.0
ET040209,Sibu Sire,ET0402,East Wellega,ET04,Oromia,ET,2023,2,0,ETH,ET040209,0.0,0.0
ET040209,Sibu Sire,ET0402,East Wellega,ET04,Oromia,ET,2023,6,5,ETH,ET040209,2.5,2.5
ET040209,Sibu Sire,ET0402,East Wellega,ET04,Oromia,ET,2023,12,2,ETH,ET040209,1.0,1.0
ET040209,Sibu Sire,ET0402,East Wellega,ET04,Oromia,ET,2024,4,12,ETH,ET040209,6.0,6.0
ET040209,Sibu Sire,ET0402,East Wellega,ET04,Oromia,ET,2024,6,1,ETH,ET040209,0.5,0.5
ET040209,Sibu Sire,ET0402,East Wellega,ET04,Oromia,ET,2024,8,2,ETH,ET040209,1.0,1.0
ET040209,Sibu Sire,ET0402,East Wellega,ET04,Oromia,ET,2024,11,0,ETH,ET040209,0.0,0.0
ET040209,Sibu Sire,ET0402,East Wellega,ET04,Oromia,ET,2024,12,0,ETH,ET040209,0.0,0.0
ET040209,Sibu Sire,ET0402,East Wellega,ET04,Oromia,ET,2025,2,3,ETH,ET040209,1.5,1.5
ET040209,Sibu Sire,ET0402,East Wellega,ET04,Oromia,ET,2025,6,6,ETH,ET040209,3.0,3.0
ET040210,Diga,ET0402,East Wellega,ET04,Oromia,ET,2016,1,2,ETH,ET040210,1.0,1.0
ET040210,Diga,ET0402,East Wellega,ET04,Oromia,ET,2021,6,1,ETH,ET040210,0.5,0.5
ET040210,Diga,ET0402,East Wellega,ET04,Oromia,ET,2021,12,0,ETH,ET040210,0.0,0.0
ET040210,Diga,ET0402,East Wellega,ET04,Oromia,ET,2023,12,1,ETH,ET040210,0.5,0.5
ET040210,Diga,ET0402,East Wellega,ET04,Oromia,ET,2024,4,0,ETH,ET040210,0.0,0.0
ET040210,Diga,ET0402,East Wellega,ET04,Oromia,ET,2024,6,0,ETH,ET040210,0.0,0.0
ET040210,Diga,ET0402,East Wellega,ET04,Oromia,ET,2024,7,3,ETH,ET040210,1.5,1.5
ET040211,Sasiga,ET0402,East Wellega,ET04,Oromia,ET,2013,2,4,ETH,ET040211,2.0,2.0
ET040211,Sasiga,ET0402,East Wellega,ET04,Oromia,ET,2014,4,2,ETH,ET040211,1.0,1.0
ET040211,Sasiga,ET0402,East Wellega,ET04,Oromia,ET,2014,7,2,ETH,ET040211,1.0,1.0
ET040211,Sasiga,ET0402,East Wellega,ET04,Oromia,ET,2015,12,1,ETH,ET040211,0.5,0.5
ET040211,Sasiga,ET0402,East Wellega,ET04,Oromia,ET,2016,1,12,ETH,ET040211,6.0,6.0
ET040211,Sasiga,ET0402,East Wellega,ET04,Oromia,ET,2016,2,7,ETH,ET040211,3.5,3.5
ET040211,Sasiga,ET0402,East Wellega,ET04,Oromia,ET,2016,5,1,ETH,ET040211,0.5,0.5
ET040211,Sasiga,ET0402,East Wellega,ET04,Oromia,ET,2017,10,2,ETH,ET040211,1.0,1.0
ET040211,Sasiga,ET0402,East Wellega,ET04,Oromia,ET,2018,10,2,ETH,ET040211,1.0,1.0
ET040211,Sasiga,ET0402,East Wellega,ET04,Oromia,ET,2018,11,0,ETH,ET040211,0.0,0.0
ET040211,Sasiga,ET0402,East Wellega,ET04,Oromia,ET,2019,1,0,ETH,ET040211,0.0,0.0
ET040211,Sasiga,ET0402,East Wellega,ET04,Oromia,ET,2021,8,0,ETH,ET040211,0.0,0.0
ET040211,Sasiga,ET0402,East Wellega,ET04,Oromia,ET,2021,9,0,ETH,ET040211,0.0,0.0
ET040211,Sasiga,ET0402,East Wellega,ET04,Oromia,ET,2021,10,15,ETH,ET040211,7.5,7.5
ET040211,Sasiga,ET0402,East Wellega,ET04,Oromia,ET,2021,12,0,ETH,ET040211,0.0,0.0
ET040211,Sasiga,ET0402,East Wellega,ET04,Oromia,ET,2022,7,3,ETH,ET040211,1.5,1.5
ET040211,Sasiga,ET0402,East Wellega,ET04,Oromia,ET,2022,10,10,ETH,ET040211,5.0,5.0
ET040211,Sasiga,ET0402,East Wellega,ET04,Oromia,ET,2022,11,15,ETH,ET040211,7.5,7.5
ET040211,Sasiga,ET0402,East Wellega,ET04,Oromia,ET,2022,12,3,ETH,ET040211,1.5,1.5
ET040211,Sasiga,ET0402,East Wellega,ET04,Oromia,ET,2023,6,1,ETH,ET040211,0.5,0.5
ET040211,Sasiga,ET0402,East Wellega,ET04,Oromia,ET,2023,8,3,ETH,ET040211,1.5,1.5
ET040211,Sasiga,ET0402,East Wellega,ET04,Oromia,ET,2024,10,0,ETH,ET040211,0.0,0.0
ET040211,Sasiga,ET0402,East Wellega,ET04,Oromia,ET,2025,2,6,ETH,ET040211,3.0,3.0
ET040211,Sasiga,ET0402,East Wellega,ET04,Oromia,ET,2025,5,3,ETH,ET040211,1.5,1.5
ET040211,Sasiga,ET0402,East Wellega,ET04,Oromia,ET,2025,6,0,ETH,ET040211,0.0,0.0
ET040211,Sasiga,ET0402,East Wellega,ET04,Oromia,ET,2025,8,1,ETH,ET040211,0.5,0.5
ET040212,Leka Dulecha,ET0402,East Wellega,ET04,Oromia,ET,2008,1,0,ETH,ET040212,0.0,0.0
ET040212,Leka Dulecha,ET0402,East Wellega,ET04,Oromia,ET,2016,1,0,ETH,ET040212,0.0,0.0
ET040212,Leka Dulecha,ET0402,East Wellega,ET04,Oromia,ET,2016,2,1,ETH,ET040212,0.5,0.5
ET040212,Leka Dulecha,ET0402,East Wellega,ET04,Oromia,ET,2016,8,2,ETH,ET040212,1.0,1.0
ET040212,Leka Dulecha,ET0402,East Wellega,ET04,Oromia,ET,2021,12,0,ETH,ET040212,0.0,0.0
ET040212,Leka Dulecha,ET0402,East Wellega,ET04,Oromia,ET,2022,2,0,ETH,ET040212,0.0,0.0
ET040212,Leka Dulecha,ET0402,East Wellega,ET04,Oromia,ET,2023,3,3,ETH,ET040212,1.5,1.5
ET040212,Leka Dulecha,ET0402,East Wellega,ET04,Oromia,ET,2024,11,0,ETH,ET040212,0.0,0.0
ET040213,Guto Gida,ET0402,East Wellega,ET04,Oromia,ET,2021,10,0,ETH,ET040213,0.0,0.0
ET040213,Guto Gida,ET0402,East Wellega,ET04,Oromia,ET,2021,11,3,ETH,ET040213,1.5,1.5
ET040213,Guto Gida,ET0402,East Wellega,ET04,Oromia,ET,2021,12,3,ETH,ET040213,1.5,1.5
ET040213,Guto Gida,ET0402,East Wellega,ET04,Oromia,ET,2022,9,3,ETH,ET040213,1.5,1.5
ET040213,Guto Gida,ET0402,East Wellega,ET04,Oromia,ET,2023,8,1,ETH,ET040213,0.5,0.5
ET040213,Guto Gida,ET0402,East Wellega,ET04,Oromia,ET,2024,4,24,ETH,ET040213,12.0,12.0
ET040213,Guto Gida,ET0402,East Wellega,ET04,Oromia,ET,2024,10,3,ETH,ET040213,1.5,1.5
ET040213,Guto Gida,ET0402,East Wellega,ET04,Oromia,ET,2025,6,11,ETH,ET040213,5.5,5.5
ET040214,Jimma Arjo,ET0402,East Wellega,ET04,Oromia,ET,2015,12,0,ETH,ET040214,0.0,0.0
ET040214,Jimma Arjo,ET0402,East Wellega,ET04,Oromia,ET,2016,1,1,ETH,ET040214,0.5,0.5
ET040214,Jimma Arjo,ET0402,East Wellega,ET04,Oromia,ET,2016,2,4,ETH,ET040214,2.0,2.0
ET040214,Jimma Arjo,ET0402,East Wellega,ET04,Oromia,ET,2016,9,0,ETH,ET040214,0.0,0.0
ET040214,Jimma Arjo,ET0402,East Wellega,ET04,Oromia,ET,2021,12,3,ETH,ET040214,1.5,1.5
ET040214,Jimma Arjo,ET0402,East Wellega,ET04,Oromia,ET,2022,4,1,ETH,ET040214,0.5,0.5
ET040214,Jimma Arjo,ET0402,East Wellega,ET04,Oromia,ET,2022,8,3,ETH,ET040214,1.5,1.5
ET040214,Jimma Arjo,ET0402,East Wellega,ET04,Oromia,ET,2024,4,31,ETH,ET040214,15.5,15.5
ET040214,Jimma Arjo,ET0402,East Wellega,ET04,Oromia,ET,2024,5,3,ETH,ET040214,1.5,1.5
ET040215,Nunu Kumba,ET0402,East Wellega,ET04,Oromia,ET,2015,12,1,ETH,ET040215,0.5,0.5
ET040215,Nunu Kumba,ET0402,East Wellega,ET04,Oromia,ET,2016,2,0,ETH,ET040215,0.0,0.0
ET040215,Nunu Kumba,ET0402,East Wellega,ET04,Oromia,ET,2016,9,0,ETH,ET040215,0.0,0.0
ET040215,Nunu Kumba,ET0402,East Wellega,ET04,Oromia,ET,2021,9,1,ETH,ET040215,0.5,0.5
ET040215,Nunu Kumba,ET0402,East Wellega,ET04,Oromia,ET,2021,12,3,ETH,ET040215,1.5,1.5
ET040215,Nunu Kumba,ET0402,East Wellega,ET04,Oromia,ET,2022,2,0,ETH,ET040215,0.0,0.0
ET040215,Nunu Kumba,ET0402,East Wellega,ET04,Oromia,ET,2022,10,10,ETH,ET040215,5.0,5.0
ET040215,Nunu Kumba,ET0402,East Wellega,ET04,Oromia,ET,2022,11,5,ETH,ET040215,2.5,2.5
ET040215,Nunu Kumba,ET0402,East Wellega,ET04,Oromia,ET,2024,6,20,ETH,ET040215,10.0,10.0
ET040216,Wama Hagalo,ET0402,East Wellega,ET04,Oromia,ET,2022,6,0,ETH,ET040216,0.0,0.0
ET040216,Wama Hagalo,ET0402,East Wellega,ET04,Oromia,ET,2022,10,3,ETH,ET040216,1.5,1.5
ET040216,Wama Hagalo,ET0402,East Wellega,ET04,Oromia,ET,2022,11,0,ETH,ET040216,0.0,0.0
ET040216,Wama Hagalo,ET0402,East Wellega,ET04,Oromia,ET,2023,9,0,ETH,ET040216,0.0,0.0
ET040216,Wama Hagalo,ET0402,East Wellega,ET04,Oromia,ET,2024,4,0,ETH,ET040216,0.0,0.0
ET040216,Wama Hagalo,ET0402,East Wellega,ET04,Oromia,ET,2024,7,3,ETH,ET040216,1.5,1.5
ET040216,Wama Hagalo,ET0402,East Wellega,ET04,Oromia,ET,2024,11,0,ETH,ET040216,0.0,0.0
ET040217,Kiremu,ET0402,East Wellega,ET04,Oromia,ET,2013,6,1,ETH,ET040217,0.5,0.5
ET040217,Kiremu,ET0402,East Wellega,ET04,Oromia,ET,2014,4,0,ETH,ET040217,0.0,0.0
ET040217,Kiremu,ET0402,East Wellega,ET04,Oromia,ET,2014,5,0,ETH,ET040217,0.0,0.0
ET040217,Kiremu,ET0402,East Wellega,ET04,Oromia,ET,2015,12,0,ETH,ET040217,0.0,0.0
ET040217,Kiremu,ET0402,East Wellega,ET04,Oromia,ET,2016,1,0,ETH,ET040217,0.0,0.0
ET040217,Kiremu,ET0402,East Wellega,ET04,Oromia,ET,2016,2,0,ETH,ET040217,0.0,0.0
ET040217,Kiremu,ET0402,East Wellega,ET04,Oromia,ET,2016,3,0,ETH,ET040217,0.0,0.0
ET040217,Kiremu,ET0402,East Wellega,ET04,Oromia,ET,2021,2,0,ETH,ET040217,0.0,0.0
ET040217,Kiremu,ET0402,East Wellega,ET04,Oromia,ET,2021,8,210,ETH,ET040217,105.0,105.0
ET040217,Kiremu,ET0402,East Wellega,ET04,Oromia,ET,2021,9,39,ETH,ET040217,19.5,19.5
ET040217,Kiremu,ET0402,East Wellega,ET04,Oromia,ET,2021,10,6,ETH,ET040217,3.0,3.0
ET040217,Kiremu,ET0402,East Wellega,ET04,Oromia,ET,2021,11,3,ETH,ET040217,1.5,1.5
ET040217,Kiremu,ET0402,East Wellega,ET04,Oromia,ET,2021,12,13,ETH,ET040217,6.5,6.5
ET040217,Kiremu,ET0402,East Wellega,ET04,Oromia,ET,2022,2,2,ETH,ET040217,1.0,1.0
ET040217,Kiremu,ET0402,East Wellega,ET04,Oromia,ET,2022,4,3,ETH,ET040217,1.5,1.5
ET040217,Kiremu,ET0402,East Wellega,ET04,Oromia,ET,2022,6,3,ETH,ET040217,1.5,1.5
ET040217,Kiremu,ET0402,East Wellega,ET04,Oromia,ET,2022,9,3,ETH,ET040217,1.5,1.5
ET040217,Kiremu,ET0402,East Wellega,ET04,Oromia,ET,2022,10,21,ETH,ET040217,10.5,10.5
ET040217,Kiremu,ET0402,East Wellega,ET04,Oromia,ET,2022,11,189,ETH,ET040217,94.5,94.5
ET040217,Kiremu,ET0402,East Wellega,ET04,Oromia,ET,2022,12,30,ETH,ET040217,15.0,15.0
ET040217,Kiremu,ET0402,East Wellega,ET04,Oromia,ET,2023,1,4,ETH,ET040217,2.0,2.0
ET040217,Kiremu,ET0402,East Wellega,ET04,Oromia,ET,2023,5,3,ETH,ET040217,1.5,1.5
ET040217,Kiremu,ET0402,East Wellega,ET04,Oromia,ET,2023,6,12,ETH,ET040217,6.0,6.0
ET040217,Kiremu,ET0402,East Wellega,ET04,Oromia,ET,2023,8,6,ETH,ET040217,3.0,3.0
ET040217,Kiremu,ET0402,East Wellega,ET04,Oromia,ET,2023,9,2,ETH,ET040217,1.0,1.0
ET040217,Kiremu,ET0402,East Wellega,ET04,Oromia,ET,2023,10,2,ETH,ET040217,1.0,1.0
ET040217,Kiremu,ET0402,East Wellega,ET04,Oromia,ET,2023,12,4,ETH,ET040217,2.0,2.0
ET040217,Kiremu,ET0402,East Wellega,ET04,Oromia,ET,2024,4,7,ETH,ET040217,3.5,3.5
ET040217,Kiremu,ET0402,East Wellega,ET04,Oromia,ET,2024,5,2,ETH,ET040217,1.0,1.0
ET040217,Kiremu,ET0402,East Wellega,ET04,Oromia,ET,2024,6,17,ETH,ET040217,8.5,8.5
ET040217,Kiremu,ET0402,East Wellega,ET04,Oromia,ET,2024,8,3,ETH,ET040217,1.5,1.5
ET040217,Kiremu,ET0402,East Wellega,ET04,Oromia,ET,2024,9,2,ETH,ET040217,1.0,1.0
ET040217,Kiremu,ET0402,East Wellega,ET04,Oromia,ET,2024,10,0,ETH,ET040217,0.0,0.0
ET040217,Kiremu,ET0402,East Wellega,ET04,Oromia,ET,2025,1,0,ETH,ET040217,0.0,0.0
ET040217,Kiremu,ET0402,East Wellega,ET04,Oromia,ET,2025,4,16,ETH,ET040217,8.0,8.0
ET040217,Kiremu,ET0402,East Wellega,ET04,Oromia,ET,2025,6,2,ETH,ET040217,1.0,1.0
ET040217,Kiremu,ET0402,East Wellega,ET04,Oromia,ET,2025,7,20,ETH,ET040217,10.0,10.0
ET040217,Kiremu,ET0402,East Wellega,ET04,Oromia,ET,2025,8,0,ETH,ET040217,0.0,0.0
ET040217,Kiremu,ET0402,East Wellega,ET04,Oromia,ET,2025,9,10,ETH,ET040217,5.0,5.0
ET040297,Nekemte town,ET0402,East Wellega,ET04,Oromia,ET,2002,3,0,ETH,ET040297,0.0,0.0
ET040297,Nekemte town,ET0402,East Wellega,ET04,Oromia,ET,2002,4,1,ETH,ET040297,0.5,0.5
ET040297,Nekemte town,ET0402,East Wellega,ET04,Oromia,ET,2004,3,0,ETH,ET040297,0.0,0.0
ET040297,Nekemte town,ET0402,East Wellega,ET04,Oromia,ET,2006,1,0,ETH,ET040297,0.0,0.0
ET040297,Nekemte town,ET0402,East Wellega,ET04,Oromia,ET,2013,10,4,ETH,ET040297,2.0,2.0
ET040297,Nekemte town,ET0402,East Wellega,ET04,Oromia,ET,2014,4,0,ETH,ET040297,0.0,0.0
ET040297,Nekemte town,ET0402,East Wellega,ET04,Oromia,ET,2014,7,3,ETH,ET040297,1.5,1.5
ET040297,Nekemte town,ET0402,East Wellega,ET04,Oromia,ET,2015,12,2,ETH,ET040297,1.0,1.0
ET040297,Nekemte town,ET0402,East Wellega,ET04,Oromia,ET,2016,1,2,ETH,ET040297,1.0,1.0
ET040297,Nekemte town,ET0402,East Wellega,ET04,Oromia,ET,2016,2,3,ETH,ET040297,1.5,1.5
ET040297,Nekemte town,ET0402,East Wellega,ET04,Oromia,ET,2016,3,3,ETH,ET040297,1.5,1.5
ET040297,Nekemte town,ET0402,East Wellega,ET04,Oromia,ET,2016,5,0,ETH,ET040297,0.0,0.0
ET040297,Nekemte town,ET0402,East Wellega,ET04,Oromia,ET,2016,8,18,ETH,ET040297,9.0,9.0
ET040297,Nekemte town,ET0402,East Wellega,ET04,Oromia,ET,2016,9,3,ETH,ET040297,1.5,1.5
ET040297,Nekemte town,ET0402,East Wellega,ET04,Oromia,ET,2016,10,0,ETH,ET040297,0.0,0.0
ET040297,Nekemte town,ET0402,East Wellega,ET04,Oromia,ET,2016,11,0,ETH,ET040297,0.0,0.0
ET040297,Nekemte town,ET0402,East Wellega,ET04,Oromia,ET,2017,2,1,ETH,ET040297,0.5,0.5
ET040297,Nekemte town,ET0402,East Wellega,ET04,Oromia,ET,2017,7,0,ETH,ET040297,0.0,0.0
ET040297,Nekemte town,ET0402,East Wellega,ET04,Oromia,ET,2017,10,5,ETH,ET040297,2.5,2.5
ET040297,Nekemte town,ET0402,East Wellega,ET04,Oromia,ET,2017,12,2,ETH,ET040297,1.0,1.0
ET040297,Nekemte town,ET0402,East Wellega,ET04,Oromia,ET,2018,1,0,ETH,ET040297,0.0,0.0
ET040297,Nekemte town,ET0402,East Wellega,ET04,Oromia,ET,2018,2,1,ETH,ET040297,0.5,0.5
ET040297,Nekemte town,ET0402,East Wellega,ET04,Oromia,ET,2018,3,1,ETH,ET040297,0.5,0.5
ET040297,Nekemte town,ET0402,East Wellega,ET04,Oromia,ET,2018,4,0,ETH,ET040297,0.0,0.0
ET040297,Nekemte town,ET0402,East Wellega,ET04,Oromia,ET,2018,5,0,ETH,ET040297,0.0,0.0
ET040297,Nekemte town,ET0402,East Wellega,ET04,Oromia,ET,2018,6,0,ETH,ET040297,0.0,0.0
ET040297,Nekemte town,ET0402,East Wellega,ET04,Oromia,ET,2018,10,0,ETH,ET040297,0.0,0.0
ET040297,Nekemte town,ET0402,East Wellega,ET04,Oromia,ET,2018,11,24,ETH,ET040297,12.0,12.0
ET040297,Nekemte town,ET0402,East Wellega,ET04,Oromia,ET,2018,12,2,ETH,ET040297,1.0,1.0
ET040297,Nekemte town,ET0402,East Wellega,ET04,Oromia,ET,2019,6,1,ETH,ET040297,0.5,0.5
ET040297,Nekemte town,ET0402,East Wellega,ET04,Oromia,ET,2019,11,1,ETH,ET040297,0.5,0.5
ET040297,Nekemte town,ET0402,East Wellega,ET04,Oromia,ET,2020,2,1,ETH,ET040297,0.5,0.5
ET040297,Nekemte town,ET0402,East Wellega,ET04,Oromia,ET,2020,3,1,ETH,ET040297,0.5,0.5
ET040297,Nekemte town,ET0402,East Wellega,ET04,Oromia,ET,2020,6,1,ETH,ET040297,0.5,0.5
ET040297,Nekemte town,ET0402,East Wellega,ET04,Oromia,ET,2020,7,3,ETH,ET040297,1.5,1.5
ET040297,Nekemte town,ET0402,East Wellega,ET04,Oromia,ET,2020,10,7,ETH,ET040297,3.5,3.5
ET040297,Nekemte town,ET0402,East Wellega,ET04,Oromia,ET,2020,11,1,ETH,ET040297,0.5,0.5
ET040297,Nekemte town,ET0402,East Wellega,ET04,Oromia,ET,2021,1,1,ETH,ET040297,0.5,0.5
ET040297,Nekemte town,ET0402,East Wellega,ET04,Oromia,ET,2021,2,1,ETH,ET040297,0.5,0.5
ET040297,Nekemte town,ET0402,East Wellega,ET04,Oromia,ET,2021,4,8,ETH,ET040297,4.0,4.0
ET040297,Nekemte town,ET0402,East Wellega,ET04,Oromia,ET,2021,8,1,ETH,ET040297,0.5,0.5
ET040297,Nekemte town,ET0402,East Wellega,ET04,Oromia,ET,2021,10,1,ETH,ET040297,0.5,0.5
ET040297,Nekemte town,ET0402,East Wellega,ET04,Oromia,ET,2021,11,6,ETH,ET040297,3.0,3.0
ET040297,Nekemte town,ET0402,East Wellega,ET04,Oromia,ET,2021,12,4,ETH,ET040297,2.0,2.0
ET040297,Nekemte town,ET0402,East Wellega,ET04,Oromia,ET,2022,1,0,ETH,ET040297,0.0,0.0
ET040297,Nekemte town,ET0402,East Wellega,ET04,Oromia,ET,2022,2,0,ETH,ET040297,0.0,0.0
ET040297,Nekemte town,ET0402,East Wellega,ET04,Oromia,ET,2022,5,0,ETH,ET040297,0.0,0.0
ET040297,Nekemte town,ET0402,East Wellega,ET04,Oromia,ET,2022,6,4,ETH,ET040297,2.0,2.0
ET040297,Nekemte town,ET0402,East Wellega,ET04,Oromia,ET,2022,11,9,ETH,ET040297,4.5,4.5
ET040297,Nekemte town,ET0402,East Wellega,ET04,Oromia,ET,2022,12,0,ETH,ET040297,0.0,0.0
ET040297,Nekemte town,ET0402,East Wellega,ET04,Oromia,ET,2023,2,0,ETH,ET040297,0.0,0.0
ET040297,Nekemte town,ET0402,East Wellega,ET04,Oromia,ET,2023,3,1,ETH,ET040297,0.5,0.5
ET040297,Nekemte town,ET0402,East Wellega,ET04,Oromia,ET,2023,4,0,ETH,ET040297,0.0,0.0
ET040297,Nekemte town,ET0402,East Wellega,ET04,Oromia,ET,2023,8,0,ETH,ET040297,0.0,0.0
ET040297,Nekemte town,ET0402,East Wellega,ET04,Oromia,ET,2023,9,0,ETH,ET040297,0.0,0.0
ET040297,Nekemte town,ET0402,East Wellega,ET04,Oromia,ET,2023,12,1,ETH,ET040297,0.5,0.5
ET040297,Nekemte town,ET0402,East Wellega,ET04,Oromia,ET,2024,1,0,ETH,ET040297,0.0,0.0
ET040297,Nekemte town,ET0402,East Wellega,ET04,Oromia,ET,2024,2,0,ETH,ET040297,0.0,0.0
ET040297,Nekemte town,ET0402,East Wellega,ET04,Oromia,ET,2024,8,20,ETH,ET040297,10.0,10.0
ET040297,Nekemte town,ET0402,East Wellega,ET04,Oromia,ET,2024,9,0,ETH,ET040297,0.0,0.0
ET040297,Nekemte town,ET0402,East Wellega,ET04,Oromia,ET,2024,11,0,ETH,ET040297,0.0,0.0
ET040297,Nekemte town,ET0402,East Wellega,ET04,Oromia,ET,2025,4,0,ETH,ET040297,0.0,0.0
ET040297,Nekemte town,ET0402,East Wellega,ET04,Oromia,ET,2025,5,1,ETH,ET040297,0.5,0.5
ET040297,Nekemte town,ET0402,East Wellega,ET04,Oromia,ET,2025,6,1,ETH,ET040297,0.5,0.5
ET040297,Nekemte town,ET0402,East Wellega,ET04,Oromia,ET,2025,9,0,ETH,ET040297,0.0,0.0
ET040301,Darimu,ET0403,Ilu Aba Bora,ET04,Oromia,ET,2022,8,53,ETH,ET040301,26.5,26.5
ET040301,Darimu,ET0403,Ilu Aba Bora,ET04,Oromia,ET,2022,12,3,ETH,ET040301,1.5,1.5
ET040301,Darimu,ET0403,Ilu Aba Bora,ET04,Oromia,ET,2024,11,10,ETH,ET040301,5.0,5.0
ET040301,Darimu,ET0403,Ilu Aba Bora,ET04,Oromia,ET,2025,5,7,ETH,ET040301,3.5,3.5
ET040302,Alge Sachi,ET0403,Ilu Aba Bora,ET04,Oromia,ET,2014,4,5,ETH,ET040302,2.5,2.5
ET040302,Alge Sachi,ET0403,Ilu Aba Bora,ET04,Oromia,ET,2014,5,0,ETH,ET040302,0.0,0.0
ET040302,Alge Sachi,ET0403,Ilu Aba Bora,ET04,Oromia,ET,2015,12,0,ETH,ET040302,0.0,0.0
ET040302,Alge Sachi,ET0403,Ilu Aba Bora,ET04,Oromia,ET,2016,9,0,ETH,ET040302,0.0,0.0
ET040302,Alge Sachi,ET0403,Ilu Aba Bora,ET04,Oromia,ET,2018,7,4,ETH,ET040302,2.0,2.0
ET040302,Alge Sachi,ET0403,Ilu Aba Bora,ET04,Oromia,ET,2020,2,1,ETH,ET040302,0.5,0.5
ET040309,Yayu,ET0403,Ilu Aba Bora,ET04,Oromia,ET,2017,12,0,ETH,ET040309,0.0,0.0
ET040311,Ale,ET0403,Ilu Aba Bora,ET04,Oromia,ET,2013,7,3,ETH,ET040311,1.5,1.5
ET040312,Bure (OR),ET0403,Ilu Aba Bora,ET04,Oromia,ET,2002,4,16,ETH,ET040312,8.0,8.0
ET040312,Bure (OR),ET0403,Ilu Aba Bora,ET04,Oromia,ET,2014,5,0,ETH,ET040312,0.0,0.0
ET040312,Bure (OR),ET0403,Ilu Aba Bora,ET04,Oromia,ET,2015,12,0,ETH,ET040312,0.0,0.0
ET040312,Bure (OR),ET0403,Ilu Aba Bora,ET04,Oromia,ET,2016,3,0,ETH,ET040312,0.0,0.0
ET040315,Bilo Nopha,ET0403,Ilu Aba Bora,ET04,Oromia,ET,2025,7,4,ETH,ET040315,2.0,2.0
ET040320,Metu town,ET0403,Ilu Aba Bora,ET04,Oromia,ET,2014,4,0,ETH,ET040320,0.0,0.0
ET040320,Metu town,ET0403,Ilu Aba Bora,ET04,Oromia,ET,2015,12,0,ETH,ET040320,0.0,0.0
ET040320,Metu town,ET0403,Ilu Aba Bora,ET04,Oromia,ET,2016,1,0,ETH,ET040320,0.0,0.0
ET040320,Metu town,ET0403,Ilu Aba Bora,ET04,Oromia,ET,2016,3,0,ETH,ET040320,0.0,0.0
ET040320,Metu town,ET0403,Ilu Aba Bora,ET04,Oromia,ET,2017,10,0,ETH,ET040320,0.0,0.0
ET040320,Metu town,ET0403,Ilu Aba Bora,ET04,Oromia,ET,2017,11,0,ETH,ET040320,0.0,0.0
ET040320,Metu town,ET0403,Ilu Aba Bora,ET04,Oromia,ET,2017,12,0,ETH,ET040320,0.0,0.0
ET040320,Metu town,ET0403,Ilu Aba Bora,ET04,Oromia,ET,2018,1,0,ETH,ET040320,0.0,0.0
ET040320,Metu town,ET0403,Ilu Aba Bora,ET04,Oromia,ET,2018,12,0,ETH,ET040320,0.0,0.0
ET040320,Metu town,ET0403,Ilu Aba Bora,ET04,Oromia,ET,2019,4,0,ETH,ET040320,0.0,0.0
ET040320,Metu town,ET0403,Ilu Aba Bora,ET04,Oromia,ET,2019,11,0,ETH,ET040320,0.0,0.0
ET040320,Metu town,ET0403,Ilu Aba Bora,ET04,Oromia,ET,2019,12,0,ETH,ET040320,0.0,0.0
ET040320,Metu town,ET0403,Ilu Aba Bora,ET04,Oromia,ET,2022,12,0,ETH,ET040320,0.0,0.0
ET040320,Metu town,ET0403,Ilu Aba Bora,ET04,Oromia,ET,2023,6,0,ETH,ET040320,0.0,0.0
ET040320,Metu town,ET0403,Ilu Aba Bora,ET04,Oromia,ET,2024,5,0,ETH,ET040320,0.0,0.0
ET040320,Metu town,ET0403,Ilu Aba Bora,ET04,Oromia,ET,2024,11,0,ETH,ET040320,0.0,0.0
ET040401,Limu Seka,ET0404,Jimma,ET04,Oromia,ET,2021,1,6,ETH,ET040401,3.0,3.0
ET040402,Limu Kosa,ET0404,Jimma,ET04,Oromia,ET,2016,2,0,ETH,ET040402,0.0,0.0
ET040402,Limu Kosa,ET0404,Jimma,ET04,Oromia,ET,2021,4,20,ETH,ET040402,10.0,10.0
ET040402,Limu Kosa,ET0404,Jimma,ET04,Oromia,ET,2021,6,23,ETH,ET040402,11.5,11.5
ET040403,Sekoru,ET0404,Jimma,ET04,Oromia,ET,2023,7,0,ETH,ET040403,0.0,0.0
ET040405,Kersa (Jimma),ET0404,Jimma,ET04,Oromia,ET,2003,1,99,ETH,ET040405,49.5,49.5
ET040405,Kersa (Jimma),ET0404,Jimma,ET04,Oromia,ET,2010,12,14,ETH,ET040405,7.0,7.0
ET040405,Kersa (Jimma),ET0404,Jimma,ET04,Oromia,ET,2016,9,0,ETH,ET040405,0.0,0.0
ET040406,Mena (Jimma),ET0404,Jimma,ET04,Oromia,ET,2006,9,2,ETH,ET040406,1.0,1.0
ET040406,Mena (Jimma),ET0404,Jimma,ET04,Oromia,ET,2024,10,0,ETH,ET040406,0.0,0.0
ET040407,Goma,ET0404,Jimma,ET04,Oromia,ET,1998,10,0,ETH,ET040407,0.0,0.0
ET040407,Goma,ET0404,Jimma,ET04,Oromia,ET,2016,3,0,ETH,ET040407,0.0,0.0
ET040407,Goma,ET0404,Jimma,ET04,Oromia,ET,2016,5,0,ETH,ET040407,0.0,0.0
ET040407,Goma,ET0404,Jimma,ET04,Oromia,ET,2016,8,0,ETH,ET040407,0.0,0.0
ET040407,Goma,ET0404,Jimma,ET04,Oromia,ET,2018,4,0,ETH,ET040407,0.0,0.0
ET040407,Goma,ET0404,Jimma,ET04,Oromia,ET,2018,10,1,ETH,ET040407,0.5,0.5
ET040407,Goma,ET0404,Jimma,ET04,Oromia,ET,2020,7,6,ETH,ET040407,3.0,3.0
ET040407,Goma,ET0404,Jimma,ET04,Oromia,ET,2020,9,2,ETH,ET040407,1.0,1.0
ET040407,Goma,ET0404,Jimma,ET04,Oromia,ET,2023,8,0,ETH,ET040407,0.0,0.0
ET040408,Gera,ET0404,Jimma,ET04,Oromia,ET,2023,7,0,ETH,ET040408,0.0,0.0
ET040408,Gera,ET0404,Jimma,ET04,Oromia,ET,2025,2,6,ETH,ET040408,3.0,3.0
ET040411,Omo Nada,ET0404,Jimma,ET04,Oromia,ET,1998,10,0,ETH,ET040411,0.0,0.0
ET040411,Omo Nada,ET0404,Jimma,ET04,Oromia,ET,2016,3,0,ETH,ET040411,0.0,0.0
ET040411,Omo Nada,ET0404,Jimma,ET04,Oromia,ET,2018,3,2,ETH,ET040411,1.0,1.0
ET040413,Setema,ET0404,Jimma,ET04,Oromia,ET,2023,8,1,ETH,ET040413,0.5,0.5
ET040413,Setema,ET0404,Jimma,ET04,Oromia,ET,2024,9,0,ETH,ET040413,0.0,0.0
ET040413,Setema,ET0404,Jimma,ET04,Oromia,ET,2024,11,0,ETH,ET040413,0.0,0.0
ET040413,Setema,ET0404,Jimma,ET04,Oromia,ET,2024,12,0,ETH,ET040413,0.0,0.0
ET040413,Setema,ET0404,Jimma,ET04,Oromia,ET,2025,3,0,ETH,ET040413,0.0,0.0
ET040414,Shebe Sambo,ET0404,Jimma,ET04,Oromia,ET,2016,8,0,ETH,ET040414,0.0,0.0
ET040414,Shebe Sambo,ET0404,Jimma,ET04,Oromia,ET,2020,4,0,ETH,ET040414,0.0,0.0
ET040415,Chora (Jimma),ET0404,Jimma,ET04,Oromia,ET,2014,10,3,ETH,ET040415,1.5,1.5
ET040415,Chora (Jimma),ET0404,Jimma,ET04,Oromia,ET,2017,8,0,ETH,ET040415,0.0,0.0
ET040415,Chora (Jimma),ET0404,Jimma,ET04,Oromia,ET,2020,4,3,ETH,ET040415,1.5,1.5
ET040415,Chora (Jimma),ET0404,Jimma,ET04,Oromia,ET,2020,5,1,ETH,ET040415,0.5,0.5
ET040417,Agaro town,ET0404,Jimma,ET04,Oromia,ET,2024,11,0,ETH,ET040417,0.0,0.0
ET040417,Agaro town,ET0404,Jimma,ET04,Oromia,ET,2025,5,0,ETH,ET040417,0.0,0.0
ET040418,Jimma town,ET0404,Jimma,ET04,Oromia,ET,2002,9,0,ETH,ET040418,0.0,0.0
ET040418,Jimma town,ET0404,Jimma,ET04,Oromia,ET,2004,3,0,ETH,ET040418,0.0,0.0
ET040418,Jimma town,ET0404,Jimma,ET04,Oromia,ET,2006,1,0,ETH,ET040418,0.0,0.0
ET040418,Jimma town,ET0404,Jimma,ET04,Oromia,ET,2006,4,21,ETH,ET040418,10.5,10.5
ET040418,Jimma town,ET0404,Jimma,ET04,Oromia,ET,2006,10,0,ETH,ET040418,0.0,0.0
ET040418,Jimma town,ET0404,Jimma,ET04,Oromia,ET,2014,4,9,ETH,ET040418,4.5,4.5
ET040418,Jimma town,ET0404,Jimma,ET04,Oromia,ET,2015,12,0,ETH,ET040418,0.0,0.0
ET040418,Jimma town,ET0404,Jimma,ET04,Oromia,ET,2016,1,0,ETH,ET040418,0.0,0.0
ET040418,Jimma town,ET0404,Jimma,ET04,Oromia,ET,2016,2,3,ETH,ET040418,1.5,1.5
ET040418,Jimma town,ET0404,Jimma,ET04,Oromia,ET,2016,3,0,ETH,ET040418,0.0,0.0
ET040418,Jimma town,ET0404,Jimma,ET04,Oromia,ET,2016,4,0,ETH,ET040418,0.0,0.0
ET040418,Jimma town,ET0404,Jimma,ET04,Oromia,ET,2016,7,0,ETH,ET040418,0.0,0.0
ET040418,Jimma town,ET0404,Jimma,ET04,Oromia,ET,2016,8,0,ETH,ET040418,0.0,0.0
ET040418,Jimma town,ET0404,Jimma,ET04,Oromia,ET,2016,9,0,ETH,ET040418,0.0,0.0
ET040418,Jimma town,ET0404,Jimma,ET04,Oromia,ET,2016,10,0,ETH,ET040418,0.0,0.0
ET040418,Jimma town,ET0404,Jimma,ET04,Oromia,ET,2016,11,87,ETH,ET040418,43.5,43.5
ET040418,Jimma town,ET0404,Jimma,ET04,Oromia,ET,2017,1,1,ETH,ET040418,0.5,0.5
ET040418,Jimma town,ET0404,Jimma,ET04,Oromia,ET,2017,7,0,ETH,ET040418,0.0,0.0
ET040418,Jimma town,ET0404,Jimma,ET04,Oromia,ET,2017,8,0,ETH,ET040418,0.0,0.0
ET040418,Jimma town,ET0404,Jimma,ET04,Oromia,ET,2017,10,0,ETH,ET040418,0.0,0.0
ET040418,Jimma town,ET0404,Jimma,ET04,Oromia,ET,2018,2,3,ETH,ET040418,1.5,1.5
ET040418,Jimma town,ET0404,Jimma,ET04,Oromia,ET,2018,3,2,ETH,ET040418,1.0,1.0
ET040418,Jimma town,ET0404,Jimma,ET04,Oromia,ET,2018,6,0,ETH,ET040418,0.0,0.0
ET040418,Jimma town,ET0404,Jimma,ET04,Oromia,ET,2018,11,0,ETH,ET040418,0.0,0.0
ET040418,Jimma town,ET0404,Jimma,ET04,Oromia,ET,2018,12,0,ETH,ET040418,0.0,0.0
ET040418,Jimma town,ET0404,Jimma,ET04,Oromia,ET,2019,3,0,ETH,ET040418,0.0,0.0
ET040418,Jimma town,ET0404,Jimma,ET04,Oromia,ET,2019,5,0,ETH,ET040418,0.0,0.0
ET040418,Jimma town,ET0404,Jimma,ET04,Oromia,ET,2019,10,0,ETH,ET040418,0.0,0.0
ET040418,Jimma town,ET0404,Jimma,ET04,Oromia,ET,2019,12,0,ETH,ET040418,0.0,0.0
ET040418,Jimma town,ET0404,Jimma,ET04,Oromia,ET,2020,2,0,ETH,ET040418,0.0,0.0
ET040418,Jimma town,ET0404,Jimma,ET04,Oromia,ET,2020,6,0,ETH,ET040418,0.0,0.0
ET040418,Jimma town,ET0404,Jimma,ET04,Oromia,ET,2020,11,1,ETH,ET040418,0.5,0.5
ET040418,Jimma town,ET0404,Jimma,ET04,Oromia,ET,2021,2,0,ETH,ET040418,0.0,0.0
ET040418,Jimma town,ET0404,Jimma,ET04,Oromia,ET,2021,4,0,ETH,ET040418,0.0,0.0
ET040418,Jimma town,ET0404,Jimma,ET04,Oromia,ET,2021,11,0,ETH,ET040418,0.0,0.0
ET040418,Jimma town,ET0404,Jimma,ET04,Oromia,ET,2022,4,0,ETH,ET040418,0.0,0.0
ET040418,Jimma town,ET0404,Jimma,ET04,Oromia,ET,2022,10,0,ETH,ET040418,0.0,0.0
ET040418,Jimma town,ET0404,Jimma,ET04,Oromia,ET,2022,12,0,ETH,ET040418,0.0,0.0
ET040418,Jimma town,ET0404,Jimma,ET04,Oromia,ET,2023,2,0,ETH,ET040418,0.0,0.0
ET040418,Jimma town,ET0404,Jimma,ET04,Oromia,ET,2023,6,0,ETH,ET040418,0.0,0.0
ET040418,Jimma town,ET0404,Jimma,ET04,Oromia,ET,2023,7,0,ETH,ET040418,0.0,0.0
ET040418,Jimma town,ET0404,Jimma,ET04,Oromia,ET,2024,3,0,ETH,ET040418,0.0,0.0
ET040418,Jimma town,ET0404,Jimma,ET04,Oromia,ET,2024,11,0,ETH,ET040418,0.0,0.0
ET040418,Jimma town,ET0404,Jimma,ET04,Oromia,ET,2024,12,1,ETH,ET040418,0.5,0.5
ET040418,Jimma town,ET0404,Jimma,ET04,Oromia,ET,2025,2,0,ETH,ET040418,0.0,0.0
ET040418,Jimma town,ET0404,Jimma,ET04,Oromia,ET,2025,5,0,ETH,ET040418,0.0,0.0
ET040499,Nono Benja,ET0404,Jimma,ET04,Oromia,ET,2021,12,8,ETH,ET040499,4.0,4.0
ET040500,Illu Galan,ET0405,West Shewa,ET04,Oromia,ET,2015,12,1,ETH,ET040500,0.5,0.5
ET040500,Illu Galan,ET0405,West Shewa,ET04,Oromia,ET,2016,7,1,ETH,ET040500,0.5,0.5
ET040500,Illu Galan,ET0405,West Shewa,ET04,Oromia,ET,2016,10,0,ETH,ET040500,0.0,0.0
ET040500,Illu Galan,ET0405,West Shewa,ET04,Oromia,ET,2020,1,0,ETH,ET040500,0.0,0.0
ET040500,Illu Galan,ET0405,West Shewa,ET04,Oromia,ET,2022,2,10,ETH,ET040500,5.0,5.0
ET040500,Illu Galan,ET0405,West Shewa,ET04,Oromia,ET,2022,3,7,ETH,ET040500,3.5,3.5
ET040500,Illu Galan,ET0405,West Shewa,ET04,Oromia,ET,2022,5,7,ETH,ET040500,3.5,3.5
ET040500,Illu Galan,ET0405,West Shewa,ET04,Oromia,ET,2023,8,18,ETH,ET040500,9.0,9.0
ET040500,Illu Galan,ET0405,West Shewa,ET04,Oromia,ET,2024,5,0,ETH,ET040500,0.0,0.0
ET040500,Illu Galan,ET0405,West Shewa,ET04,Oromia,ET,2025,6,10,ETH,ET040500,5.0,5.0
ET040500,Illu Galan,ET0405,West Shewa,ET04,Oromia,ET,2025,9,6,ETH,ET040500,3.0,3.0
ET040501,Ginde Beret,ET0405,West Shewa,ET04,Oromia,ET,2015,12,5,ETH,ET040501,2.5,2.5
ET040501,Ginde Beret,ET0405,West Shewa,ET04,Oromia,ET,2016,2,0,ETH,ET040501,0.0,0.0
ET040501,Ginde Beret,ET0405,West Shewa,ET04,Oromia,ET,2016,9,0,ETH,ET040501,0.0,0.0
ET040501,Ginde Beret,ET0405,West Shewa,ET04,Oromia,ET,2016,10,0,ETH,ET040501,0.0,0.0
ET040501,Ginde Beret,ET0405,West Shewa,ET04,Oromia,ET,2018,4,2,ETH,ET040501,1.0,1.0
ET040501,Ginde Beret,ET0405,West Shewa,ET04,Oromia,ET,2020,10,1,ETH,ET040501,0.5,0.5
ET040501,Ginde Beret,ET0405,West Shewa,ET04,Oromia,ET,2021,7,1,ETH,ET040501,0.5,0.5
ET040501,Ginde Beret,ET0405,West Shewa,ET04,Oromia,ET,2022,1,0,ETH,ET040501,0.0,0.0
ET040501,Ginde Beret,ET0405,West Shewa,ET04,Oromia,ET,2022,2,6,ETH,ET040501,3.0,3.0
ET040501,Ginde Beret,ET0405,West Shewa,ET04,Oromia,ET,2022,3,3,ETH,ET040501,1.5,1.5
ET040501,Ginde Beret,ET0405,West Shewa,ET04,Oromia,ET,2022,4,3,ETH,ET040501,1.5,1.5
ET040501,Ginde Beret,ET0405,West Shewa,ET04,Oromia,ET,2022,5,4,ETH,ET040501,2.0,2.0
ET040501,Ginde Beret,ET0405,West Shewa,ET04,Oromia,ET,2022,6,120,ETH,ET040501,60.0,60.0
ET040501,Ginde Beret,ET0405,West Shewa,ET04,Oromia,ET,2023,1,1,ETH,ET040501,0.5,0.5
ET040501,Ginde Beret,ET0405,West Shewa,ET04,Oromia,ET,2023,4,1,ETH,ET040501,0.5,0.5
ET040501,Ginde Beret,ET0405,West Shewa,ET04,Oromia,ET,2024,2,2,ETH,ET040501,1.0,1.0
ET040501,Ginde Beret,ET0405,West Shewa,ET04,Oromia,ET,2024,5,15,ETH,ET040501,7.5,7.5
ET040501,Ginde Beret,ET0405,West Shewa,ET04,Oromia,ET,2024,6,10,ETH,ET040501,5.0,5.0
ET040501,Ginde Beret,ET0405,West Shewa,ET04,Oromia,ET,2024,8,10,ETH,ET040501,5.0,5.0
ET040501,Ginde Beret,ET0405,West Shewa,ET04,Oromia,ET,2025,3,2,ETH,ET040501,1.0,1.0
ET040501,Ginde Beret,ET0405,West Shewa,ET04,Oromia,ET,2025,4,0,ETH,ET040501,0.0,0.0
ET040501,Ginde Beret,ET0405,West Shewa,ET04,Oromia,ET,2025,5,5,ETH,ET040501,2.5,2.5
ET040501,Ginde Beret,ET0405,West Shewa,ET04,Oromia,ET,2025,6,6,ETH,ET040501,3.0,3.0
ET040501,Ginde Beret,ET0405,West Shewa,ET04,Oromia,ET,2025,7,7,ETH,ET040501,3.5,3.5
ET040501,Ginde Beret,ET0405,West Shewa,ET04,Oromia,ET,2025,9,2,ETH,ET040501,1.0,1.0
ET040502,Jeldu,ET0405,West Shewa,ET04,Oromia,ET,2012,6,0,ETH,ET040502,0.0,0.0
ET040502,Jeldu,ET0405,West Shewa,ET04,Oromia,ET,2015,12,2,ETH,ET040502,1.0,1.0
ET040502,Jeldu,ET0405,West Shewa,ET04,Oromia,ET,2016,7,0,ETH,ET040502,0.0,0.0
ET040502,Jeldu,ET0405,West Shewa,ET04,Oromia,ET,2016,9,0,ETH,ET040502,0.0,0.0
ET040502,Jeldu,ET0405,West Shewa,ET04,Oromia,ET,2019,11,2,ETH,ET040502,1.0,1.0
ET040502,Jeldu,ET0405,West Shewa,ET04,Oromia,ET,2022,1,1,ETH,ET040502,0.5,0.5
ET040502,Jeldu,ET0405,West Shewa,ET04,Oromia,ET,2022,2,3,ETH,ET040502,1.5,1.5
ET040502,Jeldu,ET0405,West Shewa,ET04,Oromia,ET,2022,3,6,ETH,ET040502,3.0,3.0
ET040502,Jeldu,ET0405,West Shewa,ET04,Oromia,ET,2022,5,0,ETH,ET040502,0.0,0.0
ET040502,Jeldu,ET0405,West Shewa,ET04,Oromia,ET,2022,6,0,ETH,ET040502,0.0,0.0
ET040502,Jeldu,ET0405,West Shewa,ET04,Oromia,ET,2022,7,0,ETH,ET040502,0.0,0.0
ET040502,Jeldu,ET0405,West Shewa,ET04,Oromia,ET,2022,8,8,ETH,ET040502,4.0,4.0
ET040502,Jeldu,ET0405,West Shewa,ET04,Oromia,ET,2022,10,3,ETH,ET040502,1.5,1.5
ET040502,Jeldu,ET0405,West Shewa,ET04,Oromia,ET,2022,12,0,ETH,ET040502,0.0,0.0
ET040502,Jeldu,ET0405,West Shewa,ET04,Oromia,ET,2023,1,13,ETH,ET040502,6.5,6.5
ET040502,Jeldu,ET0405,West Shewa,ET04,Oromia,ET,2023,2,0,ETH,ET040502,0.0,0.0
ET040502,Jeldu,ET0405,West Shewa,ET04,Oromia,ET,2023,5,5,ETH,ET040502,2.5,2.5
ET040502,Jeldu,ET0405,West Shewa,ET04,Oromia,ET,2023,6,5,ETH,ET040502,2.5,2.5
ET040502,Jeldu,ET0405,West Shewa,ET04,Oromia,ET,2023,8,2,ETH,ET040502,1.0,1.0
ET040502,Jeldu,ET0405,West Shewa,ET04,Oromia,ET,2023,9,1,ETH,ET040502,0.5,0.5
ET040502,Jeldu,ET0405,West Shewa,ET04,Oromia,ET,2023,10,14,ETH,ET040502,7.0,7.0
ET040502,Jeldu,ET0405,West Shewa,ET04,Oromia,ET,2023,11,4,ETH,ET040502,2.0,2.0
ET040502,Jeldu,ET0405,West Shewa,ET04,Oromia,ET,2023,12,1,ETH,ET040502,0.5,0.5
ET040502,Jeldu,ET0405,West Shewa,ET04,Oromia,ET,2024,3,3,ETH,ET040502,1.5,1.5
ET040502,Jeldu,ET0405,West Shewa,ET04,Oromia,ET,2024,5,0,ETH,ET040502,0.0,0.0
ET040502,Jeldu,ET0405,West Shewa,ET04,Oromia,ET,2024,7,10,ETH,ET040502,5.0,5.0
ET040502,Jeldu,ET0405,West Shewa,ET04,Oromia,ET,2024,8,0,ETH,ET040502,0.0,0.0
ET040502,Jeldu,ET0405,West Shewa,ET04,Oromia,ET,2024,9,5,ETH,ET040502,2.5,2.5
ET040502,Jeldu,ET0405,West Shewa,ET04,Oromia,ET,2024,10,22,ETH,ET040502,11.0,11.0
ET040502,Jeldu,ET0405,West Shewa,ET04,Oromia,ET,2025,1,3,ETH,ET040502,1.5,1.5
ET040502,Jeldu,ET0405,West Shewa,ET04,Oromia,ET,2025,5,0,ETH,ET040502,0.0,0.0
ET040503,Ambo Zuria,ET0405,West Shewa,ET04,Oromia,ET,2016,1,1,ETH,ET040503,0.5,0.5
ET040503,Ambo Zuria,ET0405,West Shewa,ET04,Oromia,ET,2022,3,24,ETH,ET040503,12.0,12.0
ET040503,Ambo Zuria,ET0405,West Shewa,ET04,Oromia,ET,2022,4,6,ETH,ET040503,3.0,3.0
ET040503,Ambo Zuria,ET0405,West Shewa,ET04,Oromia,ET,2022,5,8,ETH,ET040503,4.0,4.0
ET040503,Ambo Zuria,ET0405,West Shewa,ET04,Oromia,ET,2022,6,1,ETH,ET040503,0.5,0.5
ET040503,Ambo Zuria,ET0405,West Shewa,ET04,Oromia,ET,2022,7,15,ETH,ET040503,7.5,7.5
ET040503,Ambo Zuria,ET0405,West Shewa,ET04,Oromia,ET,2022,8,3,ETH,ET040503,1.5,1.5
ET040503,Ambo Zuria,ET0405,West Shewa,ET04,Oromia,ET,2022,9,4,ETH,ET040503,2.0,2.0
ET040503,Ambo Zuria,ET0405,West Shewa,ET04,Oromia,ET,2022,11,3,ETH,ET040503,1.5,1.5
ET040503,Ambo Zuria,ET0405,West Shewa,ET04,Oromia,ET,2022,12,0,ETH,ET040503,0.0,0.0
ET040503,Ambo Zuria,ET0405,West Shewa,ET04,Oromia,ET,2023,1,0,ETH,ET040503,0.0,0.0
ET040503,Ambo Zuria,ET0405,West Shewa,ET04,Oromia,ET,2023,3,1,ETH,ET040503,0.5,0.5
ET040503,Ambo Zuria,ET0405,West Shewa,ET04,Oromia,ET,2023,5,6,ETH,ET040503,3.0,3.0
ET040503,Ambo Zuria,ET0405,West Shewa,ET04,Oromia,ET,2023,6,4,ETH,ET040503,2.0,2.0
ET040503,Ambo Zuria,ET0405,West Shewa,ET04,Oromia,ET,2023,8,2,ETH,ET040503,1.0,1.0
ET040503,Ambo Zuria,ET0405,West Shewa,ET04,Oromia,ET,2023,9,1,ETH,ET040503,0.5,0.5
ET040503,Ambo Zuria,ET0405,West Shewa,ET04,Oromia,ET,2023,11,0,ETH,ET040503,0.0,0.0
ET040503,Ambo Zuria,ET0405,West Shewa,ET04,Oromia,ET,2024,1,9,ETH,ET040503,4.5,4.5
ET040503,Ambo Zuria,ET0405,West Shewa,ET04,Oromia,ET,2024,3,1,ETH,ET040503,0.5,0.5
ET040503,Ambo Zuria,ET0405,West Shewa,ET04,Oromia,ET,2025,1,0,ETH,ET040503,0.0,0.0
ET040504,Mida Kegn,ET0405,West Shewa,ET04,Oromia,ET,2021,11,3,ETH,ET040504,1.5,1.5
ET040504,Mida Kegn,ET0405,West Shewa,ET04,Oromia,ET,2021,12,0,ETH,ET040504,0.0,0.0
ET040504,Mida Kegn,ET0405,West Shewa,ET04,Oromia,ET,2022,3,1,ETH,ET040504,0.5,0.5
ET040504,Mida Kegn,ET0405,West Shewa,ET04,Oromia,ET,2022,4,2,ETH,ET040504,1.0,1.0
ET040504,Mida Kegn,ET0405,West Shewa,ET04,Oromia,ET,2022,5,1,ETH,ET040504,0.5,0.5
ET040504,Mida Kegn,ET0405,West Shewa,ET04,Oromia,ET,2022,6,5,ETH,ET040504,2.5,2.5
ET040504,Mida Kegn,ET0405,West Shewa,ET04,Oromia,ET,2022,7,9,ETH,ET040504,4.5,4.5
ET040504,Mida Kegn,ET0405,West Shewa,ET04,Oromia,ET,2022,8,3,ETH,ET040504,1.5,1.5
ET040504,Mida Kegn,ET0405,West Shewa,ET04,Oromia,ET,2022,9,0,ETH,ET040504,0.0,0.0
ET040504,Mida Kegn,ET0405,West Shewa,ET04,Oromia,ET,2022,10,0,ETH,ET040504,0.0,0.0
ET040504,Mida Kegn,ET0405,West Shewa,ET04,Oromia,ET,2023,2,3,ETH,ET040504,1.5,1.5
ET040504,Mida Kegn,ET0405,West Shewa,ET04,Oromia,ET,2023,5,6,ETH,ET040504,3.0,3.0
ET040504,Mida Kegn,ET0405,West Shewa,ET04,Oromia,ET,2023,8,21,ETH,ET040504,10.5,10.5
ET040504,Mida Kegn,ET0405,West Shewa,ET04,Oromia,ET,2024,1,4,ETH,ET040504,2.0,2.0
ET040504,Mida Kegn,ET0405,West Shewa,ET04,Oromia,ET,2024,5,1,ETH,ET040504,0.5,0.5
ET040504,Mida Kegn,ET0405,West Shewa,ET04,Oromia,ET,2024,6,0,ETH,ET040504,0.0,0.0
ET040504,Mida Kegn,ET0405,West Shewa,ET04,Oromia,ET,2024,7,0,ETH,ET040504,0.0,0.0
ET040504,Mida Kegn,ET0405,West Shewa,ET04,Oromia,ET,2024,8,75,ETH,ET040504,37.5,37.5
ET040504,Mida Kegn,ET0405,West Shewa,ET04,Oromia,ET,2024,9,6,ETH,ET040504,3.0,3.0
ET040504,Mida Kegn,ET0405,West Shewa,ET04,Oromia,ET,2025,7,0,ETH,ET040504,0.0,0.0
ET040504,Mida Kegn,ET0405,West Shewa,ET04,Oromia,ET,2025,8,4,ETH,ET040504,2.0,2.0
ET040505,Cheliya,ET0405,West Shewa,ET04,Oromia,ET,2014,4,0,ETH,ET040505,0.0,0.0
ET040505,Cheliya,ET0405,West Shewa,ET04,Oromia,ET,2015,12,2,ETH,ET040505,1.0,1.0
ET040505,Cheliya,ET0405,West Shewa,ET04,Oromia,ET,2016,9,0,ETH,ET040505,0.0,0.0
ET040505,Cheliya,ET0405,West Shewa,ET04,Oromia,ET,2020,5,1,ETH,ET040505,0.5,0.5
ET040505,Cheliya,ET0405,West Shewa,ET04,Oromia,ET,2021,1,0,ETH,ET040505,0.0,0.0
ET040505,Cheliya,ET0405,West Shewa,ET04,Oromia,ET,2021,5,1,ETH,ET040505,0.5,0.5
ET040505,Cheliya,ET0405,West Shewa,ET04,Oromia,ET,2024,4,5,ETH,ET040505,2.5,2.5
ET040505,Cheliya,ET0405,West Shewa,ET04,Oromia,ET,2024,7,0,ETH,ET040505,0.0,0.0
ET040505,Cheliya,ET0405,West Shewa,ET04,Oromia,ET,2024,8,3,ETH,ET040505,1.5,1.5
ET040505,Cheliya,ET0405,West Shewa,ET04,Oromia,ET,2025,7,2,ETH,ET040505,1.0,1.0
ET040505,Cheliya,ET0405,West Shewa,ET04,Oromia,ET,2025,8,2,ETH,ET040505,1.0,1.0
ET040505,Cheliya,ET0405,West Shewa,ET04,Oromia,ET,2025,9,1,ETH,ET040505,0.5,0.5
ET040506,Bako Tibe,ET0405,West Shewa,ET04,Oromia,ET,2015,12,2,ETH,ET040506,1.0,1.0
ET040506,Bako Tibe,ET0405,West Shewa,ET04,Oromia,ET,2016,1,0,ETH,ET040506,0.0,0.0
ET040506,Bako Tibe,ET0405,West Shewa,ET04,Oromia,ET,2016,2,2,ETH,ET040506,1.0,1.0
ET040506,Bako Tibe,ET0405,West Shewa,ET04,Oromia,ET,2016,8,1,ETH,ET040506,0.5,0.5
ET040506,Bako Tibe,ET0405,West Shewa,ET04,Oromia,ET,2016,9,0,ETH,ET040506,0.0,0.0
ET040506,Bako Tibe,ET0405,West Shewa,ET04,Oromia,ET,2018,1,0,ETH,ET040506,0.0,0.0
ET040506,Bako Tibe,ET0405,West Shewa,ET04,Oromia,ET,2018,12,0,ETH,ET040506,0.0,0.0
ET040506,Bako Tibe,ET0405,West Shewa,ET04,Oromia,ET,2020,8,1,ETH,ET040506,0.5,0.5
ET040506,Bako Tibe,ET0405,West Shewa,ET04,Oromia,ET,2021,12,0,ETH,ET040506,0.0,0.0
ET040506,Bako Tibe,ET0405,West Shewa,ET04,Oromia,ET,2022,1,0,ETH,ET040506,0.0,0.0
ET040506,Bako Tibe,ET0405,West Shewa,ET04,Oromia,ET,2022,6,3,ETH,ET040506,1.5,1.5
ET040506,Bako Tibe,ET0405,West Shewa,ET04,Oromia,ET,2022,10,1,ETH,ET040506,0.5,0.5
ET040506,Bako Tibe,ET0405,West Shewa,ET04,Oromia,ET,2023,2,3,ETH,ET040506,1.5,1.5
ET040506,Bako Tibe,ET0405,West Shewa,ET04,Oromia,ET,2024,4,3,ETH,ET040506,1.5,1.5
ET040506,Bako Tibe,ET0405,West Shewa,ET04,Oromia,ET,2024,6,0,ETH,ET040506,0.0,0.0
ET040506,Bako Tibe,ET0405,West Shewa,ET04,Oromia,ET,2024,7,3,ETH,ET040506,1.5,1.5
ET040506,Bako Tibe,ET0405,West Shewa,ET04,Oromia,ET,2025,3,0,ETH,ET040506,0.0,0.0
ET040507,Dano,ET0405,West Shewa,ET04,Oromia,ET,2014,5,0,ETH,ET040507,0.0,0.0
ET040507,Dano,ET0405,West Shewa,ET04,Oromia,ET,2015,12,0,ETH,ET040507,0.0,0.0
ET040507,Dano,ET0405,West Shewa,ET04,Oromia,ET,2021,6,3,ETH,ET040507,1.5,1.5
ET040507,Dano,ET0405,West Shewa,ET04,Oromia,ET,2021,7,2,ETH,ET040507,1.0,1.0
ET040507,Dano,ET0405,West Shewa,ET04,Oromia,ET,2021,8,1,ETH,ET040507,0.5,0.5
ET040507,Dano,ET0405,West Shewa,ET04,Oromia,ET,2021,9,1,ETH,ET040507,0.5,0.5
ET040507,Dano,ET0405,West Shewa,ET04,Oromia,ET,2021,11,3,ETH,ET040507,1.5,1.5
ET040507,Dano,ET0405,West Shewa,ET04,Oromia,ET,2022,1,8,ETH,ET040507,4.0,4.0
ET040507,Dano,ET0405,West Shewa,ET04,Oromia,ET,2022,2,13,ETH,ET040507,6.5,6.5
ET040507,Dano,ET0405,West Shewa,ET04,Oromia,ET,2022,4,0,ETH,ET040507,0.0,0.0
ET040507,Dano,ET0405,West Shewa,ET04,Oromia,ET,2022,8,3,ETH,ET040507,1.5,1.5
ET040507,Dano,ET0405,West Shewa,ET04,Oromia,ET,2022,11,10,ETH,ET040507,5.0,5.0
ET040507,Dano,ET0405,West Shewa,ET04,Oromia,ET,2022,12,1,ETH,ET040507,0.5,0.5
ET040507,Dano,ET0405,West Shewa,ET04,Oromia,ET,2023,1,6,ETH,ET040507,3.0,3.0
ET040507,Dano,ET0405,West Shewa,ET04,Oromia,ET,2023,3,3,ETH,ET040507,1.5,1.5
ET040507,Dano,ET0405,West Shewa,ET04,Oromia,ET,2024,5,10,ETH,ET040507,5.0,5.0
ET040507,Dano,ET0405,West Shewa,ET04,Oromia,ET,2024,10,3,ETH,ET040507,1.5,1.5
ET040507,Dano,ET0405,West Shewa,ET04,Oromia,ET,2024,11,0,ETH,ET040507,0.0,0.0
ET040507,Dano,ET0405,West Shewa,ET04,Oromia,ET,2024,12,0,ETH,ET040507,0.0,0.0
ET040508,Nono,ET0405,West Shewa,ET04,Oromia,ET,2021,12,23,ETH,ET040508,11.5,11.5
ET040508,Nono,ET0405,West Shewa,ET04,Oromia,ET,2022,1,23,ETH,ET040508,11.5,11.5
ET040508,Nono,ET0405,West Shewa,ET04,Oromia,ET,2022,4,7,ETH,ET040508,3.5,3.5
ET040508,Nono,ET0405,West Shewa,ET04,Oromia,ET,2022,8,1,ETH,ET040508,0.5,0.5
ET040508,Nono,ET0405,West Shewa,ET04,Oromia,ET,2023,10,3,ETH,ET040508,1.5,1.5
ET040508,Nono,ET0405,West Shewa,ET04,Oromia,ET,2024,3,2,ETH,ET040508,1.0,1.0
ET040508,Nono,ET0405,West Shewa,ET04,Oromia,ET,2024,4,11,ETH,ET040508,5.5,5.5
ET040508,Nono,ET0405,West Shewa,ET04,Oromia,ET,2024,5,12,ETH,ET040508,6.0,6.0
ET040508,Nono,ET0405,West Shewa,ET04,Oromia,ET,2024,6,30,ETH,ET040508,15.0,15.0
ET040508,Nono,ET0405,West Shewa,ET04,Oromia,ET,2024,7,0,ETH,ET040508,0.0,0.0
ET040508,Nono,ET0405,West Shewa,ET04,Oromia,ET,2024,11,2,ETH,ET040508,1.0,1.0
ET040508,Nono,ET0405,West Shewa,ET04,Oromia,ET,2025,7,24,ETH,ET040508,12.0,12.0
ET040509,Tikur Enchini,ET0405,West Shewa,ET04,Oromia,ET,2014,4,0,ETH,ET040509,0.0,0.0
ET040509,Tikur Enchini,ET0405,West Shewa,ET04,Oromia,ET,2014,5,0,ETH,ET040509,0.0,0.0
ET040509,Tikur Enchini,ET0405,West Shewa,ET04,Oromia,ET,2015,12,2,ETH,ET040509,1.0,1.0
ET040509,Tikur Enchini,ET0405,West Shewa,ET04,Oromia,ET,2016,9,0,ETH,ET040509,0.0,0.0
ET040509,Tikur Enchini,ET0405,West Shewa,ET04,Oromia,ET,2016,10,0,ETH,ET040509,0.0,0.0
ET040509,Tikur Enchini,ET0405,West Shewa,ET04,Oromia,ET,2022,1,3,ETH,ET040509,1.5,1.5
ET040509,Tikur Enchini,ET0405,West Shewa,ET04,Oromia,ET,2022,6,14,ETH,ET040509,7.0,7.0
ET040509,Tikur Enchini,ET0405,West Shewa,ET04,Oromia,ET,2022,7,0,ETH,ET040509,0.0,0.0
ET040509,Tikur Enchini,ET0405,West Shewa,ET04,Oromia,ET,2022,11,3,ETH,ET040509,1.5,1.5
ET040509,Tikur Enchini,ET0405,West Shewa,ET04,Oromia,ET,2023,11,3,ETH,ET040509,1.5,1.5
ET040509,Tikur Enchini,ET0405,West Shewa,ET04,Oromia,ET,2023,12,1,ETH,ET040509,0.5,0.5
ET040509,Tikur Enchini,ET0405,West Shewa,ET04,Oromia,ET,2024,10,3,ETH,ET040509,1.5,1.5
ET040509,Tikur Enchini,ET0405,West Shewa,ET04,Oromia,ET,2025,3,0,ETH,ET040509,0.0,0.0
ET040509,Tikur Enchini,ET0405,West Shewa,ET04,Oromia,ET,2025,7,3,ETH,ET040509,1.5,1.5
ET040509,Tikur Enchini,ET0405,West Shewa,ET04,Oromia,ET,2025,8,3,ETH,ET040509,1.5,1.5
ET040510,Dendi,ET0405,West Shewa,ET04,Oromia,ET,2000,3,0,ETH,ET040510,0.0,0.0
ET040510,Dendi,ET0405,West Shewa,ET04,Oromia,ET,2003,8,3,ETH,ET040510,1.5,1.5
ET040510,Dendi,ET0405,West Shewa,ET04,Oromia,ET,2006,3,1,ETH,ET040510,0.5,0.5
ET040510,Dendi,ET0405,West Shewa,ET04,Oromia,ET,2014,5,0,ETH,ET040510,0.0,0.0
ET040510,Dendi,ET0405,West Shewa,ET04,Oromia,ET,2015,11,0,ETH,ET040510,0.0,0.0
ET040510,Dendi,ET0405,West Shewa,ET04,Oromia,ET,2015,12,9,ETH,ET040510,4.5,4.5
ET040510,Dendi,ET0405,West Shewa,ET04,Oromia,ET,2016,1,1,ETH,ET040510,0.5,0.5
ET040510,Dendi,ET0405,West Shewa,ET04,Oromia,ET,2016,5,1,ETH,ET040510,0.5,0.5
ET040510,Dendi,ET0405,West Shewa,ET04,Oromia,ET,2016,7,1,ETH,ET040510,0.5,0.5
ET040510,Dendi,ET0405,West Shewa,ET04,Oromia,ET,2016,8,0,ETH,ET040510,0.0,0.0
ET040510,Dendi,ET0405,West Shewa,ET04,Oromia,ET,2016,9,0,ETH,ET040510,0.0,0.0
ET040510,Dendi,ET0405,West Shewa,ET04,Oromia,ET,2017,5,0,ETH,ET040510,0.0,0.0
ET040510,Dendi,ET0405,West Shewa,ET04,Oromia,ET,2017,8,0,ETH,ET040510,0.0,0.0
ET040510,Dendi,ET0405,West Shewa,ET04,Oromia,ET,2017,10,2,ETH,ET040510,1.0,1.0
ET040510,Dendi,ET0405,West Shewa,ET04,Oromia,ET,2018,3,4,ETH,ET040510,2.0,2.0
ET040510,Dendi,ET0405,West Shewa,ET04,Oromia,ET,2018,5,0,ETH,ET040510,0.0,0.0
ET040510,Dendi,ET0405,West Shewa,ET04,Oromia,ET,2019,11,0,ETH,ET040510,0.0,0.0
ET040510,Dendi,ET0405,West Shewa,ET04,Oromia,ET,2020,2,0,ETH,ET040510,0.0,0.0
ET040510,Dendi,ET0405,West Shewa,ET04,Oromia,ET,2022,3,0,ETH,ET040510,0.0,0.0
ET040510,Dendi,ET0405,West Shewa,ET04,Oromia,ET,2022,8,3,ETH,ET040510,1.5,1.5
ET040510,Dendi,ET0405,West Shewa,ET04,Oromia,ET,2022,11,0,ETH,ET040510,0.0,0.0
ET040510,Dendi,ET0405,West Shewa,ET04,Oromia,ET,2022,12,0,ETH,ET040510,0.0,0.0
ET040510,Dendi,ET0405,West Shewa,ET04,Oromia,ET,2023,10,0,ETH,ET040510,0.0,0.0
ET040510,Dendi,ET0405,West Shewa,ET04,Oromia,ET,2023,12,1,ETH,ET040510,0.5,0.5
ET040510,Dendi,ET0405,West Shewa,ET04,Oromia,ET,2024,6,7,ETH,ET040510,3.5,3.5
ET040510,Dendi,ET0405,West Shewa,ET04,Oromia,ET,2024,11,0,ETH,ET040510,0.0,0.0
ET040510,Dendi,ET0405,West Shewa,ET04,Oromia,ET,2025,8,4,ETH,ET040510,2.0,2.0
ET040511,Ejere /Addis Alem,ET0405,West Shewa,ET04,Oromia,ET,2013,5,1,ETH,ET040511,0.5,0.5
ET040511,Ejere /Addis Alem,ET0405,West Shewa,ET04,Oromia,ET,2014,4,6,ETH,ET040511,3.0,3.0
ET040511,Ejere /Addis Alem,ET0405,West Shewa,ET04,Oromia,ET,2014,5,0,ETH,ET040511,0.0,0.0
ET040511,Ejere /Addis Alem,ET0405,West Shewa,ET04,Oromia,ET,2015,12,0,ETH,ET040511,0.0,0.0
ET040511,Ejere /Addis Alem,ET0405,West Shewa,ET04,Oromia,ET,2016,2,2,ETH,ET040511,1.0,1.0
ET040511,Ejere /Addis Alem,ET0405,West Shewa,ET04,Oromia,ET,2016,3,0,ETH,ET040511,0.0,0.0
ET040511,Ejere /Addis Alem,ET0405,West Shewa,ET04,Oromia,ET,2016,8,0,ETH,ET040511,0.0,0.0
ET040511,Ejere /Addis Alem,ET0405,West Shewa,ET04,Oromia,ET,2016,9,0,ETH,ET040511,0.0,0.0
ET040511,Ejere /Addis Alem,ET0405,West Shewa,ET04,Oromia,ET,2016,12,0,ETH,ET040511,0.0,0.0
ET040511,Ejere /Addis Alem,ET0405,West Shewa,ET04,Oromia,ET,2017,10,0,ETH,ET040511,0.0,0.0
ET040511,Ejere /Addis Alem,ET0405,West Shewa,ET04,Oromia,ET,2018,2,0,ETH,ET040511,0.0,0.0
ET040511,Ejere /Addis Alem,ET0405,West Shewa,ET04,Oromia,ET,2018,3,2,ETH,ET040511,1.0,1.0
ET040511,Ejere /Addis Alem,ET0405,West Shewa,ET04,Oromia,ET,2018,8,0,ETH,ET040511,0.0,0.0
ET040511,Ejere /Addis Alem,ET0405,West Shewa,ET04,Oromia,ET,2018,12,0,ETH,ET040511,0.0,0.0
ET040511,Ejere /Addis Alem,ET0405,West Shewa,ET04,Oromia,ET,2019,11,0,ETH,ET040511,0.0,0.0
ET040511,Ejere /Addis Alem,ET0405,West Shewa,ET04,Oromia,ET,2021,9,1,ETH,ET040511,0.5,0.5
ET040511,Ejere /Addis Alem,ET0405,West Shewa,ET04,Oromia,ET,2022,3,2,ETH,ET040511,1.0,1.0
ET040511,Ejere /Addis Alem,ET0405,West Shewa,ET04,Oromia,ET,2022,9,1,ETH,ET040511,0.5,0.5
ET040511,Ejere /Addis Alem,ET0405,West Shewa,ET04,Oromia,ET,2023,2,0,ETH,ET040511,0.0,0.0
ET040511,Ejere /Addis Alem,ET0405,West Shewa,ET04,Oromia,ET,2023,6,1,ETH,ET040511,0.5,0.5
ET040513,Adda Berga,ET0405,West Shewa,ET04,Oromia,ET,2000,6,5,ETH,ET040513,2.5,2.5
ET040513,Adda Berga,ET0405,West Shewa,ET04,Oromia,ET,2002,11,32,ETH,ET040513,16.0,16.0
ET040513,Adda Berga,ET0405,West Shewa,ET04,Oromia,ET,2013,4,3,ETH,ET040513,1.5,1.5
ET040513,Adda Berga,ET0405,West Shewa,ET04,Oromia,ET,2014,9,0,ETH,ET040513,0.0,0.0
ET040513,Adda Berga,ET0405,West Shewa,ET04,Oromia,ET,2015,12,4,ETH,ET040513,2.0,2.0
ET040513,Adda Berga,ET0405,West Shewa,ET04,Oromia,ET,2016,1,1,ETH,ET040513,0.5,0.5
ET040513,Adda Berga,ET0405,West Shewa,ET04,Oromia,ET,2016,7,0,ETH,ET040513,0.0,0.0
ET040513,Adda Berga,ET0405,West Shewa,ET04,Oromia,ET,2016,8,0,ETH,ET040513,0.0,0.0
ET040513,Adda Berga,ET0405,West Shewa,ET04,Oromia,ET,2018,5,3,ETH,ET040513,1.5,1.5
ET040513,Adda Berga,ET0405,West Shewa,ET04,Oromia,ET,2021,10,0,ETH,ET040513,0.0,0.0
ET040513,Adda Berga,ET0405,West Shewa,ET04,Oromia,ET,2021,11,3,ETH,ET040513,1.5,1.5
ET040513,Adda Berga,ET0405,West Shewa,ET04,Oromia,ET,2022,1,9,ETH,ET040513,4.5,4.5
ET040513,Adda Berga,ET0405,West Shewa,ET04,Oromia,ET,2022,2,3,ETH,ET040513,1.5,1.5
ET040513,Adda Berga,ET0405,West Shewa,ET04,Oromia,ET,2022,4,31,ETH,ET040513,15.5,15.5
ET040513,Adda Berga,ET0405,West Shewa,ET04,Oromia,ET,2022,8,10,ETH,ET040513,5.0,5.0
ET040513,Adda Berga,ET0405,West Shewa,ET04,Oromia,ET,2022,9,0,ETH,ET040513,0.0,0.0
ET040513,Adda Berga,ET0405,West Shewa,ET04,Oromia,ET,2022,10,2,ETH,ET040513,1.0,1.0
ET040513,Adda Berga,ET0405,West Shewa,ET04,Oromia,ET,2022,11,0,ETH,ET040513,0.0,0.0
ET040513,Adda Berga,ET0405,West Shewa,ET04,Oromia,ET,2022,12,0,ETH,ET040513,0.0,0.0
ET040513,Adda Berga,ET0405,West Shewa,ET04,Oromia,ET,2023,1,0,ETH,ET040513,0.0,0.0
ET040513,Adda Berga,ET0405,West Shewa,ET04,Oromia,ET,2023,6,3,ETH,ET040513,1.5,1.5
ET040513,Adda Berga,ET0405,West Shewa,ET04,Oromia,ET,2023,8,0,ETH,ET040513,0.0,0.0
ET040513,Adda Berga,ET0405,West Shewa,ET04,Oromia,ET,2023,10,6,ETH,ET040513,3.0,3.0
ET040513,Adda Berga,ET0405,West Shewa,ET04,Oromia,ET,2023,12,7,ETH,ET040513,3.5,3.5
ET040513,Adda Berga,ET0405,West Shewa,ET04,Oromia,ET,2024,3,10,ETH,ET040513,5.0,5.0
ET040513,Adda Berga,ET0405,West Shewa,ET04,Oromia,ET,2024,5,0,ETH,ET040513,0.0,0.0
ET040513,Adda Berga,ET0405,West Shewa,ET04,Oromia,ET,2024,9,0,ETH,ET040513,0.0,0.0
ET040513,Adda Berga,ET0405,West Shewa,ET04,Oromia,ET,2024,12,3,ETH,ET040513,1.5,1.5
ET040514,Meta Robi,ET0405,West Shewa,ET04,Oromia,ET,2001,3,9,ETH,ET040514,4.5,4.5
ET040514,Meta Robi,ET0405,West Shewa,ET04,Oromia,ET,2010,7,0,ETH,ET040514,0.0,0.0
ET040514,Meta Robi,ET0405,West Shewa,ET04,Oromia,ET,2015,12,0,ETH,ET040514,0.0,0.0
ET040514,Meta Robi,ET0405,West Shewa,ET04,Oromia,ET,2016,10,0,ETH,ET040514,0.0,0.0
ET040514,Meta Robi,ET0405,West Shewa,ET04,Oromia,ET,2019,7,0,ETH,ET040514,0.0,0.0
ET040514,Meta Robi,ET0405,West Shewa,ET04,Oromia,ET,2019,11,5,ETH,ET040514,2.5,2.5
ET040514,Meta Robi,ET0405,West Shewa,ET04,Oromia,ET,2022,7,2,ETH,ET040514,1.0,1.0
ET040514,Meta Robi,ET0405,West Shewa,ET04,Oromia,ET,2023,1,0,ETH,ET040514,0.0,0.0
ET040514,Meta Robi,ET0405,West Shewa,ET04,Oromia,ET,2023,6,5,ETH,ET040514,2.5,2.5
ET040514,Meta Robi,ET0405,West Shewa,ET04,Oromia,ET,2023,8,5,ETH,ET040514,2.5,2.5
ET040514,Meta Robi,ET0405,West Shewa,ET04,Oromia,ET,2023,10,5,ETH,ET040514,2.5,2.5
ET040514,Meta Robi,ET0405,West Shewa,ET04,Oromia,ET,2024,6,6,ETH,ET040514,3.0,3.0
ET040514,Meta Robi,ET0405,West Shewa,ET04,Oromia,ET,2024,9,0,ETH,ET040514,0.0,0.0
ET040514,Meta Robi,ET0405,West Shewa,ET04,Oromia,ET,2024,11,0,ETH,ET040514,0.0,0.0
ET040514,Meta Robi,ET0405,West Shewa,ET04,Oromia,ET,2025,1,5,ETH,ET040514,2.5,2.5
ET040514,Meta Robi,ET0405,West Shewa,ET04,Oromia,ET,2025,3,0,ETH,ET040514,0.0,0.0
ET040514,Meta Robi,ET0405,West Shewa,ET04,Oromia,ET,2025,4,2,ETH,ET040514,1.0,1.0
ET040514,Meta Robi,ET0405,West Shewa,ET04,Oromia,ET,2025,5,0,ETH,ET040514,0.0,0.0
ET040515,Ambo town,ET0405,West Shewa,ET04,Oromia,ET,1998,2,1,ETH,ET040515,0.5,0.5
ET040515,Ambo town,ET0405,West Shewa,ET04,Oromia,ET,1999,3,0,ETH,ET040515,0.0,0.0
ET040515,Ambo town,ET0405,West Shewa,ET04,Oromia,ET,2000,3,1,ETH,ET040515,0.5,0.5
ET040515,Ambo town,ET0405,West Shewa,ET04,Oromia,ET,2002,3,0,ETH,ET040515,0.0,0.0
ET040515,Ambo town,ET0405,West Shewa,ET04,Oromia,ET,2002,4,1,ETH,ET040515,0.5,0.5
ET040515,Ambo town,ET0405,West Shewa,ET04,Oromia,ET,2004,3,0,ETH,ET040515,0.0,0.0
ET040515,Ambo town,ET0405,West Shewa,ET04,Oromia,ET,2004,4,0,ETH,ET040515,0.0,0.0
ET040515,Ambo town,ET0405,West Shewa,ET04,Oromia,ET,2005,11,2,ETH,ET040515,1.0,1.0
ET040515,Ambo town,ET0405,West Shewa,ET04,Oromia,ET,2006,1,0,ETH,ET040515,0.0,0.0
ET040515,Ambo town,ET0405,West Shewa,ET04,Oromia,ET,2006,3,0,ETH,ET040515,0.0,0.0
ET040515,Ambo town,ET0405,West Shewa,ET04,Oromia,ET,2014,4,19,ETH,ET040515,9.5,9.5
ET040515,Ambo town,ET0405,West Shewa,ET04,Oromia,ET,2014,6,0,ETH,ET040515,0.0,0.0
ET040515,Ambo town,ET0405,West Shewa,ET04,Oromia,ET,2015,6,1,ETH,ET040515,0.5,0.5
ET040515,Ambo town,ET0405,West Shewa,ET04,Oromia,ET,2015,11,0,ETH,ET040515,0.0,0.0
ET040515,Ambo town,ET0405,West Shewa,ET04,Oromia,ET,2015,12,7,ETH,ET040515,3.5,3.5
ET040515,Ambo town,ET0405,West Shewa,ET04,Oromia,ET,2016,1,10,ETH,ET040515,5.0,5.0
ET040515,Ambo town,ET0405,West Shewa,ET04,Oromia,ET,2016,2,5,ETH,ET040515,2.5,2.5
ET040515,Ambo town,ET0405,West Shewa,ET04,Oromia,ET,2016,3,4,ETH,ET040515,2.0,2.0
ET040515,Ambo town,ET0405,West Shewa,ET04,Oromia,ET,2016,4,1,ETH,ET040515,0.5,0.5
ET040515,Ambo town,ET0405,West Shewa,ET04,Oromia,ET,2016,6,0,ETH,ET040515,0.0,0.0
ET040515,Ambo town,ET0405,West Shewa,ET04,Oromia,ET,2016,7,2,ETH,ET040515,1.0,1.0
ET040515,Ambo town,ET0405,West Shewa,ET04,Oromia,ET,2016,8,0,ETH,ET040515,0.0,0.0
ET040515,Ambo town,ET0405,West Shewa,ET04,Oromia,ET,2016,9,0,ETH,ET040515,0.0,0.0
ET040515,Ambo town,ET0405,West Shewa,ET04,Oromia,ET,2016,10,0,ETH,ET040515,0.0,0.0
ET040515,Ambo town,ET0405,West Shewa,ET04,Oromia,ET,2016,11,0,ETH,ET040515,0.0,0.0
ET040515,Ambo town,ET0405,West Shewa,ET04,Oromia,ET,2017,3,0,ETH,ET040515,0.0,0.0
ET040515,Ambo town,ET0405,West Shewa,ET04,Oromia,ET,2017,6,2,ETH,ET040515,1.0,1.0
ET040515,Ambo town,ET0405,West Shewa,ET04,Oromia,ET,2017,7,2,ETH,ET040515,1.0,1.0
ET040515,Ambo town,ET0405,West Shewa,ET04,Oromia,ET,2017,8,0,ETH,ET040515,0.0,0.0
ET040515,Ambo town,ET0405,West Shewa,ET04,Oromia,ET,2017,10,12,ETH,ET040515,6.0,6.0
ET040515,Ambo town,ET0405,West Shewa,ET04,Oromia,ET,2017,12,0,ETH,ET040515,0.0,0.0
ET040515,Ambo town,ET0405,West Shewa,ET04,Oromia,ET,2018,1,0,ETH,ET040515,0.0,0.0
ET040515,Ambo town,ET0405,West Shewa,ET04,Oromia,ET,2018,2,0,ETH,ET040515,0.0,0.0
ET040515,Ambo town,ET0405,West Shewa,ET04,Oromia,ET,2018,3,6,ETH,ET040515,3.0,3.0
ET040515,Ambo town,ET0405,West Shewa,ET04,Oromia,ET,2018,4,0,ETH,ET040515,0.0,0.0
ET040515,Ambo town,ET0405,West Shewa,ET04,Oromia,ET,2018,5,0,ETH,ET040515,0.0,0.0
ET040515,Ambo town,ET0405,West Shewa,ET04,Oromia,ET,2018,10,0,ETH,ET040515,0.0,0.0
ET040515,Ambo town,ET0405,West Shewa,ET04,Oromia,ET,2018,11,0,ETH,ET040515,0.0,0.0
ET040515,Ambo town,ET0405,West Shewa,ET04,Oromia,ET,2018,12,0,ETH,ET040515,0.0,0.0
ET040515,Ambo town,ET0405,West Shewa,ET04,Oromia,ET,2019,10,8,ETH,ET040515,4.0,4.0
ET040515,Ambo town,ET0405,West Shewa,ET04,Oromia,ET,2019,11,0,ETH,ET040515,0.0,0.0
ET040515,Ambo town,ET0405,West Shewa,ET04,Oromia,ET,2020,2,0,ETH,ET040515,0.0,0.0
ET040515,Ambo town,ET0405,West Shewa,ET04,Oromia,ET,2020,6,10,ETH,ET040515,5.0,5.0
ET040515,Ambo town,ET0405,West Shewa,ET04,Oromia,ET,2020,7,2,ETH,ET040515,1.0,1.0
ET040515,Ambo town,ET0405,West Shewa,ET04,Oromia,ET,2020,8,0,ETH,ET040515,0.0,0.0
ET040515,Ambo town,ET0405,West Shewa,ET04,Oromia,ET,2020,11,1,ETH,ET040515,0.5,0.5
ET040515,Ambo town,ET0405,West Shewa,ET04,Oromia,ET,2021,2,0,ETH,ET040515,0.0,0.0
ET040515,Ambo town,ET0405,West Shewa,ET04,Oromia,ET,2021,3,0,ETH,ET040515,0.0,0.0
ET040515,Ambo town,ET0405,West Shewa,ET04,Oromia,ET,2021,8,0,ETH,ET040515,0.0,0.0
ET040515,Ambo town,ET0405,West Shewa,ET04,Oromia,ET,2021,10,6,ETH,ET040515,3.0,3.0
ET040515,Ambo town,ET0405,West Shewa,ET04,Oromia,ET,2021,11,33,ETH,ET040515,16.5,16.5
ET040515,Ambo town,ET0405,West Shewa,ET04,Oromia,ET,2021,12,10,ETH,ET040515,5.0,5.0
ET040515,Ambo town,ET0405,West Shewa,ET04,Oromia,ET,2022,5,0,ETH,ET040515,0.0,0.0
ET040515,Ambo town,ET0405,West Shewa,ET04,Oromia,ET,2022,6,7,ETH,ET040515,3.5,3.5
ET040515,Ambo town,ET0405,West Shewa,ET04,Oromia,ET,2022,10,1,ETH,ET040515,0.5,0.5
ET040515,Ambo town,ET0405,West Shewa,ET04,Oromia,ET,2022,12,0,ETH,ET040515,0.0,0.0
ET040515,Ambo town,ET0405,West Shewa,ET04,Oromia,ET,2023,12,1,ETH,ET040515,0.5,0.5
ET040515,Ambo town,ET0405,West Shewa,ET04,Oromia,ET,2024,5,3,ETH,ET040515,1.5,1.5
ET040515,Ambo town,ET0405,West Shewa,ET04,Oromia,ET,2024,6,0,ETH,ET040515,0.0,0.0
ET040515,Ambo town,ET0405,West Shewa,ET04,Oromia,ET,2024,7,0,ETH,ET040515,0.0,0.0
ET040515,Ambo town,ET0405,West Shewa,ET04,Oromia,ET,2024,9,0,ETH,ET040515,0.0,0.0
ET040515,Ambo town,ET0405,West Shewa,ET04,Oromia,ET,2024,11,0,ETH,ET040515,0.0,0.0
ET040515,Ambo town,ET0405,West Shewa,ET04,Oromia,ET,2024,12,3,ETH,ET040515,1.5,1.5
ET040515,Ambo town,ET0405,West Shewa,ET04,Oromia,ET,2025,5,1,ETH,ET040515,0.5,0.5
ET040516,Abuna Ginde Beret,ET0405,West Shewa,ET04,Oromia,ET,1999,8,2,ETH,ET040516,1.0,1.0
ET040516,Abuna Ginde Beret,ET0405,West Shewa,ET04,Oromia,ET,2002,12,0,ETH,ET040516,0.0,0.0
ET040516,Abuna Ginde Beret,ET0405,West Shewa,ET04,Oromia,ET,2013,11,1,ETH,ET040516,0.5,0.5
ET040516,Abuna Ginde Beret,ET0405,West Shewa,ET04,Oromia,ET,2014,5,0,ETH,ET040516,0.0,0.0
ET040516,Abuna Ginde Beret,ET0405,West Shewa,ET04,Oromia,ET,2015,12,4,ETH,ET040516,2.0,2.0
ET040516,Abuna Ginde Beret,ET0405,West Shewa,ET04,Oromia,ET,2016,1,1,ETH,ET040516,0.5,0.5
ET040516,Abuna Ginde Beret,ET0405,West Shewa,ET04,Oromia,ET,2016,2,0,ETH,ET040516,0.0,0.0
ET040516,Abuna Ginde Beret,ET0405,West Shewa,ET04,Oromia,ET,2016,7,0,ETH,ET040516,0.0,0.0
ET040516,Abuna Ginde Beret,ET0405,West Shewa,ET04,Oromia,ET,2021,11,3,ETH,ET040516,1.5,1.5
ET040516,Abuna Ginde Beret,ET0405,West Shewa,ET04,Oromia,ET,2022,2,4,ETH,ET040516,2.0,2.0
ET040516,Abuna Ginde Beret,ET0405,West Shewa,ET04,Oromia,ET,2022,3,2,ETH,ET040516,1.0,1.0
ET040516,Abuna Ginde Beret,ET0405,West Shewa,ET04,Oromia,ET,2022,4,25,ETH,ET040516,12.5,12.5
ET040516,Abuna Ginde Beret,ET0405,West Shewa,ET04,Oromia,ET,2023,1,2,ETH,ET040516,1.0,1.0
ET040516,Abuna Ginde Beret,ET0405,West Shewa,ET04,Oromia,ET,2023,5,5,ETH,ET040516,2.5,2.5
ET040516,Abuna Ginde Beret,ET0405,West Shewa,ET04,Oromia,ET,2023,10,20,ETH,ET040516,10.0,10.0
ET040516,Abuna Ginde Beret,ET0405,West Shewa,ET04,Oromia,ET,2023,12,9,ETH,ET040516,4.5,4.5
ET040516,Abuna Ginde Beret,ET0405,West Shewa,ET04,Oromia,ET,2024,2,0,ETH,ET040516,0.0,0.0
ET040516,Abuna Ginde Beret,ET0405,West Shewa,ET04,Oromia,ET,2024,6,3,ETH,ET040516,1.5,1.5
ET040516,Abuna Ginde Beret,ET0405,West Shewa,ET04,Oromia,ET,2024,8,3,ETH,ET040516,1.5,1.5
ET040516,Abuna Ginde Beret,ET0405,West Shewa,ET04,Oromia,ET,2024,9,4,ETH,ET040516,2.0,2.0
ET040516,Abuna Ginde Beret,ET0405,West Shewa,ET04,Oromia,ET,2024,11,0,ETH,ET040516,0.0,0.0
ET040516,Abuna Ginde Beret,ET0405,West Shewa,ET04,Oromia,ET,2024,12,2,ETH,ET040516,1.0,1.0
ET040516,Abuna Ginde Beret,ET0405,West Shewa,ET04,Oromia,ET,2025,1,2,ETH,ET040516,1.0,1.0
ET040516,Abuna Ginde Beret,ET0405,West Shewa,ET04,Oromia,ET,2025,3,8,ETH,ET040516,4.0,4.0
ET040516,Abuna Ginde Beret,ET0405,West Shewa,ET04,Oromia,ET,2025,4,13,ETH,ET040516,6.5,6.5
ET040516,Abuna Ginde Beret,ET0405,West Shewa,ET04,Oromia,ET,2025,5,5,ETH,ET040516,2.5,2.5
ET040516,Abuna Ginde Beret,ET0405,West Shewa,ET04,Oromia,ET,2025,6,4,ETH,ET040516,2.0,2.0
ET040516,Abuna Ginde Beret,ET0405,West Shewa,ET04,Oromia,ET,2025,7,10,ETH,ET040516,5.0,5.0
ET040517,Toke Kutaye,ET0405,West Shewa,ET04,Oromia,ET,1997,7,2,ETH,ET040517,1.0,1.0
ET040517,Toke Kutaye,ET0405,West Shewa,ET04,Oromia,ET,2000,3,0,ETH,ET040517,0.0,0.0
ET040517,Toke Kutaye,ET0405,West Shewa,ET04,Oromia,ET,2005,11,3,ETH,ET040517,1.5,1.5
ET040517,Toke Kutaye,ET0405,West Shewa,ET04,Oromia,ET,2010,5,1,ETH,ET040517,0.5,0.5
ET040517,Toke Kutaye,ET0405,West Shewa,ET04,Oromia,ET,2015,11,0,ETH,ET040517,0.0,0.0
ET040517,Toke Kutaye,ET0405,West Shewa,ET04,Oromia,ET,2015,12,13,ETH,ET040517,6.5,6.5
ET040517,Toke Kutaye,ET0405,West Shewa,ET04,Oromia,ET,2016,2,0,ETH,ET040517,0.0,0.0
ET040517,Toke Kutaye,ET0405,West Shewa,ET04,Oromia,ET,2016,3,3,ETH,ET040517,1.5,1.5
ET040517,Toke Kutaye,ET0405,West Shewa,ET04,Oromia,ET,2016,7,0,ETH,ET040517,0.0,0.0
ET040517,Toke Kutaye,ET0405,West Shewa,ET04,Oromia,ET,2016,8,0,ETH,ET040517,0.0,0.0
ET040517,Toke Kutaye,ET0405,West Shewa,ET04,Oromia,ET,2017,10,0,ETH,ET040517,0.0,0.0
ET040517,Toke Kutaye,ET0405,West Shewa,ET04,Oromia,ET,2021,11,0,ETH,ET040517,0.0,0.0
ET040517,Toke Kutaye,ET0405,West Shewa,ET04,Oromia,ET,2021,12,10,ETH,ET040517,5.0,5.0
ET040517,Toke Kutaye,ET0405,West Shewa,ET04,Oromia,ET,2022,5,10,ETH,ET040517,5.0,5.0
ET040517,Toke Kutaye,ET0405,West Shewa,ET04,Oromia,ET,2022,7,0,ETH,ET040517,0.0,0.0
ET040517,Toke Kutaye,ET0405,West Shewa,ET04,Oromia,ET,2022,8,0,ETH,ET040517,0.0,0.0
ET040517,Toke Kutaye,ET0405,West Shewa,ET04,Oromia,ET,2023,5,0,ETH,ET040517,0.0,0.0
ET040517,Toke Kutaye,ET0405,West Shewa,ET04,Oromia,ET,2023,11,1,ETH,ET040517,0.5,0.5
ET040517,Toke Kutaye,ET0405,West Shewa,ET04,Oromia,ET,2024,6,0,ETH,ET040517,0.0,0.0
ET040518,Jibat,ET0405,West Shewa,ET04,Oromia,ET,2014,4,1,ETH,ET040518,0.5,0.5
ET040518,Jibat,ET0405,West Shewa,ET04,Oromia,ET,2016,1,1,ETH,ET040518,0.5,0.5
ET040518,Jibat,ET0405,West Shewa,ET04,Oromia,ET,2016,8,0,ETH,ET040518,0.0,0.0
ET040518,Jibat,ET0405,West Shewa,ET04,Oromia,ET,2021,11,3,ETH,ET040518,1.5,1.5
ET040518,Jibat,ET0405,West Shewa,ET04,Oromia,ET,2021,12,20,ETH,ET040518,10.0,10.0
ET040518,Jibat,ET0405,West Shewa,ET04,Oromia,ET,2022,2,7,ETH,ET040518,3.5,3.5
ET040518,Jibat,ET0405,West Shewa,ET04,Oromia,ET,2022,6,9,ETH,ET040518,4.5,4.5
ET040518,Jibat,ET0405,West Shewa,ET04,Oromia,ET,2022,11,0,ETH,ET040518,0.0,0.0
ET040518,Jibat,ET0405,West Shewa,ET04,Oromia,ET,2023,9,4,ETH,ET040518,2.0,2.0
ET040518,Jibat,ET0405,West Shewa,ET04,Oromia,ET,2023,10,10,ETH,ET040518,5.0,5.0
ET040518,Jibat,ET0405,West Shewa,ET04,Oromia,ET,2024,6,3,ETH,ET040518,1.5,1.5
ET040518,Jibat,ET0405,West Shewa,ET04,Oromia,ET,2024,7,0,ETH,ET040518,0.0,0.0
ET040518,Jibat,ET0405,West Shewa,ET04,Oromia,ET,2024,8,8,ETH,ET040518,4.0,4.0
ET040518,Jibat,ET0405,West Shewa,ET04,Oromia,ET,2024,11,3,ETH,ET040518,1.5,1.5
ET040518,Jibat,ET0405,West Shewa,ET04,Oromia,ET,2025,3,2,ETH,ET040518,1.0,1.0
ET040519,Ifata,ET0405,West Shewa,ET04,Oromia,ET,2021,4,7,ETH,ET040519,3.5,3.5
ET040519,Ifata,ET0405,West Shewa,ET04,Oromia,ET,2022,7,0,ETH,ET040519,0.0,0.0
ET040519,Ifata,ET0405,West Shewa,ET04,Oromia,ET,2022,8,4,ETH,ET040519,2.0,2.0
ET040519,Ifata,ET0405,West Shewa,ET04,Oromia,ET,2022,9,7,ETH,ET040519,3.5,3.5
ET040519,Ifata,ET0405,West Shewa,ET04,Oromia,ET,2022,10,2,ETH,ET040519,1.0,1.0
ET040519,Ifata,ET0405,West Shewa,ET04,Oromia,ET,2022,12,10,ETH,ET040519,5.0,5.0
ET040519,Ifata,ET0405,West Shewa,ET04,Oromia,ET,2023,1,1,ETH,ET040519,0.5,0.5
ET040519,Ifata,ET0405,West Shewa,ET04,Oromia,ET,2023,2,0,ETH,ET040519,0.0,0.0
ET040519,Ifata,ET0405,West Shewa,ET04,Oromia,ET,2023,5,1,ETH,ET040519,0.5,0.5
ET040519,Ifata,ET0405,West Shewa,ET04,Oromia,ET,2023,10,5,ETH,ET040519,2.5,2.5
ET040519,Ifata,ET0405,West Shewa,ET04,Oromia,ET,2024,1,2,ETH,ET040519,1.0,1.0
ET040590,Ejersa Lafo,ET0405,West Shewa,ET04,Oromia,ET,2000,7,21,ETH,ET040590,10.5,10.5
ET040590,Ejersa Lafo,ET0405,West Shewa,ET04,Oromia,ET,2008,3,0,ETH,ET040590,0.0,0.0
ET040590,Ejersa Lafo,ET0405,West Shewa,ET04,Oromia,ET,2012,6,4,ETH,ET040590,2.0,2.0
ET040590,Ejersa Lafo,ET0405,West Shewa,ET04,Oromia,ET,2022,1,3,ETH,ET040590,1.5,1.5
ET040590,Ejersa Lafo,ET0405,West Shewa,ET04,Oromia,ET,2022,8,0,ETH,ET040590,0.0,0.0
ET040592,Cobi,ET0405,West Shewa,ET04,Oromia,ET,2015,12,0,ETH,ET040592,0.0,0.0
ET040592,Cobi,ET0405,West Shewa,ET04,Oromia,ET,2022,1,35,ETH,ET040592,17.5,17.5
ET040592,Cobi,ET0405,West Shewa,ET04,Oromia,ET,2022,3,5,ETH,ET040592,2.5,2.5
ET040592,Cobi,ET0405,West Shewa,ET04,Oromia,ET,2022,6,3,ETH,ET040592,1.5,1.5
ET040592,Cobi,ET0405,West Shewa,ET04,Oromia,ET,2022,9,3,ETH,ET040592,1.5,1.5
ET040592,Cobi,ET0405,West Shewa,ET04,Oromia,ET,2022,10,11,ETH,ET040592,5.5,5.5
ET040592,Cobi,ET0405,West Shewa,ET04,Oromia,ET,2022,11,10,ETH,ET040592,5.0,5.0
ET040592,Cobi,ET0405,West Shewa,ET04,Oromia,ET,2023,1,3,ETH,ET040592,1.5,1.5
ET040592,Cobi,ET0405,West Shewa,ET04,Oromia,ET,2023,2,8,ETH,ET040592,4.0,4.0
ET040592,Cobi,ET0405,West Shewa,ET04,Oromia,ET,2023,8,12,ETH,ET040592,6.0,6.0
ET040592,Cobi,ET0405,West Shewa,ET04,Oromia,ET,2023,12,1,ETH,ET040592,0.5,0.5
ET040592,Cobi,ET0405,West Shewa,ET04,Oromia,ET,2024,5,0,ETH,ET040592,0.0,0.0
ET040592,Cobi,ET0405,West Shewa,ET04,Oromia,ET,2024,11,0,ETH,ET040592,0.0,0.0
ET040594,Meta Walkite,ET0405,West Shewa,ET04,Oromia,ET,2004,3,23,ETH,ET040594,11.5,11.5
ET040594,Meta Walkite,ET0405,West Shewa,ET04,Oromia,ET,2016,2,0,ETH,ET040594,0.0,0.0
ET040594,Meta Walkite,ET0405,West Shewa,ET04,Oromia,ET,2021,6,10,ETH,ET040594,5.0,5.0
ET040594,Meta Walkite,ET0405,West Shewa,ET04,Oromia,ET,2022,1,0,ETH,ET040594,0.0,0.0
ET040594,Meta Walkite,ET0405,West Shewa,ET04,Oromia,ET,2022,3,3,ETH,ET040594,1.5,1.5
ET040594,Meta Walkite,ET0405,West Shewa,ET04,Oromia,ET,2022,5,3,ETH,ET040594,1.5,1.5
ET040594,Meta Walkite,ET0405,West Shewa,ET04,Oromia,ET,2022,10,14,ETH,ET040594,7.0,7.0
ET040594,Meta Walkite,ET0405,West Shewa,ET04,Oromia,ET,2022,11,10,ETH,ET040594,5.0,5.0
ET040594,Meta Walkite,ET0405,West Shewa,ET04,Oromia,ET,2023,5,3,ETH,ET040594,1.5,1.5
ET040594,Meta Walkite,ET0405,West Shewa,ET04,Oromia,ET,2023,8,6,ETH,ET040594,3.0,3.0
ET040594,Meta Walkite,ET0405,West Shewa,ET04,Oromia,ET,2023,10,3,ETH,ET040594,1.5,1.5
ET040594,Meta Walkite,ET0405,West Shewa,ET04,Oromia,ET,2024,6,0,ETH,ET040594,0.0,0.0
ET040594,Meta Walkite,ET0405,West Shewa,ET04,Oromia,ET,2024,12,1,ETH,ET040594,0.5,0.5
ET040594,Meta Walkite,ET0405,West Shewa,ET04,Oromia,ET,2025,2,0,ETH,ET040594,0.0,0.0
ET040594,Meta Walkite,ET0405,West Shewa,ET04,Oromia,ET,2025,3,2,ETH,ET040594,1.0,1.0
ET040594,Meta Walkite,ET0405,West Shewa,ET04,Oromia,ET,2025,4,10,ETH,ET040594,5.0,5.0
ET040594,Meta Walkite,ET0405,West Shewa,ET04,Oromia,ET,2025,8,8,ETH,ET040594,4.0,4.0
ET040597,Liban Jawi,ET0405,West Shewa,ET04,Oromia,ET,2015,12,5,ETH,ET040597,2.5,2.5
ET040597,Liban Jawi,ET0405,West Shewa,ET04,Oromia,ET,2016,2,0,ETH,ET040597,0.0,0.0
ET040597,Liban Jawi,ET0405,West Shewa,ET04,Oromia,ET,2021,3,1,ETH,ET040597,0.5,0.5
ET040597,Liban Jawi,ET0405,West Shewa,ET04,Oromia,ET,2022,4,3,ETH,ET040597,1.5,1.5
ET040597,Liban Jawi,ET0405,West Shewa,ET04,Oromia,ET,2022,12,5,ETH,ET040597,2.5,2.5
ET040597,Liban Jawi,ET0405,West Shewa,ET04,Oromia,ET,2023,1,9,ETH,ET040597,4.5,4.5
ET040597,Liban Jawi,ET0405,West Shewa,ET04,Oromia,ET,2023,8,1,ETH,ET040597,0.5,0.5
ET040597,Liban Jawi,ET0405,West Shewa,ET04,Oromia,ET,2024,2,20,ETH,ET040597,10.0,10.0
ET040597,Liban Jawi,ET0405,West Shewa,ET04,Oromia,ET,2024,5,3,ETH,ET040597,1.5,1.5
ET040597,Liban Jawi,ET0405,West Shewa,ET04,Oromia,ET,2024,8,3,ETH,ET040597,1.5,1.5
ET040601,Wara Jarso,ET0406,North Shewa (OR),ET04,Oromia,ET,2000,6,7,ETH,ET040601,3.5,3.5
ET040601,Wara Jarso,ET0406,North Shewa (OR),ET04,Oromia,ET,2000,10,21,ETH,ET040601,10.5,10.5
ET040601,Wara Jarso,ET0406,North Shewa (OR),ET04,Oromia,ET,2000,11,41,ETH,ET040601,20.5,20.5
ET040601,Wara Jarso,ET0406,North Shewa (OR),ET04,Oromia,ET,2002,3,48,ETH,ET040601,24.0,24.0
ET040601,Wara Jarso,ET0406,North Shewa (OR),ET04,Oromia,ET,2010,4,1,ETH,ET040601,0.5,0.5
ET040601,Wara Jarso,ET0406,North Shewa (OR),ET04,Oromia,ET,2015,11,0,ETH,ET040601,0.0,0.0
ET040601,Wara Jarso,ET0406,North Shewa (OR),ET04,Oromia,ET,2015,12,0,ETH,ET040601,0.0,0.0
ET040601,Wara Jarso,ET0406,North Shewa (OR),ET04,Oromia,ET,2016,1,0,ETH,ET040601,0.0,0.0
ET040601,Wara Jarso,ET0406,North Shewa (OR),ET04,Oromia,ET,2016,5,0,ETH,ET040601,0.0,0.0
ET040601,Wara Jarso,ET0406,North Shewa (OR),ET04,Oromia,ET,2022,2,24,ETH,ET040601,12.0,12.0
ET040601,Wara Jarso,ET0406,North Shewa (OR),ET04,Oromia,ET,2022,4,8,ETH,ET040601,4.0,4.0
ET040601,Wara Jarso,ET0406,North Shewa (OR),ET04,Oromia,ET,2022,5,36,ETH,ET040601,18.0,18.0
ET040601,Wara Jarso,ET0406,North Shewa (OR),ET04,Oromia,ET,2022,6,3,ETH,ET040601,1.5,1.5
ET040601,Wara Jarso,ET0406,North Shewa (OR),ET04,Oromia,ET,2022,7,5,ETH,ET040601,2.5,2.5
ET040601,Wara Jarso,ET0406,North Shewa (OR),ET04,Oromia,ET,2022,8,0,ETH,ET040601,0.0,0.0
ET040601,Wara Jarso,ET0406,North Shewa (OR),ET04,Oromia,ET,2022,9,0,ETH,ET040601,0.0,0.0
ET040601,Wara Jarso,ET0406,North Shewa (OR),ET04,Oromia,ET,2022,10,1,ETH,ET040601,0.5,0.5
ET040601,Wara Jarso,ET0406,North Shewa (OR),ET04,Oromia,ET,2022,12,10,ETH,ET040601,5.0,5.0
ET040601,Wara Jarso,ET0406,North Shewa (OR),ET04,Oromia,ET,2023,3,6,ETH,ET040601,3.0,3.0
ET040601,Wara Jarso,ET0406,North Shewa (OR),ET04,Oromia,ET,2023,5,5,ETH,ET040601,2.5,2.5
ET040601,Wara Jarso,ET0406,North Shewa (OR),ET04,Oromia,ET,2023,10,29,ETH,ET040601,14.5,14.5
ET040601,Wara Jarso,ET0406,North Shewa (OR),ET04,Oromia,ET,2023,11,12,ETH,ET040601,6.0,6.0
ET040601,Wara Jarso,ET0406,North Shewa (OR),ET04,Oromia,ET,2024,2,9,ETH,ET040601,4.5,4.5
ET040601,Wara Jarso,ET0406,North Shewa (OR),ET04,Oromia,ET,2024,4,0,ETH,ET040601,0.0,0.0
ET040601,Wara Jarso,ET0406,North Shewa (OR),ET04,Oromia,ET,2024,8,0,ETH,ET040601,0.0,0.0
ET040601,Wara Jarso,ET0406,North Shewa (OR),ET04,Oromia,ET,2024,9,8,ETH,ET040601,4.0,4.0
ET040601,Wara Jarso,ET0406,North Shewa (OR),ET04,Oromia,ET,2024,11,5,ETH,ET040601,2.5,2.5
ET040601,Wara Jarso,ET0406,North Shewa (OR),ET04,Oromia,ET,2024,12,2,ETH,ET040601,1.0,1.0
ET040601,Wara Jarso,ET0406,North Shewa (OR),ET04,Oromia,ET,2025,2,0,ETH,ET040601,0.0,0.0
ET040601,Wara Jarso,ET0406,North Shewa (OR),ET04,Oromia,ET,2025,4,4,ETH,ET040601,2.0,2.0
ET040601,Wara Jarso,ET0406,North Shewa (OR),ET04,Oromia,ET,2025,5,8,ETH,ET040601,4.0,4.0
ET040601,Wara Jarso,ET0406,North Shewa (OR),ET04,Oromia,ET,2025,8,1,ETH,ET040601,0.5,0.5
ET040602,Dera (OR),ET0406,North Shewa (OR),ET04,Oromia,ET,2016,2,0,ETH,ET040602,0.0,0.0
ET040602,Dera (OR),ET0406,North Shewa (OR),ET04,Oromia,ET,2016,9,0,ETH,ET040602,0.0,0.0
ET040602,Dera (OR),ET0406,North Shewa (OR),ET04,Oromia,ET,2017,10,2,ETH,ET040602,1.0,1.0
ET040602,Dera (OR),ET0406,North Shewa (OR),ET04,Oromia,ET,2019,10,1,ETH,ET040602,0.5,0.5
ET040602,Dera (OR),ET0406,North Shewa (OR),ET04,Oromia,ET,2021,9,4,ETH,ET040602,2.0,2.0
ET040602,Dera (OR),ET0406,North Shewa (OR),ET04,Oromia,ET,2021,12,26,ETH,ET040602,13.0,13.0
ET040602,Dera (OR),ET0406,North Shewa (OR),ET04,Oromia,ET,2022,4,8,ETH,ET040602,4.0,4.0
ET040602,Dera (OR),ET0406,North Shewa (OR),ET04,Oromia,ET,2022,6,50,ETH,ET040602,25.0,25.0
ET040602,Dera (OR),ET0406,North Shewa (OR),ET04,Oromia,ET,2022,7,7,ETH,ET040602,3.5,3.5
ET040602,Dera (OR),ET0406,North Shewa (OR),ET04,Oromia,ET,2022,11,19,ETH,ET040602,9.5,9.5
ET040602,Dera (OR),ET0406,North Shewa (OR),ET04,Oromia,ET,2022,12,2,ETH,ET040602,1.0,1.0
ET040602,Dera (OR),ET0406,North Shewa (OR),ET04,Oromia,ET,2023,1,3,ETH,ET040602,1.5,1.5
ET040602,Dera (OR),ET0406,North Shewa (OR),ET04,Oromia,ET,2023,2,0,ETH,ET040602,0.0,0.0
ET040602,Dera (OR),ET0406,North Shewa (OR),ET04,Oromia,ET,2023,3,0,ETH,ET040602,0.0,0.0
ET040602,Dera (OR),ET0406,North Shewa (OR),ET04,Oromia,ET,2023,5,0,ETH,ET040602,0.0,0.0
ET040602,Dera (OR),ET0406,North Shewa (OR),ET04,Oromia,ET,2023,6,2,ETH,ET040602,1.0,1.0
ET040602,Dera (OR),ET0406,North Shewa (OR),ET04,Oromia,ET,2023,8,31,ETH,ET040602,15.5,15.5
ET040602,Dera (OR),ET0406,North Shewa (OR),ET04,Oromia,ET,2023,9,0,ETH,ET040602,0.0,0.0
ET040602,Dera (OR),ET0406,North Shewa (OR),ET04,Oromia,ET,2023,10,64,ETH,ET040602,32.0,32.0
ET040602,Dera (OR),ET0406,North Shewa (OR),ET04,Oromia,ET,2023,11,16,ETH,ET040602,8.0,8.0
ET040602,Dera (OR),ET0406,North Shewa (OR),ET04,Oromia,ET,2023,12,22,ETH,ET040602,11.0,11.0
ET040602,Dera (OR),ET0406,North Shewa (OR),ET04,Oromia,ET,2024,1,14,ETH,ET040602,7.0,7.0
ET040602,Dera (OR),ET0406,North Shewa (OR),ET04,Oromia,ET,2024,2,10,ETH,ET040602,5.0,5.0
ET040602,Dera (OR),ET0406,North Shewa (OR),ET04,Oromia,ET,2024,3,15,ETH,ET040602,7.5,7.5
ET040602,Dera (OR),ET0406,North Shewa (OR),ET04,Oromia,ET,2024,4,5,ETH,ET040602,2.5,2.5
ET040602,Dera (OR),ET0406,North Shewa (OR),ET04,Oromia,ET,2024,5,3,ETH,ET040602,1.5,1.5
ET040602,Dera (OR),ET0406,North Shewa (OR),ET04,Oromia,ET,2024,6,18,ETH,ET040602,9.0,9.0
ET040602,Dera (OR),ET0406,North Shewa (OR),ET04,Oromia,ET,2024,7,11,ETH,ET040602,5.5,5.5
ET040602,Dera (OR),ET0406,North Shewa (OR),ET04,Oromia,ET,2024,8,17,ETH,ET040602,8.5,8.5
ET040602,Dera (OR),ET0406,North Shewa (OR),ET04,Oromia,ET,2024,9,12,ETH,ET040602,6.0,6.0
ET040602,Dera (OR),ET0406,North Shewa (OR),ET04,Oromia,ET,2024,10,21,ETH,ET040602,10.5,10.5
ET040602,Dera (OR),ET0406,North Shewa (OR),ET04,Oromia,ET,2024,11,16,ETH,ET040602,8.0,8.0
ET040602,Dera (OR),ET0406,North Shewa (OR),ET04,Oromia,ET,2024,12,1,ETH,ET040602,0.5,0.5
ET040602,Dera (OR),ET0406,North Shewa (OR),ET04,Oromia,ET,2025,1,0,ETH,ET040602,0.0,0.0
ET040602,Dera (OR),ET0406,North Shewa (OR),ET04,Oromia,ET,2025,2,0,ETH,ET040602,0.0,0.0
ET040602,Dera (OR),ET0406,North Shewa (OR),ET04,Oromia,ET,2025,3,5,ETH,ET040602,2.5,2.5
ET040602,Dera (OR),ET0406,North Shewa (OR),ET04,Oromia,ET,2025,4,6,ETH,ET040602,3.0,3.0
ET040602,Dera (OR),ET0406,North Shewa (OR),ET04,Oromia,ET,2025,5,3,ETH,ET040602,1.5,1.5
ET040602,Dera (OR),ET0406,North Shewa (OR),ET04,Oromia,ET,2025,8,0,ETH,ET040602,0.0,0.0
ET040603,Hidabu Abote,ET0406,North Shewa (OR),ET04,Oromia,ET,2007,4,74,ETH,ET040603,37.0,37.0
ET040603,Hidabu Abote,ET0406,North Shewa (OR),ET04,Oromia,ET,2011,9,7,ETH,ET040603,3.5,3.5
ET040603,Hidabu Abote,ET0406,North Shewa (OR),ET04,Oromia,ET,2014,4,0,ETH,ET040603,0.0,0.0
ET040603,Hidabu Abote,ET0406,North Shewa (OR),ET04,Oromia,ET,2015,12,5,ETH,ET040603,2.5,2.5
ET040603,Hidabu Abote,ET0406,North Shewa (OR),ET04,Oromia,ET,2016,1,0,ETH,ET040603,0.0,0.0
ET040603,Hidabu Abote,ET0406,North Shewa (OR),ET04,Oromia,ET,2016,2,0,ETH,ET040603,0.0,0.0
ET040603,Hidabu Abote,ET0406,North Shewa (OR),ET04,Oromia,ET,2016,9,0,ETH,ET040603,0.0,0.0
ET040603,Hidabu Abote,ET0406,North Shewa (OR),ET04,Oromia,ET,2017,11,22,ETH,ET040603,11.0,11.0
ET040603,Hidabu Abote,ET0406,North Shewa (OR),ET04,Oromia,ET,2018,5,0,ETH,ET040603,0.0,0.0
ET040603,Hidabu Abote,ET0406,North Shewa (OR),ET04,Oromia,ET,2021,6,3,ETH,ET040603,1.5,1.5
ET040603,Hidabu Abote,ET0406,North Shewa (OR),ET04,Oromia,ET,2021,11,3,ETH,ET040603,1.5,1.5
ET040603,Hidabu Abote,ET0406,North Shewa (OR),ET04,Oromia,ET,2022,1,0,ETH,ET040603,0.0,0.0
ET040603,Hidabu Abote,ET0406,North Shewa (OR),ET04,Oromia,ET,2022,2,3,ETH,ET040603,1.5,1.5
ET040603,Hidabu Abote,ET0406,North Shewa (OR),ET04,Oromia,ET,2022,3,3,ETH,ET040603,1.5,1.5
ET040603,Hidabu Abote,ET0406,North Shewa (OR),ET04,Oromia,ET,2022,4,3,ETH,ET040603,1.5,1.5
ET040603,Hidabu Abote,ET0406,North Shewa (OR),ET04,Oromia,ET,2022,5,22,ETH,ET040603,11.0,11.0
ET040603,Hidabu Abote,ET0406,North Shewa (OR),ET04,Oromia,ET,2022,6,0,ETH,ET040603,0.0,0.0
ET040603,Hidabu Abote,ET0406,North Shewa (OR),ET04,Oromia,ET,2022,10,1,ETH,ET040603,0.5,0.5
ET040603,Hidabu Abote,ET0406,North Shewa (OR),ET04,Oromia,ET,2023,10,3,ETH,ET040603,1.5,1.5
ET040603,Hidabu Abote,ET0406,North Shewa (OR),ET04,Oromia,ET,2023,11,3,ETH,ET040603,1.5,1.5
ET040603,Hidabu Abote,ET0406,North Shewa (OR),ET04,Oromia,ET,2023,12,0,ETH,ET040603,0.0,0.0
ET040603,Hidabu Abote,ET0406,North Shewa (OR),ET04,Oromia,ET,2024,2,22,ETH,ET040603,11.0,11.0
ET040603,Hidabu Abote,ET0406,North Shewa (OR),ET04,Oromia,ET,2024,4,0,ETH,ET040603,0.0,0.0
ET040603,Hidabu Abote,ET0406,North Shewa (OR),ET04,Oromia,ET,2024,7,5,ETH,ET040603,2.5,2.5
ET040603,Hidabu Abote,ET0406,North Shewa (OR),ET04,Oromia,ET,2024,8,1,ETH,ET040603,0.5,0.5
ET040603,Hidabu Abote,ET0406,North Shewa (OR),ET04,Oromia,ET,2024,9,3,ETH,ET040603,1.5,1.5
ET040603,Hidabu Abote,ET0406,North Shewa (OR),ET04,Oromia,ET,2024,11,4,ETH,ET040603,2.0,2.0
ET040603,Hidabu Abote,ET0406,North Shewa (OR),ET04,Oromia,ET,2025,3,5,ETH,ET040603,2.5,2.5
ET040603,Hidabu Abote,ET0406,North Shewa (OR),ET04,Oromia,ET,2025,4,0,ETH,ET040603,0.0,0.0
ET040603,Hidabu Abote,ET0406,North Shewa (OR),ET04,Oromia,ET,2025,5,3,ETH,ET040603,1.5,1.5
ET040603,Hidabu Abote,ET0406,North Shewa (OR),ET04,Oromia,ET,2025,7,3,ETH,ET040603,1.5,1.5
ET040603,Hidabu Abote,ET0406,North Shewa (OR),ET04,Oromia,ET,2025,8,0,ETH,ET040603,0.0,0.0
ET040604,Kuyu,ET0406,North Shewa (OR),ET04,Oromia,ET,1998,5,2,ETH,ET040604,1.0,1.0
ET040604,Kuyu,ET0406,North Shewa (OR),ET04,Oromia,ET,2005,2,0,ETH,ET040604,0.0,0.0
ET040604,Kuyu,ET0406,North Shewa (OR),ET04,Oromia,ET,2010,12,3,ETH,ET040604,1.5,1.5
ET040604,Kuyu,ET0406,North Shewa (OR),ET04,Oromia,ET,2011,11,7,ETH,ET040604,3.5,3.5
ET040604,Kuyu,ET0406,North Shewa (OR),ET04,Oromia,ET,2014,4,0,ETH,ET040604,0.0,0.0
ET040604,Kuyu,ET0406,North Shewa (OR),ET04,Oromia,ET,2016,1,0,ETH,ET040604,0.0,0.0
ET040604,Kuyu,ET0406,North Shewa (OR),ET04,Oromia,ET,2016,2,0,ETH,ET040604,0.0,0.0
ET040604,Kuyu,ET0406,North Shewa (OR),ET04,Oromia,ET,2017,10,2,ETH,ET040604,1.0,1.0
ET040604,Kuyu,ET0406,North Shewa (OR),ET04,Oromia,ET,2019,12,0,ETH,ET040604,0.0,0.0
ET040604,Kuyu,ET0406,North Shewa (OR),ET04,Oromia,ET,2021,3,7,ETH,ET040604,3.5,3.5
ET040604,Kuyu,ET0406,North Shewa (OR),ET04,Oromia,ET,2021,4,5,ETH,ET040604,2.5,2.5
ET040604,Kuyu,ET0406,North Shewa (OR),ET04,Oromia,ET,2021,8,11,ETH,ET040604,5.5,5.5
ET040604,Kuyu,ET0406,North Shewa (OR),ET04,Oromia,ET,2021,9,10,ETH,ET040604,5.0,5.0
ET040604,Kuyu,ET0406,North Shewa (OR),ET04,Oromia,ET,2021,11,7,ETH,ET040604,3.5,3.5
ET040604,Kuyu,ET0406,North Shewa (OR),ET04,Oromia,ET,2022,2,0,ETH,ET040604,0.0,0.0
ET040604,Kuyu,ET0406,North Shewa (OR),ET04,Oromia,ET,2022,3,3,ETH,ET040604,1.5,1.5
ET040604,Kuyu,ET0406,North Shewa (OR),ET04,Oromia,ET,2022,4,18,ETH,ET040604,9.0,9.0
ET040604,Kuyu,ET0406,North Shewa (OR),ET04,Oromia,ET,2022,5,10,ETH,ET040604,5.0,5.0
ET040604,Kuyu,ET0406,North Shewa (OR),ET04,Oromia,ET,2022,7,3,ETH,ET040604,1.5,1.5
ET040604,Kuyu,ET0406,North Shewa (OR),ET04,Oromia,ET,2022,8,0,ETH,ET040604,0.0,0.0
ET040604,Kuyu,ET0406,North Shewa (OR),ET04,Oromia,ET,2022,10,1,ETH,ET040604,0.5,0.5
ET040604,Kuyu,ET0406,North Shewa (OR),ET04,Oromia,ET,2022,11,0,ETH,ET040604,0.0,0.0
ET040604,Kuyu,ET0406,North Shewa (OR),ET04,Oromia,ET,2022,12,3,ETH,ET040604,1.5,1.5
ET040604,Kuyu,ET0406,North Shewa (OR),ET04,Oromia,ET,2023,1,1,ETH,ET040604,0.5,0.5
ET040604,Kuyu,ET0406,North Shewa (OR),ET04,Oromia,ET,2023,3,3,ETH,ET040604,1.5,1.5
ET040604,Kuyu,ET0406,North Shewa (OR),ET04,Oromia,ET,2023,5,0,ETH,ET040604,0.0,0.0
ET040604,Kuyu,ET0406,North Shewa (OR),ET04,Oromia,ET,2023,7,0,ETH,ET040604,0.0,0.0
ET040604,Kuyu,ET0406,North Shewa (OR),ET04,Oromia,ET,2023,10,4,ETH,ET040604,2.0,2.0
ET040604,Kuyu,ET0406,North Shewa (OR),ET04,Oromia,ET,2024,7,2,ETH,ET040604,1.0,1.0
ET040604,Kuyu,ET0406,North Shewa (OR),ET04,Oromia,ET,2024,9,0,ETH,ET040604,0.0,0.0
ET040604,Kuyu,ET0406,North Shewa (OR),ET04,Oromia,ET,2024,12,1,ETH,ET040604,0.5,0.5
ET040604,Kuyu,ET0406,North Shewa (OR),ET04,Oromia,ET,2025,3,0,ETH,ET040604,0.0,0.0
ET040604,Kuyu,ET0406,North Shewa (OR),ET04,Oromia,ET,2025,4,0,ETH,ET040604,0.0,0.0
ET040605,Degem,ET0406,North Shewa (OR),ET04,Oromia,ET,2006,10,9,ETH,ET040605,4.5,4.5
ET040605,Degem,ET0406,North Shewa (OR),ET04,Oromia,ET,2009,8,11,ETH,ET040605,5.5,5.5
ET040605,Degem,ET0406,North Shewa (OR),ET04,Oromia,ET,2011,9,5,ETH,ET040605,2.5,2.5
ET040605,Degem,ET0406,North Shewa (OR),ET04,Oromia,ET,2012,6,9,ETH,ET040605,4.5,4.5
ET040605,Degem,ET0406,North Shewa (OR),ET04,Oromia,ET,2013,4,1,ETH,ET040605,0.5,0.5
ET040605,Degem,ET0406,North Shewa (OR),ET04,Oromia,ET,2016,1,0,ETH,ET040605,0.0,0.0
ET040605,Degem,ET0406,North Shewa (OR),ET04,Oromia,ET,2018,2,0,ETH,ET040605,0.0,0.0
ET040605,Degem,ET0406,North Shewa (OR),ET04,Oromia,ET,2020,10,1,ETH,ET040605,0.5,0.5
ET040605,Degem,ET0406,North Shewa (OR),ET04,Oromia,ET,2021,3,7,ETH,ET040605,3.5,3.5
ET040605,Degem,ET0406,North Shewa (OR),ET04,Oromia,ET,2021,5,0,ETH,ET040605,0.0,0.0
ET040605,Degem,ET0406,North Shewa (OR),ET04,Oromia,ET,2021,9,6,ETH,ET040605,3.0,3.0
ET040605,Degem,ET0406,North Shewa (OR),ET04,Oromia,ET,2021,11,10,ETH,ET040605,5.0,5.0
ET040605,Degem,ET0406,North Shewa (OR),ET04,Oromia,ET,2021,12,8,ETH,ET040605,4.0,4.0
ET040605,Degem,ET0406,North Shewa (OR),ET04,Oromia,ET,2022,1,0,ETH,ET040605,0.0,0.0
ET040605,Degem,ET0406,North Shewa (OR),ET04,Oromia,ET,2022,2,3,ETH,ET040605,1.5,1.5
ET040605,Degem,ET0406,North Shewa (OR),ET04,Oromia,ET,2022,4,10,ETH,ET040605,5.0,5.0
ET040605,Degem,ET0406,North Shewa (OR),ET04,Oromia,ET,2022,5,10,ETH,ET040605,5.0,5.0
ET040605,Degem,ET0406,North Shewa (OR),ET04,Oromia,ET,2022,6,0,ETH,ET040605,0.0,0.0
ET040605,Degem,ET0406,North Shewa (OR),ET04,Oromia,ET,2022,8,1,ETH,ET040605,0.5,0.5
ET040605,Degem,ET0406,North Shewa (OR),ET04,Oromia,ET,2022,11,0,ETH,ET040605,0.0,0.0
ET040605,Degem,ET0406,North Shewa (OR),ET04,Oromia,ET,2023,6,0,ETH,ET040605,0.0,0.0
ET040605,Degem,ET0406,North Shewa (OR),ET04,Oromia,ET,2023,7,0,ETH,ET040605,0.0,0.0
ET040605,Degem,ET0406,North Shewa (OR),ET04,Oromia,ET,2023,10,8,ETH,ET040605,4.0,4.0
ET040605,Degem,ET0406,North Shewa (OR),ET04,Oromia,ET,2023,11,7,ETH,ET040605,3.5,3.5
ET040605,Degem,ET0406,North Shewa (OR),ET04,Oromia,ET,2023,12,0,ETH,ET040605,0.0,0.0
ET040605,Degem,ET0406,North Shewa (OR),ET04,Oromia,ET,2024,1,5,ETH,ET040605,2.5,2.5
ET040605,Degem,ET0406,North Shewa (OR),ET04,Oromia,ET,2024,2,3,ETH,ET040605,1.5,1.5
ET040605,Degem,ET0406,North Shewa (OR),ET04,Oromia,ET,2024,3,0,ETH,ET040605,0.0,0.0
ET040605,Degem,ET0406,North Shewa (OR),ET04,Oromia,ET,2024,8,2,ETH,ET040605,1.0,1.0
ET040605,Degem,ET0406,North Shewa (OR),ET04,Oromia,ET,2024,9,0,ETH,ET040605,0.0,0.0
ET040605,Degem,ET0406,North Shewa (OR),ET04,Oromia,ET,2024,11,1,ETH,ET040605,0.5,0.5
ET040605,Degem,ET0406,North Shewa (OR),ET04,Oromia,ET,2024,12,6,ETH,ET040605,3.0,3.0
ET040605,Degem,ET0406,North Shewa (OR),ET04,Oromia,ET,2025,3,1,ETH,ET040605,0.5,0.5
ET040605,Degem,ET0406,North Shewa (OR),ET04,Oromia,ET,2025,4,0,ETH,ET040605,0.0,0.0
ET040605,Degem,ET0406,North Shewa (OR),ET04,Oromia,ET,2025,6,0,ETH,ET040605,0.0,0.0
ET040605,Degem,ET0406,North Shewa (OR),ET04,Oromia,ET,2025,7,29,ETH,ET040605,14.5,14.5
ET040605,Degem,ET0406,North Shewa (OR),ET04,Oromia,ET,2025,8,1,ETH,ET040605,0.5,0.5
ET040606,Gerar Jarso,ET0406,North Shewa (OR),ET04,Oromia,ET,2013,4,7,ETH,ET040606,3.5,3.5
ET040606,Gerar Jarso,ET0406,North Shewa (OR),ET04,Oromia,ET,2024,1,0,ETH,ET040606,0.0,0.0
ET040606,Gerar Jarso,ET0406,North Shewa (OR),ET04,Oromia,ET,2024,2,10,ETH,ET040606,5.0,5.0
ET040606,Gerar Jarso,ET0406,North Shewa (OR),ET04,Oromia,ET,2024,6,10,ETH,ET040606,5.0,5.0
ET040606,Gerar Jarso,ET0406,North Shewa (OR),ET04,Oromia,ET,2024,9,0,ETH,ET040606,0.0,0.0
ET040606,Gerar Jarso,ET0406,North Shewa (OR),ET04,Oromia,ET,2024,12,1,ETH,ET040606,0.5,0.5
ET040606,Gerar Jarso,ET0406,North Shewa (OR),ET04,Oromia,ET,2025,2,2,ETH,ET040606,1.0,1.0
ET040607,Debre Libanos,ET0406,North Shewa (OR),ET04,Oromia,ET,2006,3,1,ETH,ET040607,0.5,0.5
ET040607,Debre Libanos,ET0406,North Shewa (OR),ET04,Oromia,ET,2011,12,6,ETH,ET040607,3.0,3.0
ET040607,Debre Libanos,ET0406,North Shewa (OR),ET04,Oromia,ET,2016,1,0,ETH,ET040607,0.0,0.0
ET040607,Debre Libanos,ET0406,North Shewa (OR),ET04,Oromia,ET,2016,8,7,ETH,ET040607,3.5,3.5
ET040607,Debre Libanos,ET0406,North Shewa (OR),ET04,Oromia,ET,2017,10,0,ETH,ET040607,0.0,0.0
ET040607,Debre Libanos,ET0406,North Shewa (OR),ET04,Oromia,ET,2018,1,1,ETH,ET040607,0.5,0.5
ET040607,Debre Libanos,ET0406,North Shewa (OR),ET04,Oromia,ET,2018,7,0,ETH,ET040607,0.0,0.0
ET040607,Debre Libanos,ET0406,North Shewa (OR),ET04,Oromia,ET,2019,3,2,ETH,ET040607,1.0,1.0
ET040607,Debre Libanos,ET0406,North Shewa (OR),ET04,Oromia,ET,2019,10,0,ETH,ET040607,0.0,0.0
ET040607,Debre Libanos,ET0406,North Shewa (OR),ET04,Oromia,ET,2020,5,1,ETH,ET040607,0.5,0.5
ET040607,Debre Libanos,ET0406,North Shewa (OR),ET04,Oromia,ET,2020,8,1,ETH,ET040607,0.5,0.5
ET040607,Debre Libanos,ET0406,North Shewa (OR),ET04,Oromia,ET,2023,6,1,ETH,ET040607,0.5,0.5
ET040607,Debre Libanos,ET0406,North Shewa (OR),ET04,Oromia,ET,2023,12,0,ETH,ET040607,0.0,0.0
ET040607,Debre Libanos,ET0406,North Shewa (OR),ET04,Oromia,ET,2024,3,0,ETH,ET040607,0.0,0.0
ET040607,Debre Libanos,ET0406,North Shewa (OR),ET04,Oromia,ET,2024,9,0,ETH,ET040607,0.0,0.0
ET040608,Wuchale,ET0406,North Shewa (OR),ET04,Oromia,ET,1998,4,0,ETH,ET040608,0.0,0.0
ET040608,Wuchale,ET0406,North Shewa (OR),ET04,Oromia,ET,1998,5,0,ETH,ET040608,0.0,0.0
ET040608,Wuchale,ET0406,North Shewa (OR),ET04,Oromia,ET,2004,6,0,ETH,ET040608,0.0,0.0
ET040608,Wuchale,ET0406,North Shewa (OR),ET04,Oromia,ET,2015,12,0,ETH,ET040608,0.0,0.0
ET040608,Wuchale,ET0406,North Shewa (OR),ET04,Oromia,ET,2016,7,0,ETH,ET040608,0.0,0.0
ET040608,Wuchale,ET0406,North Shewa (OR),ET04,Oromia,ET,2017,10,1,ETH,ET040608,0.5,0.5
ET040608,Wuchale,ET0406,North Shewa (OR),ET04,Oromia,ET,2017,12,0,ETH,ET040608,0.0,0.0
ET040608,Wuchale,ET0406,North Shewa (OR),ET04,Oromia,ET,2022,10,1,ETH,ET040608,0.5,0.5
ET040608,Wuchale,ET0406,North Shewa (OR),ET04,Oromia,ET,2023,1,2,ETH,ET040608,1.0,1.0
ET040608,Wuchale,ET0406,North Shewa (OR),ET04,Oromia,ET,2023,6,1,ETH,ET040608,0.5,0.5
ET040608,Wuchale,ET0406,North Shewa (OR),ET04,Oromia,ET,2023,10,1,ETH,ET040608,0.5,0.5
ET040608,Wuchale,ET0406,North Shewa (OR),ET04,Oromia,ET,2023,12,3,ETH,ET040608,1.5,1.5
ET040608,Wuchale,ET0406,North Shewa (OR),ET04,Oromia,ET,2024,11,55,ETH,ET040608,27.5,27.5
ET040608,Wuchale,ET0406,North Shewa (OR),ET04,Oromia,ET,2024,12,0,ETH,ET040608,0.0,0.0
ET040609,Abichugna Gne'a,ET0406,North Shewa (OR),ET04,Oromia,ET,2014,4,2,ETH,ET040609,1.0,1.0
ET040609,Abichugna Gne'a,ET0406,North Shewa (OR),ET04,Oromia,ET,2015,12,0,ETH,ET040609,0.0,0.0
ET040609,Abichugna Gne'a,ET0406,North Shewa (OR),ET04,Oromia,ET,2016,2,0,ETH,ET040609,0.0,0.0
ET040609,Abichugna Gne'a,ET0406,North Shewa (OR),ET04,Oromia,ET,2016,8,2,ETH,ET040609,1.0,1.0
ET040609,Abichugna Gne'a,ET0406,North Shewa (OR),ET04,Oromia,ET,2016,10,11,ETH,ET040609,5.5,5.5
ET040609,Abichugna Gne'a,ET0406,North Shewa (OR),ET04,Oromia,ET,2020,6,0,ETH,ET040609,0.0,0.0
ET040609,Abichugna Gne'a,ET0406,North Shewa (OR),ET04,Oromia,ET,2020,7,7,ETH,ET040609,3.5,3.5
ET040609,Abichugna Gne'a,ET0406,North Shewa (OR),ET04,Oromia,ET,2021,2,0,ETH,ET040609,0.0,0.0
ET040609,Abichugna Gne'a,ET0406,North Shewa (OR),ET04,Oromia,ET,2023,8,24,ETH,ET040609,12.0,12.0
ET040609,Abichugna Gne'a,ET0406,North Shewa (OR),ET04,Oromia,ET,2023,11,10,ETH,ET040609,5.0,5.0
ET040609,Abichugna Gne'a,ET0406,North Shewa (OR),ET04,Oromia,ET,2023,12,22,ETH,ET040609,11.0,11.0
ET040613,Fiche town,ET0406,North Shewa (OR),ET04,Oromia,ET,2004,3,0,ETH,ET040613,0.0,0.0
ET040613,Fiche town,ET0406,North Shewa (OR),ET04,Oromia,ET,2014,6,0,ETH,ET040613,0.0,0.0
ET040613,Fiche town,ET0406,North Shewa (OR),ET04,Oromia,ET,2015,12,1,ETH,ET040613,0.5,0.5
ET040613,Fiche town,ET0406,North Shewa (OR),ET04,Oromia,ET,2017,10,2,ETH,ET040613,1.0,1.0
ET040613,Fiche town,ET0406,North Shewa (OR),ET04,Oromia,ET,2018,1,10,ETH,ET040613,5.0,5.0
ET040613,Fiche town,ET0406,North Shewa (OR),ET04,Oromia,ET,2018,3,0,ETH,ET040613,0.0,0.0
ET040613,Fiche town,ET0406,North Shewa (OR),ET04,Oromia,ET,2018,10,0,ETH,ET040613,0.0,0.0
ET040613,Fiche town,ET0406,North Shewa (OR),ET04,Oromia,ET,2020,11,0,ETH,ET040613,0.0,0.0
ET040613,Fiche town,ET0406,North Shewa (OR),ET04,Oromia,ET,2021,11,0,ETH,ET040613,0.0,0.0
ET040613,Fiche town,ET0406,North Shewa (OR),ET04,Oromia,ET,2022,7,1,ETH,ET040613,0.5,0.5
ET040613,Fiche town,ET0406,North Shewa (OR),ET04,Oromia,ET,2023,10,0,ETH,ET040613,0.0,0.0
ET040613,Fiche town,ET0406,North Shewa (OR),ET04,Oromia,ET,2024,1,0,ETH,ET040613,0.0,0.0
ET040613,Fiche town,ET0406,North Shewa (OR),ET04,Oromia,ET,2024,2,10,ETH,ET040613,5.0,5.0
ET040613,Fiche town,ET0406,North Shewa (OR),ET04,Oromia,ET,2024,8,0,ETH,ET040613,0.0,0.0
ET040613,Fiche town,ET0406,North Shewa (OR),ET04,Oromia,ET,2024,11,0,ETH,ET040613,0.0,0.0
ET040613,Fiche town,ET0406,North Shewa (OR),ET04,Oromia,ET,2024,12,0,ETH,ET040613,0.0,0.0
ET040613,Fiche town,ET0406,North Shewa (OR),ET04,Oromia,ET,2025,3,3,ETH,ET040613,1.5,1.5
ET040613,Fiche town,ET0406,North Shewa (OR),ET04,Oromia,ET,2025,4,0,ETH,ET040613,0.0,0.0
ET040613,Fiche town,ET0406,North Shewa (OR),ET04,Oromia,ET,2025,5,1,ETH,ET040613,0.5,0.5
ET040613,Fiche town,ET0406,North Shewa (OR),ET04,Oromia,ET,2025,7,3,ETH,ET040613,1.5,1.5
ET040614,Yaya Gulele,ET0406,North Shewa (OR),ET04,Oromia,ET,1999,8,123,ETH,ET040614,61.5,61.5
ET040614,Yaya Gulele,ET0406,North Shewa (OR),ET04,Oromia,ET,2013,8,26,ETH,ET040614,13.0,13.0
ET040614,Yaya Gulele,ET0406,North Shewa (OR),ET04,Oromia,ET,2016,8,2,ETH,ET040614,1.0,1.0
ET040614,Yaya Gulele,ET0406,North Shewa (OR),ET04,Oromia,ET,2017,11,2,ETH,ET040614,1.0,1.0
ET040614,Yaya Gulele,ET0406,North Shewa (OR),ET04,Oromia,ET,2022,1,0,ETH,ET040614,0.0,0.0
ET040614,Yaya Gulele,ET0406,North Shewa (OR),ET04,Oromia,ET,2022,5,0,ETH,ET040614,0.0,0.0
ET040614,Yaya Gulele,ET0406,North Shewa (OR),ET04,Oromia,ET,2023,10,4,ETH,ET040614,2.0,2.0
ET040614,Yaya Gulele,ET0406,North Shewa (OR),ET04,Oromia,ET,2023,11,0,ETH,ET040614,0.0,0.0
ET040614,Yaya Gulele,ET0406,North Shewa (OR),ET04,Oromia,ET,2023,12,0,ETH,ET040614,0.0,0.0
ET040614,Yaya Gulele,ET0406,North Shewa (OR),ET04,Oromia,ET,2024,1,0,ETH,ET040614,0.0,0.0
ET040614,Yaya Gulele,ET0406,North Shewa (OR),ET04,Oromia,ET,2024,3,1,ETH,ET040614,0.5,0.5
ET040614,Yaya Gulele,ET0406,North Shewa (OR),ET04,Oromia,ET,2024,9,0,ETH,ET040614,0.0,0.0
ET040614,Yaya Gulele,ET0406,North Shewa (OR),ET04,Oromia,ET,2025,1,5,ETH,ET040614,2.5,2.5
ET040614,Yaya Gulele,ET0406,North Shewa (OR),ET04,Oromia,ET,2025,3,0,ETH,ET040614,0.0,0.0
ET040614,Yaya Gulele,ET0406,North Shewa (OR),ET04,Oromia,ET,2025,7,3,ETH,ET040614,1.5,1.5
ET040615,Jida,ET0406,North Shewa (OR),ET04,Oromia,ET,2015,12,0,ETH,ET040615,0.0,0.0
ET040617,Aleltu,ET0406,North Shewa (OR),ET04,Oromia,ET,2002,8,9,ETH,ET040617,4.5,4.5
ET040617,Aleltu,ET0406,North Shewa (OR),ET04,Oromia,ET,2015,12,0,ETH,ET040617,0.0,0.0
ET040617,Aleltu,ET0406,North Shewa (OR),ET04,Oromia,ET,2016,3,5,ETH,ET040617,2.5,2.5
ET040617,Aleltu,ET0406,North Shewa (OR),ET04,Oromia,ET,2016,7,0,ETH,ET040617,0.0,0.0
ET040617,Aleltu,ET0406,North Shewa (OR),ET04,Oromia,ET,2016,8,0,ETH,ET040617,0.0,0.0
ET040617,Aleltu,ET0406,North Shewa (OR),ET04,Oromia,ET,2016,10,0,ETH,ET040617,0.0,0.0
ET040617,Aleltu,ET0406,North Shewa (OR),ET04,Oromia,ET,2024,12,0,ETH,ET040617,0.0,0.0
ET040701,Fentale,ET0407,East Shewa,ET04,Oromia,ET,2021,7,3,ETH,ET040701,1.5,1.5
ET040701,Fentale,ET0407,East Shewa,ET04,Oromia,ET,2021,11,21,ETH,ET040701,10.5,10.5
ET040701,Fentale,ET0407,East Shewa,ET04,Oromia,ET,2021,12,38,ETH,ET040701,19.0,19.0
ET040701,Fentale,ET0407,East Shewa,ET04,Oromia,ET,2022,3,29,ETH,ET040701,14.5,14.5
ET040701,Fentale,ET0407,East Shewa,ET04,Oromia,ET,2022,5,10,ETH,ET040701,5.0,5.0
ET040701,Fentale,ET0407,East Shewa,ET04,Oromia,ET,2022,6,3,ETH,ET040701,1.5,1.5
ET040701,Fentale,ET0407,East Shewa,ET04,Oromia,ET,2022,9,1,ETH,ET040701,0.5,0.5
ET040701,Fentale,ET0407,East Shewa,ET04,Oromia,ET,2022,10,6,ETH,ET040701,3.0,3.0
ET040701,Fentale,ET0407,East Shewa,ET04,Oromia,ET,2022,11,2,ETH,ET040701,1.0,1.0
ET040701,Fentale,ET0407,East Shewa,ET04,Oromia,ET,2023,1,0,ETH,ET040701,0.0,0.0
ET040701,Fentale,ET0407,East Shewa,ET04,Oromia,ET,2023,3,6,ETH,ET040701,3.0,3.0
ET040701,Fentale,ET0407,East Shewa,ET04,Oromia,ET,2023,4,5,ETH,ET040701,2.5,2.5
ET040701,Fentale,ET0407,East Shewa,ET04,Oromia,ET,2023,7,1,ETH,ET040701,0.5,0.5
ET040701,Fentale,ET0407,East Shewa,ET04,Oromia,ET,2023,8,0,ETH,ET040701,0.0,0.0
ET040701,Fentale,ET0407,East Shewa,ET04,Oromia,ET,2023,9,6,ETH,ET040701,3.0,3.0
ET040701,Fentale,ET0407,East Shewa,ET04,Oromia,ET,2023,10,3,ETH,ET040701,1.5,1.5
ET040701,Fentale,ET0407,East Shewa,ET04,Oromia,ET,2024,1,13,ETH,ET040701,6.5,6.5
ET040701,Fentale,ET0407,East Shewa,ET04,Oromia,ET,2024,4,3,ETH,ET040701,1.5,1.5
ET040701,Fentale,ET0407,East Shewa,ET04,Oromia,ET,2025,2,2,ETH,ET040701,1.0,1.0
ET040701,Fentale,ET0407,East Shewa,ET04,Oromia,ET,2025,3,6,ETH,ET040701,3.0,3.0
ET040701,Fentale,ET0407,East Shewa,ET04,Oromia,ET,2025,6,5,ETH,ET040701,2.5,2.5
ET040702,Boset,ET0407,East Shewa,ET04,Oromia,ET,2016,10,1,ETH,ET040702,0.5,0.5
ET040702,Boset,ET0407,East Shewa,ET04,Oromia,ET,2016,12,1,ETH,ET040702,0.5,0.5
ET040702,Boset,ET0407,East Shewa,ET04,Oromia,ET,2018,2,3,ETH,ET040702,1.5,1.5
ET040702,Boset,ET0407,East Shewa,ET04,Oromia,ET,2020,2,1,ETH,ET040702,0.5,0.5
ET040702,Boset,ET0407,East Shewa,ET04,Oromia,ET,2021,10,4,ETH,ET040702,2.0,2.0
ET040702,Boset,ET0407,East Shewa,ET04,Oromia,ET,2021,11,10,ETH,ET040702,5.0,5.0
ET040702,Boset,ET0407,East Shewa,ET04,Oromia,ET,2021,12,2,ETH,ET040702,1.0,1.0
ET040702,Boset,ET0407,East Shewa,ET04,Oromia,ET,2022,1,0,ETH,ET040702,0.0,0.0
ET040702,Boset,ET0407,East Shewa,ET04,Oromia,ET,2022,4,12,ETH,ET040702,6.0,6.0
ET040702,Boset,ET0407,East Shewa,ET04,Oromia,ET,2022,5,2,ETH,ET040702,1.0,1.0
ET040702,Boset,ET0407,East Shewa,ET04,Oromia,ET,2022,6,3,ETH,ET040702,1.5,1.5
ET040702,Boset,ET0407,East Shewa,ET04,Oromia,ET,2022,7,5,ETH,ET040702,2.5,2.5
ET040702,Boset,ET0407,East Shewa,ET04,Oromia,ET,2022,8,48,ETH,ET040702,24.0,24.0
ET040702,Boset,ET0407,East Shewa,ET04,Oromia,ET,2022,9,3,ETH,ET040702,1.5,1.5
ET040702,Boset,ET0407,East Shewa,ET04,Oromia,ET,2022,10,0,ETH,ET040702,0.0,0.0
ET040702,Boset,ET0407,East Shewa,ET04,Oromia,ET,2022,11,10,ETH,ET040702,5.0,5.0
ET040702,Boset,ET0407,East Shewa,ET04,Oromia,ET,2022,12,2,ETH,ET040702,1.0,1.0
ET040702,Boset,ET0407,East Shewa,ET04,Oromia,ET,2023,1,16,ETH,ET040702,8.0,8.0
ET040702,Boset,ET0407,East Shewa,ET04,Oromia,ET,2023,3,0,ETH,ET040702,0.0,0.0
ET040702,Boset,ET0407,East Shewa,ET04,Oromia,ET,2023,4,0,ETH,ET040702,0.0,0.0
ET040702,Boset,ET0407,East Shewa,ET04,Oromia,ET,2023,5,15,ETH,ET040702,7.5,7.5
ET040702,Boset,ET0407,East Shewa,ET04,Oromia,ET,2023,6,6,ETH,ET040702,3.0,3.0
ET040702,Boset,ET0407,East Shewa,ET04,Oromia,ET,2023,8,4,ETH,ET040702,2.0,2.0
ET040702,Boset,ET0407,East Shewa,ET04,Oromia,ET,2023,10,6,ETH,ET040702,3.0,3.0
ET040702,Boset,ET0407,East Shewa,ET04,Oromia,ET,2023,11,1,ETH,ET040702,0.5,0.5
ET040702,Boset,ET0407,East Shewa,ET04,Oromia,ET,2023,12,0,ETH,ET040702,0.0,0.0
ET040702,Boset,ET0407,East Shewa,ET04,Oromia,ET,2024,1,0,ETH,ET040702,0.0,0.0
ET040702,Boset,ET0407,East Shewa,ET04,Oromia,ET,2024,2,0,ETH,ET040702,0.0,0.0
ET040702,Boset,ET0407,East Shewa,ET04,Oromia,ET,2024,3,0,ETH,ET040702,0.0,0.0
ET040702,Boset,ET0407,East Shewa,ET04,Oromia,ET,2024,4,4,ETH,ET040702,2.0,2.0
ET040702,Boset,ET0407,East Shewa,ET04,Oromia,ET,2024,6,3,ETH,ET040702,1.5,1.5
ET040702,Boset,ET0407,East Shewa,ET04,Oromia,ET,2024,7,1,ETH,ET040702,0.5,0.5
ET040702,Boset,ET0407,East Shewa,ET04,Oromia,ET,2024,9,0,ETH,ET040702,0.0,0.0
ET040702,Boset,ET0407,East Shewa,ET04,Oromia,ET,2024,11,0,ETH,ET040702,0.0,0.0
ET040702,Boset,ET0407,East Shewa,ET04,Oromia,ET,2025,1,8,ETH,ET040702,4.0,4.0
ET040702,Boset,ET0407,East Shewa,ET04,Oromia,ET,2025,2,0,ETH,ET040702,0.0,0.0
ET040702,Boset,ET0407,East Shewa,ET04,Oromia,ET,2025,3,3,ETH,ET040702,1.5,1.5
ET040702,Boset,ET0407,East Shewa,ET04,Oromia,ET,2025,4,1,ETH,ET040702,0.5,0.5
ET040702,Boset,ET0407,East Shewa,ET04,Oromia,ET,2025,5,4,ETH,ET040702,2.0,2.0
ET040702,Boset,ET0407,East Shewa,ET04,Oromia,ET,2025,7,0,ETH,ET040702,0.0,0.0
ET040703,Adama,ET0407,East Shewa,ET04,Oromia,ET,2016,10,0,ETH,ET040703,0.0,0.0
ET040703,Adama,ET0407,East Shewa,ET04,Oromia,ET,2019,12,3,ETH,ET040703,1.5,1.5
ET040703,Adama,ET0407,East Shewa,ET04,Oromia,ET,2021,12,3,ETH,ET040703,1.5,1.5
ET040703,Adama,ET0407,East Shewa,ET04,Oromia,ET,2023,6,1,ETH,ET040703,0.5,0.5
ET040703,Adama,ET0407,East Shewa,ET04,Oromia,ET,2023,9,0,ETH,ET040703,0.0,0.0
ET040703,Adama,ET0407,East Shewa,ET04,Oromia,ET,2023,11,0,ETH,ET040703,0.0,0.0
ET040703,Adama,ET0407,East Shewa,ET04,Oromia,ET,2024,11,0,ETH,ET040703,0.0,0.0
ET040703,Adama,ET0407,East Shewa,ET04,Oromia,ET,2025,5,0,ETH,ET040703,0.0,0.0
ET040704,Lome (OR),ET0407,East Shewa,ET04,Oromia,ET,2014,4,1,ETH,ET040704,0.5,0.5
ET040704,Lome (OR),ET0407,East Shewa,ET04,Oromia,ET,2015,12,0,ETH,ET040704,0.0,0.0
ET040704,Lome (OR),ET0407,East Shewa,ET04,Oromia,ET,2016,1,0,ETH,ET040704,0.0,0.0
ET040704,Lome (OR),ET0407,East Shewa,ET04,Oromia,ET,2016,8,0,ETH,ET040704,0.0,0.0
ET040704,Lome (OR),ET0407,East Shewa,ET04,Oromia,ET,2016,10,0,ETH,ET040704,0.0,0.0
ET040704,Lome (OR),ET0407,East Shewa,ET04,Oromia,ET,2017,10,0,ETH,ET040704,0.0,0.0
ET040704,Lome (OR),ET0407,East Shewa,ET04,Oromia,ET,2019,10,0,ETH,ET040704,0.0,0.0
ET040704,Lome (OR),ET0407,East Shewa,ET04,Oromia,ET,2022,5,1,ETH,ET040704,0.5,0.5
ET040704,Lome (OR),ET0407,East Shewa,ET04,Oromia,ET,2023,9,0,ETH,ET040704,0.0,0.0
ET040704,Lome (OR),ET0407,East Shewa,ET04,Oromia,ET,2024,2,4,ETH,ET040704,2.0,2.0
ET040704,Lome (OR),ET0407,East Shewa,ET04,Oromia,ET,2024,8,3,ETH,ET040704,1.5,1.5
ET040704,Lome (OR),ET0407,East Shewa,ET04,Oromia,ET,2024,9,13,ETH,ET040704,6.5,6.5
ET040704,Lome (OR),ET0407,East Shewa,ET04,Oromia,ET,2025,1,11,ETH,ET040704,5.5,5.5
ET040705,Gimbichu,ET0407,East Shewa,ET04,Oromia,ET,2012,12,4,ETH,ET040705,2.0,2.0
ET040705,Gimbichu,ET0407,East Shewa,ET04,Oromia,ET,2017,11,0,ETH,ET040705,0.0,0.0
ET040705,Gimbichu,ET0407,East Shewa,ET04,Oromia,ET,2025,3,11,ETH,ET040705,5.5,5.5
ET040705,Gimbichu,ET0407,East Shewa,ET04,Oromia,ET,2025,8,8,ETH,ET040705,4.0,4.0
ET040706,Ada'a,ET0407,East Shewa,ET04,Oromia,ET,2009,7,3,ETH,ET040706,1.5,1.5
ET040706,Ada'a,ET0407,East Shewa,ET04,Oromia,ET,2009,8,0,ETH,ET040706,0.0,0.0
ET040706,Ada'a,ET0407,East Shewa,ET04,Oromia,ET,2009,10,7,ETH,ET040706,3.5,3.5
ET040706,Ada'a,ET0407,East Shewa,ET04,Oromia,ET,2016,10,0,ETH,ET040706,0.0,0.0
ET040706,Ada'a,ET0407,East Shewa,ET04,Oromia,ET,2018,12,0,ETH,ET040706,0.0,0.0
ET040706,Ada'a,ET0407,East Shewa,ET04,Oromia,ET,2021,8,0,ETH,ET040706,0.0,0.0
ET040706,Ada'a,ET0407,East Shewa,ET04,Oromia,ET,2021,11,0,ETH,ET040706,0.0,0.0
ET040706,Ada'a,ET0407,East Shewa,ET04,Oromia,ET,2023,8,1,ETH,ET040706,0.5,0.5
ET040706,Ada'a,ET0407,East Shewa,ET04,Oromia,ET,2023,10,0,ETH,ET040706,0.0,0.0
ET040706,Ada'a,ET0407,East Shewa,ET04,Oromia,ET,2024,10,0,ETH,ET040706,0.0,0.0
ET040706,Ada'a,ET0407,East Shewa,ET04,Oromia,ET,2024,11,0,ETH,ET040706,0.0,0.0
ET040706,Ada'a,ET0407,East Shewa,ET04,Oromia,ET,2024,12,6,ETH,ET040706,3.0,3.0
ET040707,Dugda,ET0407,East Shewa,ET04,Oromia,ET,2015,12,1,ETH,ET040707,0.5,0.5
ET040707,Dugda,ET0407,East Shewa,ET04,Oromia,ET,2016,3,0,ETH,ET040707,0.0,0.0
ET040707,Dugda,ET0407,East Shewa,ET04,Oromia,ET,2016,8,0,ETH,ET040707,0.0,0.0
ET040707,Dugda,ET0407,East Shewa,ET04,Oromia,ET,2016,9,1,ETH,ET040707,0.5,0.5
ET040707,Dugda,ET0407,East Shewa,ET04,Oromia,ET,2021,9,1,ETH,ET040707,0.5,0.5
ET040707,Dugda,ET0407,East Shewa,ET04,Oromia,ET,2022,10,0,ETH,ET040707,0.0,0.0
ET040707,Dugda,ET0407,East Shewa,ET04,Oromia,ET,2022,11,2,ETH,ET040707,1.0,1.0
ET040707,Dugda,ET0407,East Shewa,ET04,Oromia,ET,2022,12,0,ETH,ET040707,0.0,0.0
ET040707,Dugda,ET0407,East Shewa,ET04,Oromia,ET,2023,6,1,ETH,ET040707,0.5,0.5
ET040707,Dugda,ET0407,East Shewa,ET04,Oromia,ET,2023,7,1,ETH,ET040707,0.5,0.5
ET040707,Dugda,ET0407,East Shewa,ET04,Oromia,ET,2023,8,7,ETH,ET040707,3.5,3.5
ET040707,Dugda,ET0407,East Shewa,ET04,Oromia,ET,2023,9,10,ETH,ET040707,5.0,5.0
ET040707,Dugda,ET0407,East Shewa,ET04,Oromia,ET,2023,10,9,ETH,ET040707,4.5,4.5
ET040707,Dugda,ET0407,East Shewa,ET04,Oromia,ET,2024,4,2,ETH,ET040707,1.0,1.0
ET040707,Dugda,ET0407,East Shewa,ET04,Oromia,ET,2024,5,10,ETH,ET040707,5.0,5.0
ET040707,Dugda,ET0407,East Shewa,ET04,Oromia,ET,2024,6,6,ETH,ET040707,3.0,3.0
ET040707,Dugda,ET0407,East Shewa,ET04,Oromia,ET,2024,10,38,ETH,ET040707,19.0,19.0
ET040707,Dugda,ET0407,East Shewa,ET04,Oromia,ET,2024,11,15,ETH,ET040707,7.5,7.5
ET040707,Dugda,ET0407,East Shewa,ET04,Oromia,ET,2025,4,0,ETH,ET040707,0.0,0.0
ET040707,Dugda,ET0407,East Shewa,ET04,Oromia,ET,2025,5,0,ETH,ET040707,0.0,0.0
ET040707,Dugda,ET0407,East Shewa,ET04,Oromia,ET,2025,6,5,ETH,ET040707,2.5,2.5
ET040707,Dugda,ET0407,East Shewa,ET04,Oromia,ET,2025,9,14,ETH,ET040707,7.0,7.0
ET040708,Adama Tulu Jido Kombolcha,ET0407,East Shewa,ET04,Oromia,ET,2015,12,0,ETH,ET040708,0.0,0.0
ET040708,Adama Tulu Jido Kombolcha,ET0407,East Shewa,ET04,Oromia,ET,2016,2,0,ETH,ET040708,0.0,0.0
ET040708,Adama Tulu Jido Kombolcha,ET0407,East Shewa,ET04,Oromia,ET,2016,7,0,ETH,ET040708,0.0,0.0
ET040708,Adama Tulu Jido Kombolcha,ET0407,East Shewa,ET04,Oromia,ET,2016,8,2,ETH,ET040708,1.0,1.0
ET040708,Adama Tulu Jido Kombolcha,ET0407,East Shewa,ET04,Oromia,ET,2016,9,0,ETH,ET040708,0.0,0.0
ET040708,Adama Tulu Jido Kombolcha,ET0407,East Shewa,ET04,Oromia,ET,2016,10,11,ETH,ET040708,5.5,5.5
ET040708,Adama Tulu Jido Kombolcha,ET0407,East Shewa,ET04,Oromia,ET,2017,11,10,ETH,ET040708,5.0,5.0
ET040708,Adama Tulu Jido Kombolcha,ET0407,East Shewa,ET04,Oromia,ET,2019,10,3,ETH,ET040708,1.5,1.5
ET040708,Adama Tulu Jido Kombolcha,ET0407,East Shewa,ET04,Oromia,ET,2019,11,0,ETH,ET040708,0.0,0.0
ET040708,Adama Tulu Jido Kombolcha,ET0407,East Shewa,ET04,Oromia,ET,2020,6,4,ETH,ET040708,2.0,2.0
ET040708,Adama Tulu Jido Kombolcha,ET0407,East Shewa,ET04,Oromia,ET,2020,7,0,ETH,ET040708,0.0,0.0
ET040708,Adama Tulu Jido Kombolcha,ET0407,East Shewa,ET04,Oromia,ET,2021,2,0,ETH,ET040708,0.0,0.0
ET040708,Adama Tulu Jido Kombolcha,ET0407,East Shewa,ET04,Oromia,ET,2022,3,4,ETH,ET040708,2.0,2.0
ET040708,Adama Tulu Jido Kombolcha,ET0407,East Shewa,ET04,Oromia,ET,2023,5,0,ETH,ET040708,0.0,0.0
ET040708,Adama Tulu Jido Kombolcha,ET0407,East Shewa,ET04,Oromia,ET,2023,6,4,ETH,ET040708,2.0,2.0
ET040708,Adama Tulu Jido Kombolcha,ET0407,East Shewa,ET04,Oromia,ET,2023,9,0,ETH,ET040708,0.0,0.0
ET040708,Adama Tulu Jido Kombolcha,ET0407,East Shewa,ET04,Oromia,ET,2024,1,2,ETH,ET040708,1.0,1.0
ET040708,Adama Tulu Jido Kombolcha,ET0407,East Shewa,ET04,Oromia,ET,2024,4,0,ETH,ET040708,0.0,0.0
ET040708,Adama Tulu Jido Kombolcha,ET0407,East Shewa,ET04,Oromia,ET,2024,11,3,ETH,ET040708,1.5,1.5
ET040709,Bishoftu town,ET0407,East Shewa,ET04,Oromia,ET,2004,3,0,ETH,ET040709,0.0,0.0
ET040709,Bishoftu town,ET0407,East Shewa,ET04,Oromia,ET,2004,5,1,ETH,ET040709,0.5,0.5
ET040709,Bishoftu town,ET0407,East Shewa,ET04,Oromia,ET,2016,4,0,ETH,ET040709,0.0,0.0
ET040709,Bishoftu town,ET0407,East Shewa,ET04,Oromia,ET,2016,8,0,ETH,ET040709,0.0,0.0
ET040709,Bishoftu town,ET0407,East Shewa,ET04,Oromia,ET,2016,9,3,ETH,ET040709,1.5,1.5
ET040709,Bishoftu town,ET0407,East Shewa,ET04,Oromia,ET,2016,10,130,ETH,ET040709,65.0,65.0
ET040709,Bishoftu town,ET0407,East Shewa,ET04,Oromia,ET,2017,9,2,ETH,ET040709,1.0,1.0
ET040709,Bishoftu town,ET0407,East Shewa,ET04,Oromia,ET,2017,10,0,ETH,ET040709,0.0,0.0
ET040709,Bishoftu town,ET0407,East Shewa,ET04,Oromia,ET,2018,2,0,ETH,ET040709,0.0,0.0
ET040709,Bishoftu town,ET0407,East Shewa,ET04,Oromia,ET,2019,10,6,ETH,ET040709,3.0,3.0
ET040709,Bishoftu town,ET0407,East Shewa,ET04,Oromia,ET,2021,2,1,ETH,ET040709,0.5,0.5
ET040709,Bishoftu town,ET0407,East Shewa,ET04,Oromia,ET,2022,10,0,ETH,ET040709,0.0,0.0
ET040709,Bishoftu town,ET0407,East Shewa,ET04,Oromia,ET,2022,12,0,ETH,ET040709,0.0,0.0
ET040709,Bishoftu town,ET0407,East Shewa,ET04,Oromia,ET,2023,5,4,ETH,ET040709,2.0,2.0
ET040709,Bishoftu town,ET0407,East Shewa,ET04,Oromia,ET,2023,11,0,ETH,ET040709,0.0,0.0
ET040709,Bishoftu town,ET0407,East Shewa,ET04,Oromia,ET,2024,11,0,ETH,ET040709,0.0,0.0
ET040709,Bishoftu town,ET0407,East Shewa,ET04,Oromia,ET,2024,12,3,ETH,ET040709,1.5,1.5
ET040709,Bishoftu town,ET0407,East Shewa,ET04,Oromia,ET,2025,6,4,ETH,ET040709,2.0,2.0
ET040710,Bora (OR),ET0407,East Shewa,ET04,Oromia,ET,2004,5,6,ETH,ET040710,3.0,3.0
ET040710,Bora (OR),ET0407,East Shewa,ET04,Oromia,ET,2018,1,3,ETH,ET040710,1.5,1.5
ET040710,Bora (OR),ET0407,East Shewa,ET04,Oromia,ET,2018,10,0,ETH,ET040710,0.0,0.0
ET040710,Bora (OR),ET0407,East Shewa,ET04,Oromia,ET,2022,6,0,ETH,ET040710,0.0,0.0
ET040710,Bora (OR),ET0407,East Shewa,ET04,Oromia,ET,2022,10,0,ETH,ET040710,0.0,0.0
ET040710,Bora (OR),ET0407,East Shewa,ET04,Oromia,ET,2022,11,3,ETH,ET040710,1.5,1.5
ET040710,Bora (OR),ET0407,East Shewa,ET04,Oromia,ET,2023,3,0,ETH,ET040710,0.0,0.0
ET040710,Bora (OR),ET0407,East Shewa,ET04,Oromia,ET,2023,6,10,ETH,ET040710,5.0,5.0
ET040710,Bora (OR),ET0407,East Shewa,ET04,Oromia,ET,2023,10,0,ETH,ET040710,0.0,0.0
ET040710,Bora (OR),ET0407,East Shewa,ET04,Oromia,ET,2024,2,0,ETH,ET040710,0.0,0.0
ET040710,Bora (OR),ET0407,East Shewa,ET04,Oromia,ET,2024,3,1,ETH,ET040710,0.5,0.5
ET040710,Bora (OR),ET0407,East Shewa,ET04,Oromia,ET,2024,4,1,ETH,ET040710,0.5,0.5
ET040710,Bora (OR),ET0407,East Shewa,ET04,Oromia,ET,2024,9,3,ETH,ET040710,1.5,1.5
ET040710,Bora (OR),ET0407,East Shewa,ET04,Oromia,ET,2024,10,5,ETH,ET040710,2.5,2.5
ET040710,Bora (OR),ET0407,East Shewa,ET04,Oromia,ET,2025,7,1,ETH,ET040710,0.5,0.5
ET040711,Liben Chukala,ET0407,East Shewa,ET04,Oromia,ET,2022,6,3,ETH,ET040711,1.5,1.5
ET040711,Liben Chukala,ET0407,East Shewa,ET04,Oromia,ET,2022,10,0,ETH,ET040711,0.0,0.0
ET040711,Liben Chukala,ET0407,East Shewa,ET04,Oromia,ET,2022,12,5,ETH,ET040711,2.5,2.5
ET040711,Liben Chukala,ET0407,East Shewa,ET04,Oromia,ET,2023,1,0,ETH,ET040711,0.0,0.0
ET040711,Liben Chukala,ET0407,East Shewa,ET04,Oromia,ET,2023,2,1,ETH,ET040711,0.5,0.5
ET040711,Liben Chukala,ET0407,East Shewa,ET04,Oromia,ET,2023,3,10,ETH,ET040711,5.0,5.0
ET040711,Liben Chukala,ET0407,East Shewa,ET04,Oromia,ET,2024,2,4,ETH,ET040711,2.0,2.0
ET040711,Liben Chukala,ET0407,East Shewa,ET04,Oromia,ET,2024,3,15,ETH,ET040711,7.5,7.5
ET040711,Liben Chukala,ET0407,East Shewa,ET04,Oromia,ET,2024,5,15,ETH,ET040711,7.5,7.5
ET040711,Liben Chukala,ET0407,East Shewa,ET04,Oromia,ET,2025,4,1,ETH,ET040711,0.5,0.5
ET040711,Liben Chukala,ET0407,East Shewa,ET04,Oromia,ET,2025,5,8,ETH,ET040711,4.0,4.0
ET040711,Liben Chukala,ET0407,East Shewa,ET04,Oromia,ET,2025,6,1,ETH,ET040711,0.5,0.5
ET040714,Adama town,ET0407,East Shewa,ET04,Oromia,ET,2006,5,1,ETH,ET040714,0.5,0.5
ET040714,Adama town,ET0407,East Shewa,ET04,Oromia,ET,2014,4,0,ETH,ET040714,0.0,0.0
ET040714,Adama town,ET0407,East Shewa,ET04,Oromia,ET,2015,11,0,ETH,ET040714,0.0,0.0
ET040714,Adama town,ET0407,East Shewa,ET04,Oromia,ET,2015,12,0,ETH,ET040714,0.0,0.0
ET040714,Adama town,ET0407,East Shewa,ET04,Oromia,ET,2016,1,0,ETH,ET040714,0.0,0.0
ET040714,Adama town,ET0407,East Shewa,ET04,Oromia,ET,2016,3,0,ETH,ET040714,0.0,0.0
ET040714,Adama town,ET0407,East Shewa,ET04,Oromia,ET,2016,5,0,ETH,ET040714,0.0,0.0
ET040714,Adama town,ET0407,East Shewa,ET04,Oromia,ET,2016,8,0,ETH,ET040714,0.0,0.0
ET040714,Adama town,ET0407,East Shewa,ET04,Oromia,ET,2016,9,4,ETH,ET040714,2.0,2.0
ET040714,Adama town,ET0407,East Shewa,ET04,Oromia,ET,2016,10,9,ETH,ET040714,4.5,4.5
ET040714,Adama town,ET0407,East Shewa,ET04,Oromia,ET,2016,11,0,ETH,ET040714,0.0,0.0
ET040714,Adama town,ET0407,East Shewa,ET04,Oromia,ET,2017,5,1,ETH,ET040714,0.5,0.5
ET040714,Adama town,ET0407,East Shewa,ET04,Oromia,ET,2017,7,0,ETH,ET040714,0.0,0.0
ET040714,Adama town,ET0407,East Shewa,ET04,Oromia,ET,2017,10,0,ETH,ET040714,0.0,0.0
ET040714,Adama town,ET0407,East Shewa,ET04,Oromia,ET,2017,11,3,ETH,ET040714,1.5,1.5
ET040714,Adama town,ET0407,East Shewa,ET04,Oromia,ET,2018,1,0,ETH,ET040714,0.0,0.0
ET040714,Adama town,ET0407,East Shewa,ET04,Oromia,ET,2018,2,0,ETH,ET040714,0.0,0.0
ET040714,Adama town,ET0407,East Shewa,ET04,Oromia,ET,2018,9,0,ETH,ET040714,0.0,0.0
ET040714,Adama town,ET0407,East Shewa,ET04,Oromia,ET,2018,12,0,ETH,ET040714,0.0,0.0
ET040714,Adama town,ET0407,East Shewa,ET04,Oromia,ET,2019,3,0,ETH,ET040714,0.0,0.0
ET040714,Adama town,ET0407,East Shewa,ET04,Oromia,ET,2019,10,16,ETH,ET040714,8.0,8.0
ET040714,Adama town,ET0407,East Shewa,ET04,Oromia,ET,2020,2,0,ETH,ET040714,0.0,0.0
ET040714,Adama town,ET0407,East Shewa,ET04,Oromia,ET,2020,6,9,ETH,ET040714,4.5,4.5
ET040714,Adama town,ET0407,East Shewa,ET04,Oromia,ET,2020,7,89,ETH,ET040714,44.5,44.5
ET040714,Adama town,ET0407,East Shewa,ET04,Oromia,ET,2020,11,24,ETH,ET040714,12.0,12.0
ET040714,Adama town,ET0407,East Shewa,ET04,Oromia,ET,2021,1,0,ETH,ET040714,0.0,0.0
ET040714,Adama town,ET0407,East Shewa,ET04,Oromia,ET,2021,2,0,ETH,ET040714,0.0,0.0
ET040714,Adama town,ET0407,East Shewa,ET04,Oromia,ET,2021,8,0,ETH,ET040714,0.0,0.0
ET040714,Adama town,ET0407,East Shewa,ET04,Oromia,ET,2021,10,0,ETH,ET040714,0.0,0.0
ET040714,Adama town,ET0407,East Shewa,ET04,Oromia,ET,2021,11,0,ETH,ET040714,0.0,0.0
ET040714,Adama town,ET0407,East Shewa,ET04,Oromia,ET,2022,7,129,ETH,ET040714,64.5,64.5
ET040714,Adama town,ET0407,East Shewa,ET04,Oromia,ET,2022,9,0,ETH,ET040714,0.0,0.0
ET040714,Adama town,ET0407,East Shewa,ET04,Oromia,ET,2022,10,0,ETH,ET040714,0.0,0.0
ET040714,Adama town,ET0407,East Shewa,ET04,Oromia,ET,2022,11,0,ETH,ET040714,0.0,0.0
ET040714,Adama town,ET0407,East Shewa,ET04,Oromia,ET,2022,12,1,ETH,ET040714,0.5,0.5
ET040714,Adama town,ET0407,East Shewa,ET04,Oromia,ET,2023,1,0,ETH,ET040714,0.0,0.0
ET040714,Adama town,ET0407,East Shewa,ET04,Oromia,ET,2023,2,0,ETH,ET040714,0.0,0.0
ET040714,Adama town,ET0407,East Shewa,ET04,Oromia,ET,2023,4,0,ETH,ET040714,0.0,0.0
ET040714,Adama town,ET0407,East Shewa,ET04,Oromia,ET,2023,5,0,ETH,ET040714,0.0,0.0
ET040714,Adama town,ET0407,East Shewa,ET04,Oromia,ET,2023,10,2,ETH,ET040714,1.0,1.0
ET040714,Adama town,ET0407,East Shewa,ET04,Oromia,ET,2023,12,0,ETH,ET040714,0.0,0.0
ET040714,Adama town,ET0407,East Shewa,ET04,Oromia,ET,2024,1,0,ETH,ET040714,0.0,0.0
ET040714,Adama town,ET0407,East Shewa,ET04,Oromia,ET,2024,2,0,ETH,ET040714,0.0,0.0
ET040714,Adama town,ET0407,East Shewa,ET04,Oromia,ET,2024,3,0,ETH,ET040714,0.0,0.0
ET040714,Adama town,ET0407,East Shewa,ET04,Oromia,ET,2024,4,7,ETH,ET040714,3.5,3.5
ET040714,Adama town,ET0407,East Shewa,ET04,Oromia,ET,2024,5,6,ETH,ET040714,3.0,3.0
ET040714,Adama town,ET0407,East Shewa,ET04,Oromia,ET,2024,7,1,ETH,ET040714,0.5,0.5
ET040714,Adama town,ET0407,East Shewa,ET04,Oromia,ET,2024,9,0,ETH,ET040714,0.0,0.0
ET040714,Adama town,ET0407,East Shewa,ET04,Oromia,ET,2024,10,3,ETH,ET040714,1.5,1.5
ET040714,Adama town,ET0407,East Shewa,ET04,Oromia,ET,2024,11,0,ETH,ET040714,0.0,0.0
ET040714,Adama town,ET0407,East Shewa,ET04,Oromia,ET,2024,12,0,ETH,ET040714,0.0,0.0
ET040714,Adama town,ET0407,East Shewa,ET04,Oromia,ET,2025,1,0,ETH,ET040714,0.0,0.0
ET040714,Adama town,ET0407,East Shewa,ET04,Oromia,ET,2025,2,3,ETH,ET040714,1.5,1.5
ET040714,Adama town,ET0407,East Shewa,ET04,Oromia,ET,2025,4,5,ETH,ET040714,2.5,2.5
ET040714,Adama town,ET0407,East Shewa,ET04,Oromia,ET,2025,5,1,ETH,ET040714,0.5,0.5
ET040799,Metehara town,ET0407,East Shewa,ET04,Oromia,ET,2002,11,11,ETH,ET040799,5.5,5.5
ET040799,Metehara town,ET0407,East Shewa,ET04,Oromia,ET,2002,12,0,ETH,ET040799,0.0,0.0
ET040799,Metehara town,ET0407,East Shewa,ET04,Oromia,ET,2009,5,21,ETH,ET040799,10.5,10.5
ET040799,Metehara town,ET0407,East Shewa,ET04,Oromia,ET,2009,10,10,ETH,ET040799,5.0,5.0
ET040799,Metehara town,ET0407,East Shewa,ET04,Oromia,ET,2016,1,0,ETH,ET040799,0.0,0.0
ET040799,Metehara town,ET0407,East Shewa,ET04,Oromia,ET,2016,10,0,ETH,ET040799,0.0,0.0
ET040799,Metehara town,ET0407,East Shewa,ET04,Oromia,ET,2019,12,2,ETH,ET040799,1.0,1.0
ET040799,Metehara town,ET0407,East Shewa,ET04,Oromia,ET,2021,2,1,ETH,ET040799,0.5,0.5
ET040799,Metehara town,ET0407,East Shewa,ET04,Oromia,ET,2022,3,10,ETH,ET040799,5.0,5.0
ET040799,Metehara town,ET0407,East Shewa,ET04,Oromia,ET,2022,9,10,ETH,ET040799,5.0,5.0
ET040799,Metehara town,ET0407,East Shewa,ET04,Oromia,ET,2022,10,12,ETH,ET040799,6.0,6.0
ET040799,Metehara town,ET0407,East Shewa,ET04,Oromia,ET,2022,11,0,ETH,ET040799,0.0,0.0
ET040799,Metehara town,ET0407,East Shewa,ET04,Oromia,ET,2023,2,4,ETH,ET040799,2.0,2.0
ET040799,Metehara town,ET0407,East Shewa,ET04,Oromia,ET,2023,3,8,ETH,ET040799,4.0,4.0
ET040799,Metehara town,ET0407,East Shewa,ET04,Oromia,ET,2023,4,2,ETH,ET040799,1.0,1.0
ET040799,Metehara town,ET0407,East Shewa,ET04,Oromia,ET,2023,12,10,ETH,ET040799,5.0,5.0
ET040799,Metehara town,ET0407,East Shewa,ET04,Oromia,ET,2024,1,3,ETH,ET040799,1.5,1.5
ET040799,Metehara town,ET0407,East Shewa,ET04,Oromia,ET,2024,7,0,ETH,ET040799,0.0,0.0
ET040799,Metehara town,ET0407,East Shewa,ET04,Oromia,ET,2024,12,3,ETH,ET040799,1.5,1.5
ET040799,Metehara town,ET0407,East Shewa,ET04,Oromia,ET,2025,1,0,ETH,ET040799,0.0,0.0
ET040801,Merti,ET0408,Arsi,ET04,Oromia,ET,2020,1,4,ETH,ET040801,2.0,2.0
ET040801,Merti,ET0408,Arsi,ET04,Oromia,ET,2022,9,3,ETH,ET040801,1.5,1.5
ET040801,Merti,ET0408,Arsi,ET04,Oromia,ET,2023,2,11,ETH,ET040801,5.5,5.5
ET040801,Merti,ET0408,Arsi,ET04,Oromia,ET,2023,3,9,ETH,ET040801,4.5,4.5
ET040801,Merti,ET0408,Arsi,ET04,Oromia,ET,2023,8,2,ETH,ET040801,1.0,1.0
ET040801,Merti,ET0408,Arsi,ET04,Oromia,ET,2023,9,0,ETH,ET040801,0.0,0.0
ET040801,Merti,ET0408,Arsi,ET04,Oromia,ET,2023,10,0,ETH,ET040801,0.0,0.0
ET040801,Merti,ET0408,Arsi,ET04,Oromia,ET,2023,11,3,ETH,ET040801,1.5,1.5
ET040801,Merti,ET0408,Arsi,ET04,Oromia,ET,2023,12,3,ETH,ET040801,1.5,1.5
ET040801,Merti,ET0408,Arsi,ET04,Oromia,ET,2024,4,0,ETH,ET040801,0.0,0.0
ET040801,Merti,ET0408,Arsi,ET04,Oromia,ET,2024,5,10,ETH,ET040801,5.0,5.0
ET040801,Merti,ET0408,Arsi,ET04,Oromia,ET,2024,10,1,ETH,ET040801,0.5,0.5
ET040801,Merti,ET0408,Arsi,ET04,Oromia,ET,2025,2,1,ETH,ET040801,0.5,0.5
ET040801,Merti,ET0408,Arsi,ET04,Oromia,ET,2025,4,0,ETH,ET040801,0.0,0.0
ET040801,Merti,ET0408,Arsi,ET04,Oromia,ET,2025,5,0,ETH,ET040801,0.0,0.0
ET040801,Merti,ET0408,Arsi,ET04,Oromia,ET,2025,7,0,ETH,ET040801,0.0,0.0
ET040801,Merti,ET0408,Arsi,ET04,Oromia,ET,2025,8,1,ETH,ET040801,0.5,0.5
ET040801,Merti,ET0408,Arsi,ET04,Oromia,ET,2025,9,1,ETH,ET040801,0.5,0.5
ET040802,Aseko,ET0408,Arsi,ET04,Oromia,ET,2012,12,1,ETH,ET040802,0.5,0.5
ET040802,Aseko,ET0408,Arsi,ET04,Oromia,ET,2024,8,3,ETH,ET040802,1.5,1.5
ET040802,Aseko,ET0408,Arsi,ET04,Oromia,ET,2024,12,0,ETH,ET040802,0.0,0.0
ET040803,Golocha,ET0408,Arsi,ET04,Oromia,ET,2012,7,1,ETH,ET040803,0.5,0.5
ET040803,Golocha,ET0408,Arsi,ET04,Oromia,ET,2015,12,1,ETH,ET040803,0.5,0.5
ET040803,Golocha,ET0408,Arsi,ET04,Oromia,ET,2016,8,0,ETH,ET040803,0.0,0.0
ET040803,Golocha,ET0408,Arsi,ET04,Oromia,ET,2017,10,2,ETH,ET040803,1.0,1.0
ET040803,Golocha,ET0408,Arsi,ET04,Oromia,ET,2025,2,0,ETH,ET040803,0.0,0.0
ET040804,Jeju,ET0408,Arsi,ET04,Oromia,ET,2022,10,5,ETH,ET040804,2.5,2.5
ET040804,Jeju,ET0408,Arsi,ET04,Oromia,ET,2022,11,38,ETH,ET040804,19.0,19.0
ET040804,Jeju,ET0408,Arsi,ET04,Oromia,ET,2022,12,0,ETH,ET040804,0.0,0.0
ET040804,Jeju,ET0408,Arsi,ET04,Oromia,ET,2023,1,9,ETH,ET040804,4.5,4.5
ET040804,Jeju,ET0408,Arsi,ET04,Oromia,ET,2023,2,0,ETH,ET040804,0.0,0.0
ET040804,Jeju,ET0408,Arsi,ET04,Oromia,ET,2023,11,2,ETH,ET040804,1.0,1.0
ET040804,Jeju,ET0408,Arsi,ET04,Oromia,ET,2024,5,10,ETH,ET040804,5.0,5.0
ET040804,Jeju,ET0408,Arsi,ET04,Oromia,ET,2024,12,2,ETH,ET040804,1.0,1.0
ET040804,Jeju,ET0408,Arsi,ET04,Oromia,ET,2025,4,0,ETH,ET040804,0.0,0.0
ET040804,Jeju,ET0408,Arsi,ET04,Oromia,ET,2025,5,3,ETH,ET040804,1.5,1.5
ET040804,Jeju,ET0408,Arsi,ET04,Oromia,ET,2025,6,3,ETH,ET040804,1.5,1.5
ET040804,Jeju,ET0408,Arsi,ET04,Oromia,ET,2025,7,4,ETH,ET040804,2.0,2.0
ET040804,Jeju,ET0408,Arsi,ET04,Oromia,ET,2025,9,0,ETH,ET040804,0.0,0.0
ET040805,Dodota,ET0408,Arsi,ET04,Oromia,ET,2023,5,20,ETH,ET040805,10.0,10.0
ET040805,Dodota,ET0408,Arsi,ET04,Oromia,ET,2024,3,5,ETH,ET040805,2.5,2.5
ET040805,Dodota,ET0408,Arsi,ET04,Oromia,ET,2025,5,6,ETH,ET040805,3.0,3.0
ET040806,Ziway Dugda,ET0408,Arsi,ET04,Oromia,ET,1999,1,62,ETH,ET040806,31.0,31.0
ET040806,Ziway Dugda,ET0408,Arsi,ET04,Oromia,ET,1999,3,49,ETH,ET040806,24.5,24.5
ET040806,Ziway Dugda,ET0408,Arsi,ET04,Oromia,ET,1999,5,0,ETH,ET040806,0.0,0.0
ET040806,Ziway Dugda,ET0408,Arsi,ET04,Oromia,ET,1999,8,0,ETH,ET040806,0.0,0.0
ET040806,Ziway Dugda,ET0408,Arsi,ET04,Oromia,ET,2000,3,0,ETH,ET040806,0.0,0.0
ET040806,Ziway Dugda,ET0408,Arsi,ET04,Oromia,ET,2000,12,0,ETH,ET040806,0.0,0.0
ET040806,Ziway Dugda,ET0408,Arsi,ET04,Oromia,ET,2001,1,0,ETH,ET040806,0.0,0.0
ET040806,Ziway Dugda,ET0408,Arsi,ET04,Oromia,ET,2002,3,8,ETH,ET040806,4.0,4.0
ET040806,Ziway Dugda,ET0408,Arsi,ET04,Oromia,ET,2004,6,0,ETH,ET040806,0.0,0.0
ET040806,Ziway Dugda,ET0408,Arsi,ET04,Oromia,ET,2005,4,1,ETH,ET040806,0.5,0.5
ET040806,Ziway Dugda,ET0408,Arsi,ET04,Oromia,ET,2005,8,14,ETH,ET040806,7.0,7.0
ET040806,Ziway Dugda,ET0408,Arsi,ET04,Oromia,ET,2005,9,0,ETH,ET040806,0.0,0.0
ET040806,Ziway Dugda,ET0408,Arsi,ET04,Oromia,ET,2008,5,26,ETH,ET040806,13.0,13.0
ET040806,Ziway Dugda,ET0408,Arsi,ET04,Oromia,ET,2009,6,0,ETH,ET040806,0.0,0.0
ET040806,Ziway Dugda,ET0408,Arsi,ET04,Oromia,ET,2010,5,0,ETH,ET040806,0.0,0.0
ET040806,Ziway Dugda,ET0408,Arsi,ET04,Oromia,ET,2010,8,6,ETH,ET040806,3.0,3.0
ET040806,Ziway Dugda,ET0408,Arsi,ET04,Oromia,ET,2015,7,13,ETH,ET040806,6.5,6.5
ET040806,Ziway Dugda,ET0408,Arsi,ET04,Oromia,ET,2015,12,0,ETH,ET040806,0.0,0.0
ET040806,Ziway Dugda,ET0408,Arsi,ET04,Oromia,ET,2016,2,0,ETH,ET040806,0.0,0.0
ET040806,Ziway Dugda,ET0408,Arsi,ET04,Oromia,ET,2016,3,0,ETH,ET040806,0.0,0.0
ET040806,Ziway Dugda,ET0408,Arsi,ET04,Oromia,ET,2016,7,0,ETH,ET040806,0.0,0.0
ET040806,Ziway Dugda,ET0408,Arsi,ET04,Oromia,ET,2016,8,2,ETH,ET040806,1.0,1.0
ET040806,Ziway Dugda,ET0408,Arsi,ET04,Oromia,ET,2018,1,0,ETH,ET040806,0.0,0.0
ET040806,Ziway Dugda,ET0408,Arsi,ET04,Oromia,ET,2023,1,0,ETH,ET040806,0.0,0.0
ET040806,Ziway Dugda,ET0408,Arsi,ET04,Oromia,ET,2024,4,1,ETH,ET040806,0.5,0.5
ET040806,Ziway Dugda,ET0408,Arsi,ET04,Oromia,ET,2024,5,10,ETH,ET040806,5.0,5.0
ET040806,Ziway Dugda,ET0408,Arsi,ET04,Oromia,ET,2024,9,3,ETH,ET040806,1.5,1.5
ET040806,Ziway Dugda,ET0408,Arsi,ET04,Oromia,ET,2025,1,0,ETH,ET040806,0.0,0.0
ET040807,Hitosa,ET0408,Arsi,ET04,Oromia,ET,2003,10,3,ETH,ET040807,1.5,1.5
ET040807,Hitosa,ET0408,Arsi,ET04,Oromia,ET,2016,2,0,ETH,ET040807,0.0,0.0
ET040807,Hitosa,ET0408,Arsi,ET04,Oromia,ET,2016,8,0,ETH,ET040807,0.0,0.0
ET040807,Hitosa,ET0408,Arsi,ET04,Oromia,ET,2020,7,3,ETH,ET040807,1.5,1.5
ET040807,Hitosa,ET0408,Arsi,ET04,Oromia,ET,2022,7,1,ETH,ET040807,0.5,0.5
ET040807,Hitosa,ET0408,Arsi,ET04,Oromia,ET,2023,11,3,ETH,ET040807,1.5,1.5
ET040807,Hitosa,ET0408,Arsi,ET04,Oromia,ET,2024,1,1,ETH,ET040807,0.5,0.5
ET040807,Hitosa,ET0408,Arsi,ET04,Oromia,ET,2024,3,3,ETH,ET040807,1.5,1.5
ET040807,Hitosa,ET0408,Arsi,ET04,Oromia,ET,2024,4,0,ETH,ET040807,0.0,0.0
ET040807,Hitosa,ET0408,Arsi,ET04,Oromia,ET,2024,5,10,ETH,ET040807,5.0,5.0
ET040807,Hitosa,ET0408,Arsi,ET04,Oromia,ET,2024,6,2,ETH,ET040807,1.0,1.0
ET040807,Hitosa,ET0408,Arsi,ET04,Oromia,ET,2024,9,0,ETH,ET040807,0.0,0.0
ET040807,Hitosa,ET0408,Arsi,ET04,Oromia,ET,2024,10,3,ETH,ET040807,1.5,1.5
ET040807,Hitosa,ET0408,Arsi,ET04,Oromia,ET,2025,1,0,ETH,ET040807,0.0,0.0
ET040809,Chole,ET0408,Arsi,ET04,Oromia,ET,2025,2,0,ETH,ET040809,0.0,0.0
ET040810,Amigna,ET0408,Arsi,ET04,Oromia,ET,2016,8,1,ETH,ET040810,0.5,0.5
ET040810,Amigna,ET0408,Arsi,ET04,Oromia,ET,2017,3,15,ETH,ET040810,7.5,7.5
ET040811,Seru,ET0408,Arsi,ET04,Oromia,ET,2009,10,5,ETH,ET040811,2.5,2.5
ET040811,Seru,ET0408,Arsi,ET04,Oromia,ET,2016,8,4,ETH,ET040811,2.0,2.0
ET040812,Robe,ET0408,Arsi,ET04,Oromia,ET,2015,12,0,ETH,ET040812,0.0,0.0
ET040812,Robe,ET0408,Arsi,ET04,Oromia,ET,2016,8,1,ETH,ET040812,0.5,0.5
ET040812,Robe,ET0408,Arsi,ET04,Oromia,ET,2016,10,1,ETH,ET040812,0.5,0.5
ET040812,Robe,ET0408,Arsi,ET04,Oromia,ET,2023,12,4,ETH,ET040812,2.0,2.0
ET040812,Robe,ET0408,Arsi,ET04,Oromia,ET,2024,4,1,ETH,ET040812,0.5,0.5
ET040812,Robe,ET0408,Arsi,ET04,Oromia,ET,2024,8,1,ETH,ET040812,0.5,0.5
ET040812,Robe,ET0408,Arsi,ET04,Oromia,ET,2024,10,19,ETH,ET040812,9.5,9.5
ET040812,Robe,ET0408,Arsi,ET04,Oromia,ET,2025,5,1,ETH,ET040812,0.5,0.5
ET040812,Robe,ET0408,Arsi,ET04,Oromia,ET,2025,6,1,ETH,ET040812,0.5,0.5
ET040812,Robe,ET0408,Arsi,ET04,Oromia,ET,2025,8,2,ETH,ET040812,1.0,1.0
ET040812,Robe,ET0408,Arsi,ET04,Oromia,ET,2025,9,2,ETH,ET040812,1.0,1.0
ET040813,Tena,ET0408,Arsi,ET04,Oromia,ET,2016,8,4,ETH,ET040813,2.0,2.0
ET040813,Tena,ET0408,Arsi,ET04,Oromia,ET,2022,8,0,ETH,ET040813,0.0,0.0
ET040813,Tena,ET0408,Arsi,ET04,Oromia,ET,2024,3,0,ETH,ET040813,0.0,0.0
ET040814,Shirka,ET0408,Arsi,ET04,Oromia,ET,2013,7,10,ETH,ET040814,5.0,5.0
ET040814,Shirka,ET0408,Arsi,ET04,Oromia,ET,2016,6,0,ETH,ET040814,0.0,0.0
ET040814,Shirka,ET0408,Arsi,ET04,Oromia,ET,2016,7,0,ETH,ET040814,0.0,0.0
ET040814,Shirka,ET0408,Arsi,ET04,Oromia,ET,2016,8,4,ETH,ET040814,2.0,2.0
ET040814,Shirka,ET0408,Arsi,ET04,Oromia,ET,2022,6,42,ETH,ET040814,21.0,21.0
ET040814,Shirka,ET0408,Arsi,ET04,Oromia,ET,2023,9,2,ETH,ET040814,1.0,1.0
ET040814,Shirka,ET0408,Arsi,ET04,Oromia,ET,2023,10,1,ETH,ET040814,0.5,0.5
ET040814,Shirka,ET0408,Arsi,ET04,Oromia,ET,2023,11,55,ETH,ET040814,27.5,27.5
ET040814,Shirka,ET0408,Arsi,ET04,Oromia,ET,2023,12,13,ETH,ET040814,6.5,6.5
ET040814,Shirka,ET0408,Arsi,ET04,Oromia,ET,2024,1,4,ETH,ET040814,2.0,2.0
ET040814,Shirka,ET0408,Arsi,ET04,Oromia,ET,2024,3,5,ETH,ET040814,2.5,2.5
ET040814,Shirka,ET0408,Arsi,ET04,Oromia,ET,2024,4,1,ETH,ET040814,0.5,0.5
ET040814,Shirka,ET0408,Arsi,ET04,Oromia,ET,2024,5,17,ETH,ET040814,8.5,8.5
ET040814,Shirka,ET0408,Arsi,ET04,Oromia,ET,2024,6,23,ETH,ET040814,11.5,11.5
ET040814,Shirka,ET0408,Arsi,ET04,Oromia,ET,2024,8,1,ETH,ET040814,0.5,0.5
ET040814,Shirka,ET0408,Arsi,ET04,Oromia,ET,2024,9,0,ETH,ET040814,0.0,0.0
ET040814,Shirka,ET0408,Arsi,ET04,Oromia,ET,2024,11,13,ETH,ET040814,6.5,6.5
ET040814,Shirka,ET0408,Arsi,ET04,Oromia,ET,2024,12,5,ETH,ET040814,2.5,2.5
ET040814,Shirka,ET0408,Arsi,ET04,Oromia,ET,2025,2,0,ETH,ET040814,0.0,0.0
ET040814,Shirka,ET0408,Arsi,ET04,Oromia,ET,2025,3,3,ETH,ET040814,1.5,1.5
ET040814,Shirka,ET0408,Arsi,ET04,Oromia,ET,2025,4,5,ETH,ET040814,2.5,2.5
ET040814,Shirka,ET0408,Arsi,ET04,Oromia,ET,2025,5,0,ETH,ET040814,0.0,0.0
ET040815,Degeluna Tijo,ET0408,Arsi,ET04,Oromia,ET,2001,6,0,ETH,ET040815,0.0,0.0
ET040815,Degeluna Tijo,ET0408,Arsi,ET04,Oromia,ET,2016,2,0,ETH,ET040815,0.0,0.0
ET040815,Degeluna Tijo,ET0408,Arsi,ET04,Oromia,ET,2016,8,3,ETH,ET040815,1.5,1.5
ET040815,Degeluna Tijo,ET0408,Arsi,ET04,Oromia,ET,2016,9,0,ETH,ET040815,0.0,0.0
ET040815,Degeluna Tijo,ET0408,Arsi,ET04,Oromia,ET,2016,12,1,ETH,ET040815,0.5,0.5
ET040815,Degeluna Tijo,ET0408,Arsi,ET04,Oromia,ET,2018,3,0,ETH,ET040815,0.0,0.0
ET040815,Degeluna Tijo,ET0408,Arsi,ET04,Oromia,ET,2018,4,11,ETH,ET040815,5.5,5.5
ET040815,Degeluna Tijo,ET0408,Arsi,ET04,Oromia,ET,2018,5,0,ETH,ET040815,0.0,0.0
ET040815,Degeluna Tijo,ET0408,Arsi,ET04,Oromia,ET,2018,6,200,ETH,ET040815,100.0,100.0
ET040815,Degeluna Tijo,ET0408,Arsi,ET04,Oromia,ET,2018,8,0,ETH,ET040815,0.0,0.0
ET040815,Degeluna Tijo,ET0408,Arsi,ET04,Oromia,ET,2021,11,0,ETH,ET040815,0.0,0.0
ET040815,Degeluna Tijo,ET0408,Arsi,ET04,Oromia,ET,2023,7,0,ETH,ET040815,0.0,0.0
ET040815,Degeluna Tijo,ET0408,Arsi,ET04,Oromia,ET,2023,12,4,ETH,ET040815,2.0,2.0
ET040815,Degeluna Tijo,ET0408,Arsi,ET04,Oromia,ET,2024,9,9,ETH,ET040815,4.5,4.5
ET040816,Tiyo,ET0408,Arsi,ET04,Oromia,ET,2023,5,4,ETH,ET040816,2.0,2.0
ET040817,Munessa,ET0408,Arsi,ET04,Oromia,ET,2003,11,4,ETH,ET040817,2.0,2.0
ET040817,Munessa,ET0408,Arsi,ET04,Oromia,ET,2004,10,2,ETH,ET040817,1.0,1.0
ET040817,Munessa,ET0408,Arsi,ET04,Oromia,ET,2012,12,6,ETH,ET040817,3.0,3.0
ET040817,Munessa,ET0408,Arsi,ET04,Oromia,ET,2016,3,0,ETH,ET040817,0.0,0.0
ET040817,Munessa,ET0408,Arsi,ET04,Oromia,ET,2016,6,0,ETH,ET040817,0.0,0.0
ET040817,Munessa,ET0408,Arsi,ET04,Oromia,ET,2016,8,2,ETH,ET040817,1.0,1.0
ET040817,Munessa,ET0408,Arsi,ET04,Oromia,ET,2020,7,7,ETH,ET040817,3.5,3.5
ET040817,Munessa,ET0408,Arsi,ET04,Oromia,ET,2020,9,0,ETH,ET040817,0.0,0.0
ET040817,Munessa,ET0408,Arsi,ET04,Oromia,ET,2021,9,0,ETH,ET040817,0.0,0.0
ET040817,Munessa,ET0408,Arsi,ET04,Oromia,ET,2021,10,8,ETH,ET040817,4.0,4.0
ET040817,Munessa,ET0408,Arsi,ET04,Oromia,ET,2021,11,0,ETH,ET040817,0.0,0.0
ET040817,Munessa,ET0408,Arsi,ET04,Oromia,ET,2022,8,3,ETH,ET040817,1.5,1.5
ET040817,Munessa,ET0408,Arsi,ET04,Oromia,ET,2022,11,8,ETH,ET040817,4.0,4.0
ET040817,Munessa,ET0408,Arsi,ET04,Oromia,ET,2024,4,1,ETH,ET040817,0.5,0.5
ET040817,Munessa,ET0408,Arsi,ET04,Oromia,ET,2024,9,0,ETH,ET040817,0.0,0.0
ET040817,Munessa,ET0408,Arsi,ET04,Oromia,ET,2024,11,0,ETH,ET040817,0.0,0.0
ET040817,Munessa,ET0408,Arsi,ET04,Oromia,ET,2025,3,0,ETH,ET040817,0.0,0.0
ET040818,Limu Bilbilo,ET0408,Arsi,ET04,Oromia,ET,2016,7,0,ETH,ET040818,0.0,0.0
ET040818,Limu Bilbilo,ET0408,Arsi,ET04,Oromia,ET,2023,11,0,ETH,ET040818,0.0,0.0
ET040819,Guna,ET0408,Arsi,ET04,Oromia,ET,2025,2,0,ETH,ET040819,0.0,0.0
ET040820,Sire,ET0408,Arsi,ET04,Oromia,ET,2025,5,0,ETH,ET040820,0.0,0.0
ET040821,Lude Hitosa,ET0408,Arsi,ET04,Oromia,ET,2016,2,0,ETH,ET040821,0.0,0.0
ET040821,Lude Hitosa,ET0408,Arsi,ET04,Oromia,ET,2016,8,1,ETH,ET040821,0.5,0.5
ET040822,Diksis,ET0408,Arsi,ET04,Oromia,ET,2010,7,1,ETH,ET040822,0.5,0.5
ET040822,Diksis,ET0408,Arsi,ET04,Oromia,ET,2016,8,1,ETH,ET040822,0.5,0.5
ET040824,Inkolo Wabe,ET0408,Arsi,ET04,Oromia,ET,2023,9,6,ETH,ET040824,3.0,3.0
ET040825,Asela town,ET0408,Arsi,ET04,Oromia,ET,2015,12,0,ETH,ET040825,0.0,0.0
ET040825,Asela town,ET0408,Arsi,ET04,Oromia,ET,2016,3,0,ETH,ET040825,0.0,0.0
ET040825,Asela town,ET0408,Arsi,ET04,Oromia,ET,2016,5,0,ETH,ET040825,0.0,0.0
ET040825,Asela town,ET0408,Arsi,ET04,Oromia,ET,2016,8,5,ETH,ET040825,2.5,2.5
ET040825,Asela town,ET0408,Arsi,ET04,Oromia,ET,2016,9,0,ETH,ET040825,0.0,0.0
ET040825,Asela town,ET0408,Arsi,ET04,Oromia,ET,2016,10,36,ETH,ET040825,18.0,18.0
ET040825,Asela town,ET0408,Arsi,ET04,Oromia,ET,2017,10,1,ETH,ET040825,0.5,0.5
ET040825,Asela town,ET0408,Arsi,ET04,Oromia,ET,2019,3,0,ETH,ET040825,0.0,0.0
ET040825,Asela town,ET0408,Arsi,ET04,Oromia,ET,2019,4,0,ETH,ET040825,0.0,0.0
ET040825,Asela town,ET0408,Arsi,ET04,Oromia,ET,2019,5,1,ETH,ET040825,0.5,0.5
ET040825,Asela town,ET0408,Arsi,ET04,Oromia,ET,2019,10,6,ETH,ET040825,3.0,3.0
ET040825,Asela town,ET0408,Arsi,ET04,Oromia,ET,2021,8,0,ETH,ET040825,0.0,0.0
ET040825,Asela town,ET0408,Arsi,ET04,Oromia,ET,2021,11,0,ETH,ET040825,0.0,0.0
ET040825,Asela town,ET0408,Arsi,ET04,Oromia,ET,2022,12,0,ETH,ET040825,0.0,0.0
ET040825,Asela town,ET0408,Arsi,ET04,Oromia,ET,2023,2,0,ETH,ET040825,0.0,0.0
ET040825,Asela town,ET0408,Arsi,ET04,Oromia,ET,2024,1,0,ETH,ET040825,0.0,0.0
ET040825,Asela town,ET0408,Arsi,ET04,Oromia,ET,2024,3,6,ETH,ET040825,3.0,3.0
ET040825,Asela town,ET0408,Arsi,ET04,Oromia,ET,2024,4,0,ETH,ET040825,0.0,0.0
ET040825,Asela town,ET0408,Arsi,ET04,Oromia,ET,2024,8,1,ETH,ET040825,0.5,0.5
ET040825,Asela town,ET0408,Arsi,ET04,Oromia,ET,2024,9,0,ETH,ET040825,0.0,0.0
ET040825,Asela town,ET0408,Arsi,ET04,Oromia,ET,2024,11,0,ETH,ET040825,0.0,0.0
ET040825,Asela town,ET0408,Arsi,ET04,Oromia,ET,2025,5,4,ETH,ET040825,2.0,2.0
ET040894,Bekoji town,ET0408,Arsi,ET04,Oromia,ET,2016,2,0,ETH,ET040894,0.0,0.0
ET040894,Bekoji town,ET0408,Arsi,ET04,Oromia,ET,2016,8,1,ETH,ET040894,0.5,0.5
ET040894,Bekoji town,ET0408,Arsi,ET04,Oromia,ET,2016,9,1,ETH,ET040894,0.5,0.5
ET040894,Bekoji town,ET0408,Arsi,ET04,Oromia,ET,2018,2,1,ETH,ET040894,0.5,0.5
ET040894,Bekoji town,ET0408,Arsi,ET04,Oromia,ET,2020,10,1,ETH,ET040894,0.5,0.5
ET040894,Bekoji town,ET0408,Arsi,ET04,Oromia,ET,2021,9,0,ETH,ET040894,0.0,0.0
ET040894,Bekoji town,ET0408,Arsi,ET04,Oromia,ET,2023,5,4,ETH,ET040894,2.0,2.0
ET040901,Mieso,ET0409,West Hararge,ET04,Oromia,ET,2002,8,5,ETH,ET040901,2.5,2.5
ET040901,Mieso,ET0409,West Hararge,ET04,Oromia,ET,2004,1,18,ETH,ET040901,9.0,9.0
ET040901,Mieso,ET0409,West Hararge,ET04,Oromia,ET,2005,2,6,ETH,ET040901,3.0,3.0
ET040901,Mieso,ET0409,West Hararge,ET04,Oromia,ET,2012,11,1,ETH,ET040901,0.5,0.5
ET040901,Mieso,ET0409,West Hararge,ET04,Oromia,ET,2013,4,1,ETH,ET040901,0.5,0.5
ET040901,Mieso,ET0409,West Hararge,ET04,Oromia,ET,2013,7,17,ETH,ET040901,8.5,8.5
ET040901,Mieso,ET0409,West Hararge,ET04,Oromia,ET,2013,9,1,ETH,ET040901,0.5,0.5
ET040901,Mieso,ET0409,West Hararge,ET04,Oromia,ET,2013,11,2,ETH,ET040901,1.0,1.0
ET040901,Mieso,ET0409,West Hararge,ET04,Oromia,ET,2013,12,0,ETH,ET040901,0.0,0.0
ET040901,Mieso,ET0409,West Hararge,ET04,Oromia,ET,2015,12,1,ETH,ET040901,0.5,0.5
ET040901,Mieso,ET0409,West Hararge,ET04,Oromia,ET,2016,1,10,ETH,ET040901,5.0,5.0
ET040901,Mieso,ET0409,West Hararge,ET04,Oromia,ET,2016,4,0,ETH,ET040901,0.0,0.0
ET040901,Mieso,ET0409,West Hararge,ET04,Oromia,ET,2016,5,0,ETH,ET040901,0.0,0.0
ET040901,Mieso,ET0409,West Hararge,ET04,Oromia,ET,2016,6,0,ETH,ET040901,0.0,0.0
ET040901,Mieso,ET0409,West Hararge,ET04,Oromia,ET,2016,7,0,ETH,ET040901,0.0,0.0
ET040901,Mieso,ET0409,West Hararge,ET04,Oromia,ET,2016,8,2,ETH,ET040901,1.0,1.0
ET040901,Mieso,ET0409,West Hararge,ET04,Oromia,ET,2017,3,10,ETH,ET040901,5.0,5.0
ET040901,Mieso,ET0409,West Hararge,ET04,Oromia,ET,2017,8,6,ETH,ET040901,3.0,3.0
ET040901,Mieso,ET0409,West Hararge,ET04,Oromia,ET,2017,9,60,ETH,ET040901,30.0,30.0
ET040901,Mieso,ET0409,West Hararge,ET04,Oromia,ET,2017,10,1,ETH,ET040901,0.5,0.5
ET040901,Mieso,ET0409,West Hararge,ET04,Oromia,ET,2017,11,5,ETH,ET040901,2.5,2.5
ET040901,Mieso,ET0409,West Hararge,ET04,Oromia,ET,2017,12,6,ETH,ET040901,3.0,3.0
ET040901,Mieso,ET0409,West Hararge,ET04,Oromia,ET,2018,1,1,ETH,ET040901,0.5,0.5
ET040901,Mieso,ET0409,West Hararge,ET04,Oromia,ET,2018,3,0,ETH,ET040901,0.0,0.0
ET040901,Mieso,ET0409,West Hararge,ET04,Oromia,ET,2018,4,2,ETH,ET040901,1.0,1.0
ET040901,Mieso,ET0409,West Hararge,ET04,Oromia,ET,2018,5,3,ETH,ET040901,1.5,1.5
ET040901,Mieso,ET0409,West Hararge,ET04,Oromia,ET,2018,6,0,ETH,ET040901,0.0,0.0
ET040901,Mieso,ET0409,West Hararge,ET04,Oromia,ET,2018,7,11,ETH,ET040901,5.5,5.5
ET040901,Mieso,ET0409,West Hararge,ET04,Oromia,ET,2018,8,3,ETH,ET040901,1.5,1.5
ET040901,Mieso,ET0409,West Hararge,ET04,Oromia,ET,2018,9,2,ETH,ET040901,1.0,1.0
ET040901,Mieso,ET0409,West Hararge,ET04,Oromia,ET,2019,4,0,ETH,ET040901,0.0,0.0
ET040901,Mieso,ET0409,West Hararge,ET04,Oromia,ET,2020,8,2,ETH,ET040901,1.0,1.0
ET040901,Mieso,ET0409,West Hararge,ET04,Oromia,ET,2021,1,4,ETH,ET040901,2.0,2.0
ET040901,Mieso,ET0409,West Hararge,ET04,Oromia,ET,2021,2,0,ETH,ET040901,0.0,0.0
ET040901,Mieso,ET0409,West Hararge,ET04,Oromia,ET,2021,6,4,ETH,ET040901,2.0,2.0
ET040901,Mieso,ET0409,West Hararge,ET04,Oromia,ET,2021,9,3,ETH,ET040901,1.5,1.5
ET040901,Mieso,ET0409,West Hararge,ET04,Oromia,ET,2021,10,0,ETH,ET040901,0.0,0.0
ET040901,Mieso,ET0409,West Hararge,ET04,Oromia,ET,2021,11,0,ETH,ET040901,0.0,0.0
ET040901,Mieso,ET0409,West Hararge,ET04,Oromia,ET,2021,12,20,ETH,ET040901,10.0,10.0
ET040901,Mieso,ET0409,West Hararge,ET04,Oromia,ET,2022,2,0,ETH,ET040901,0.0,0.0
ET040901,Mieso,ET0409,West Hararge,ET04,Oromia,ET,2022,5,3,ETH,ET040901,1.5,1.5
ET040901,Mieso,ET0409,West Hararge,ET04,Oromia,ET,2022,9,1,ETH,ET040901,0.5,0.5
ET040901,Mieso,ET0409,West Hararge,ET04,Oromia,ET,2022,10,2,ETH,ET040901,1.0,1.0
ET040901,Mieso,ET0409,West Hararge,ET04,Oromia,ET,2023,6,0,ETH,ET040901,0.0,0.0
ET040901,Mieso,ET0409,West Hararge,ET04,Oromia,ET,2023,8,0,ETH,ET040901,0.0,0.0
ET040901,Mieso,ET0409,West Hararge,ET04,Oromia,ET,2023,12,0,ETH,ET040901,0.0,0.0
ET040901,Mieso,ET0409,West Hararge,ET04,Oromia,ET,2025,9,3,ETH,ET040901,1.5,1.5
ET040902,Doba,ET0409,West Hararge,ET04,Oromia,ET,2003,11,9,ETH,ET040902,4.5,4.5
ET040902,Doba,ET0409,West Hararge,ET04,Oromia,ET,2012,11,1,ETH,ET040902,0.5,0.5
ET040902,Doba,ET0409,West Hararge,ET04,Oromia,ET,2012,12,4,ETH,ET040902,2.0,2.0
ET040902,Doba,ET0409,West Hararge,ET04,Oromia,ET,2013,12,0,ETH,ET040902,0.0,0.0
ET040902,Doba,ET0409,West Hararge,ET04,Oromia,ET,2014,3,4,ETH,ET040902,2.0,2.0
ET040902,Doba,ET0409,West Hararge,ET04,Oromia,ET,2015,8,4,ETH,ET040902,2.0,2.0
ET040902,Doba,ET0409,West Hararge,ET04,Oromia,ET,2015,11,1,ETH,ET040902,0.5,0.5
ET040902,Doba,ET0409,West Hararge,ET04,Oromia,ET,2016,1,1,ETH,ET040902,0.5,0.5
ET040902,Doba,ET0409,West Hararge,ET04,Oromia,ET,2016,2,0,ETH,ET040902,0.0,0.0
ET040902,Doba,ET0409,West Hararge,ET04,Oromia,ET,2016,4,0,ETH,ET040902,0.0,0.0
ET040902,Doba,ET0409,West Hararge,ET04,Oromia,ET,2016,5,4,ETH,ET040902,2.0,2.0
ET040902,Doba,ET0409,West Hararge,ET04,Oromia,ET,2016,8,0,ETH,ET040902,0.0,0.0
ET040902,Doba,ET0409,West Hararge,ET04,Oromia,ET,2017,3,1,ETH,ET040902,0.5,0.5
ET040902,Doba,ET0409,West Hararge,ET04,Oromia,ET,2017,4,4,ETH,ET040902,2.0,2.0
ET040902,Doba,ET0409,West Hararge,ET04,Oromia,ET,2017,12,0,ETH,ET040902,0.0,0.0
ET040902,Doba,ET0409,West Hararge,ET04,Oromia,ET,2018,1,2,ETH,ET040902,1.0,1.0
ET040902,Doba,ET0409,West Hararge,ET04,Oromia,ET,2018,4,0,ETH,ET040902,0.0,0.0
ET040902,Doba,ET0409,West Hararge,ET04,Oromia,ET,2018,10,1,ETH,ET040902,0.5,0.5
ET040902,Doba,ET0409,West Hararge,ET04,Oromia,ET,2021,11,0,ETH,ET040902,0.0,0.0
ET040902,Doba,ET0409,West Hararge,ET04,Oromia,ET,2021,12,0,ETH,ET040902,0.0,0.0
ET040902,Doba,ET0409,West Hararge,ET04,Oromia,ET,2022,12,0,ETH,ET040902,0.0,0.0
ET040902,Doba,ET0409,West Hararge,ET04,Oromia,ET,2025,9,3,ETH,ET040902,1.5,1.5
ET040903,Tulo (OR),ET0409,West Hararge,ET04,Oromia,ET,2012,11,25,ETH,ET040903,12.5,12.5
ET040903,Tulo (OR),ET0409,West Hararge,ET04,Oromia,ET,2016,1,3,ETH,ET040903,1.5,1.5
ET040903,Tulo (OR),ET0409,West Hararge,ET04,Oromia,ET,2016,2,0,ETH,ET040903,0.0,0.0
ET040903,Tulo (OR),ET0409,West Hararge,ET04,Oromia,ET,2016,4,0,ETH,ET040903,0.0,0.0
ET040903,Tulo (OR),ET0409,West Hararge,ET04,Oromia,ET,2016,5,0,ETH,ET040903,0.0,0.0
ET040903,Tulo (OR),ET0409,West Hararge,ET04,Oromia,ET,2016,7,0,ETH,ET040903,0.0,0.0
ET040903,Tulo (OR),ET0409,West Hararge,ET04,Oromia,ET,2016,8,4,ETH,ET040903,2.0,2.0
ET040903,Tulo (OR),ET0409,West Hararge,ET04,Oromia,ET,2016,9,1,ETH,ET040903,0.5,0.5
ET040903,Tulo (OR),ET0409,West Hararge,ET04,Oromia,ET,2019,11,0,ETH,ET040903,0.0,0.0
ET040903,Tulo (OR),ET0409,West Hararge,ET04,Oromia,ET,2020,8,0,ETH,ET040903,0.0,0.0
ET040903,Tulo (OR),ET0409,West Hararge,ET04,Oromia,ET,2022,12,0,ETH,ET040903,0.0,0.0
ET040903,Tulo (OR),ET0409,West Hararge,ET04,Oromia,ET,2023,5,1,ETH,ET040903,0.5,0.5
ET040903,Tulo (OR),ET0409,West Hararge,ET04,Oromia,ET,2024,6,0,ETH,ET040903,0.0,0.0
ET040903,Tulo (OR),ET0409,West Hararge,ET04,Oromia,ET,2024,12,3,ETH,ET040903,1.5,1.5
ET040904,Mesela,ET0409,West Hararge,ET04,Oromia,ET,2009,10,7,ETH,ET040904,3.5,3.5
ET040904,Mesela,ET0409,West Hararge,ET04,Oromia,ET,2014,5,1,ETH,ET040904,0.5,0.5
ET040904,Mesela,ET0409,West Hararge,ET04,Oromia,ET,2016,1,10,ETH,ET040904,5.0,5.0
ET040904,Mesela,ET0409,West Hararge,ET04,Oromia,ET,2016,5,0,ETH,ET040904,0.0,0.0
ET040904,Mesela,ET0409,West Hararge,ET04,Oromia,ET,2016,6,1,ETH,ET040904,0.5,0.5
ET040904,Mesela,ET0409,West Hararge,ET04,Oromia,ET,2016,7,0,ETH,ET040904,0.0,0.0
ET040904,Mesela,ET0409,West Hararge,ET04,Oromia,ET,2016,8,14,ETH,ET040904,7.0,7.0
ET040904,Mesela,ET0409,West Hararge,ET04,Oromia,ET,2016,9,0,ETH,ET040904,0.0,0.0
ET040904,Mesela,ET0409,West Hararge,ET04,Oromia,ET,2017,8,0,ETH,ET040904,0.0,0.0
ET040904,Mesela,ET0409,West Hararge,ET04,Oromia,ET,2018,12,0,ETH,ET040904,0.0,0.0
ET040905,Chiro town,ET0409,West Hararge,ET04,Oromia,ET,2004,3,0,ETH,ET040905,0.0,0.0
ET040905,Chiro town,ET0409,West Hararge,ET04,Oromia,ET,2015,12,2,ETH,ET040905,1.0,1.0
ET040905,Chiro town,ET0409,West Hararge,ET04,Oromia,ET,2016,1,0,ETH,ET040905,0.0,0.0
ET040905,Chiro town,ET0409,West Hararge,ET04,Oromia,ET,2016,2,0,ETH,ET040905,0.0,0.0
ET040905,Chiro town,ET0409,West Hararge,ET04,Oromia,ET,2016,7,0,ETH,ET040905,0.0,0.0
ET040905,Chiro town,ET0409,West Hararge,ET04,Oromia,ET,2016,8,0,ETH,ET040905,0.0,0.0
ET040905,Chiro town,ET0409,West Hararge,ET04,Oromia,ET,2016,9,0,ETH,ET040905,0.0,0.0
ET040905,Chiro town,ET0409,West Hararge,ET04,Oromia,ET,2017,1,12,ETH,ET040905,6.0,6.0
ET040905,Chiro town,ET0409,West Hararge,ET04,Oromia,ET,2017,2,10,ETH,ET040905,5.0,5.0
ET040905,Chiro town,ET0409,West Hararge,ET04,Oromia,ET,2017,4,0,ETH,ET040905,0.0,0.0
ET040905,Chiro town,ET0409,West Hararge,ET04,Oromia,ET,2017,7,0,ETH,ET040905,0.0,0.0
ET040905,Chiro town,ET0409,West Hararge,ET04,Oromia,ET,2017,8,5,ETH,ET040905,2.5,2.5
ET040905,Chiro town,ET0409,West Hararge,ET04,Oromia,ET,2017,9,4,ETH,ET040905,2.0,2.0
ET040905,Chiro town,ET0409,West Hararge,ET04,Oromia,ET,2017,11,0,ETH,ET040905,0.0,0.0
ET040905,Chiro town,ET0409,West Hararge,ET04,Oromia,ET,2017,12,0,ETH,ET040905,0.0,0.0
ET040905,Chiro town,ET0409,West Hararge,ET04,Oromia,ET,2018,1,0,ETH,ET040905,0.0,0.0
ET040905,Chiro town,ET0409,West Hararge,ET04,Oromia,ET,2018,2,0,ETH,ET040905,0.0,0.0
ET040905,Chiro town,ET0409,West Hararge,ET04,Oromia,ET,2018,3,2,ETH,ET040905,1.0,1.0
ET040905,Chiro town,ET0409,West Hararge,ET04,Oromia,ET,2018,12,0,ETH,ET040905,0.0,0.0
ET040905,Chiro town,ET0409,West Hararge,ET04,Oromia,ET,2019,4,0,ETH,ET040905,0.0,0.0
ET040905,Chiro town,ET0409,West Hararge,ET04,Oromia,ET,2019,11,0,ETH,ET040905,0.0,0.0
ET040905,Chiro town,ET0409,West Hararge,ET04,Oromia,ET,2020,6,3,ETH,ET040905,1.5,1.5
ET040905,Chiro town,ET0409,West Hararge,ET04,Oromia,ET,2021,3,1,ETH,ET040905,0.5,0.5
ET040905,Chiro town,ET0409,West Hararge,ET04,Oromia,ET,2022,3,0,ETH,ET040905,0.0,0.0
ET040905,Chiro town,ET0409,West Hararge,ET04,Oromia,ET,2022,11,0,ETH,ET040905,0.0,0.0
ET040905,Chiro town,ET0409,West Hararge,ET04,Oromia,ET,2022,12,3,ETH,ET040905,1.5,1.5
ET040905,Chiro town,ET0409,West Hararge,ET04,Oromia,ET,2023,1,4,ETH,ET040905,2.0,2.0
ET040905,Chiro town,ET0409,West Hararge,ET04,Oromia,ET,2023,2,0,ETH,ET040905,0.0,0.0
ET040905,Chiro town,ET0409,West Hararge,ET04,Oromia,ET,2023,5,0,ETH,ET040905,0.0,0.0
ET040905,Chiro town,ET0409,West Hararge,ET04,Oromia,ET,2023,6,0,ETH,ET040905,0.0,0.0
ET040905,Chiro town,ET0409,West Hararge,ET04,Oromia,ET,2023,7,17,ETH,ET040905,8.5,8.5
ET040905,Chiro town,ET0409,West Hararge,ET04,Oromia,ET,2024,5,1,ETH,ET040905,0.5,0.5
ET040905,Chiro town,ET0409,West Hararge,ET04,Oromia,ET,2025,7,1,ETH,ET040905,0.5,0.5
ET040906,Anchar,ET0409,West Hararge,ET04,Oromia,ET,2016,2,0,ETH,ET040906,0.0,0.0
ET040907,Goba Koricha,ET0409,West Hararge,ET04,Oromia,ET,2009,7,11,ETH,ET040907,5.5,5.5
ET040907,Goba Koricha,ET0409,West Hararge,ET04,Oromia,ET,2015,12,2,ETH,ET040907,1.0,1.0
ET040907,Goba Koricha,ET0409,West Hararge,ET04,Oromia,ET,2016,1,8,ETH,ET040907,4.0,4.0
ET040907,Goba Koricha,ET0409,West Hararge,ET04,Oromia,ET,2016,2,0,ETH,ET040907,0.0,0.0
ET040907,Goba Koricha,ET0409,West Hararge,ET04,Oromia,ET,2018,3,1,ETH,ET040907,0.5,0.5
ET040907,Goba Koricha,ET0409,West Hararge,ET04,Oromia,ET,2018,4,0,ETH,ET040907,0.0,0.0
ET040908,Habro,ET0409,West Hararge,ET04,Oromia,ET,2016,1,0,ETH,ET040908,0.0,0.0
ET040908,Habro,ET0409,West Hararge,ET04,Oromia,ET,2016,2,0,ETH,ET040908,0.0,0.0
ET040908,Habro,ET0409,West Hararge,ET04,Oromia,ET,2016,9,0,ETH,ET040908,0.0,0.0
ET040908,Habro,ET0409,West Hararge,ET04,Oromia,ET,2017,11,2,ETH,ET040908,1.0,1.0
ET040908,Habro,ET0409,West Hararge,ET04,Oromia,ET,2017,12,38,ETH,ET040908,19.0,19.0
ET040908,Habro,ET0409,West Hararge,ET04,Oromia,ET,2018,4,0,ETH,ET040908,0.0,0.0
ET040908,Habro,ET0409,West Hararge,ET04,Oromia,ET,2020,8,0,ETH,ET040908,0.0,0.0
ET040908,Habro,ET0409,West Hararge,ET04,Oromia,ET,2025,7,0,ETH,ET040908,0.0,0.0
ET040909,Daro Lebu,ET0409,West Hararge,ET04,Oromia,ET,2015,12,0,ETH,ET040909,0.0,0.0
ET040909,Daro Lebu,ET0409,West Hararge,ET04,Oromia,ET,2016,2,7,ETH,ET040909,3.5,3.5
ET040909,Daro Lebu,ET0409,West Hararge,ET04,Oromia,ET,2016,9,0,ETH,ET040909,0.0,0.0
ET040909,Daro Lebu,ET0409,West Hararge,ET04,Oromia,ET,2018,12,0,ETH,ET040909,0.0,0.0
ET040909,Daro Lebu,ET0409,West Hararge,ET04,Oromia,ET,2022,10,0,ETH,ET040909,0.0,0.0
ET040909,Daro Lebu,ET0409,West Hararge,ET04,Oromia,ET,2024,5,1,ETH,ET040909,0.5,0.5
ET040910,Boke,ET0409,West Hararge,ET04,Oromia,ET,2008,5,0,ETH,ET040910,0.0,0.0
ET040910,Boke,ET0409,West Hararge,ET04,Oromia,ET,2009,7,0,ETH,ET040910,0.0,0.0
ET040910,Boke,ET0409,West Hararge,ET04,Oromia,ET,2010,6,12,ETH,ET040910,6.0,6.0
ET040910,Boke,ET0409,West Hararge,ET04,Oromia,ET,2010,7,12,ETH,ET040910,6.0,6.0
ET040910,Boke,ET0409,West Hararge,ET04,Oromia,ET,2010,10,24,ETH,ET040910,12.0,12.0
ET040910,Boke,ET0409,West Hararge,ET04,Oromia,ET,2013,7,7,ETH,ET040910,3.5,3.5
ET040910,Boke,ET0409,West Hararge,ET04,Oromia,ET,2013,11,4,ETH,ET040910,2.0,2.0
ET040910,Boke,ET0409,West Hararge,ET04,Oromia,ET,2015,8,0,ETH,ET040910,0.0,0.0
ET040910,Boke,ET0409,West Hararge,ET04,Oromia,ET,2015,9,11,ETH,ET040910,5.5,5.5
ET040910,Boke,ET0409,West Hararge,ET04,Oromia,ET,2015,10,5,ETH,ET040910,2.5,2.5
ET040910,Boke,ET0409,West Hararge,ET04,Oromia,ET,2015,12,14,ETH,ET040910,7.0,7.0
ET040910,Boke,ET0409,West Hararge,ET04,Oromia,ET,2016,1,22,ETH,ET040910,11.0,11.0
ET040910,Boke,ET0409,West Hararge,ET04,Oromia,ET,2016,2,0,ETH,ET040910,0.0,0.0
ET040910,Boke,ET0409,West Hararge,ET04,Oromia,ET,2016,3,6,ETH,ET040910,3.0,3.0
ET040910,Boke,ET0409,West Hararge,ET04,Oromia,ET,2016,4,12,ETH,ET040910,6.0,6.0
ET040910,Boke,ET0409,West Hararge,ET04,Oromia,ET,2016,8,4,ETH,ET040910,2.0,2.0
ET040910,Boke,ET0409,West Hararge,ET04,Oromia,ET,2017,9,0,ETH,ET040910,0.0,0.0
ET040910,Boke,ET0409,West Hararge,ET04,Oromia,ET,2017,10,3,ETH,ET040910,1.5,1.5
ET040910,Boke,ET0409,West Hararge,ET04,Oromia,ET,2018,3,1,ETH,ET040910,0.5,0.5
ET040910,Boke,ET0409,West Hararge,ET04,Oromia,ET,2020,8,1,ETH,ET040910,0.5,0.5
ET040911,Kuni /Oda Bultum,ET0409,West Hararge,ET04,Oromia,ET,2017,2,1,ETH,ET040911,0.5,0.5
ET040911,Kuni /Oda Bultum,ET0409,West Hararge,ET04,Oromia,ET,2022,5,12,ETH,ET040911,6.0,6.0
ET040911,Kuni /Oda Bultum,ET0409,West Hararge,ET04,Oromia,ET,2022,7,5,ETH,ET040911,2.5,2.5
ET040911,Kuni /Oda Bultum,ET0409,West Hararge,ET04,Oromia,ET,2022,11,0,ETH,ET040911,0.0,0.0
ET040911,Kuni /Oda Bultum,ET0409,West Hararge,ET04,Oromia,ET,2023,2,0,ETH,ET040911,0.0,0.0
ET040912,Gemechis,ET0409,West Hararge,ET04,Oromia,ET,2016,2,3,ETH,ET040912,1.5,1.5
ET040912,Gemechis,ET0409,West Hararge,ET04,Oromia,ET,2016,6,9,ETH,ET040912,4.5,4.5
ET040912,Gemechis,ET0409,West Hararge,ET04,Oromia,ET,2016,8,2,ETH,ET040912,1.0,1.0
ET040912,Gemechis,ET0409,West Hararge,ET04,Oromia,ET,2022,3,3,ETH,ET040912,1.5,1.5
ET040912,Gemechis,ET0409,West Hararge,ET04,Oromia,ET,2022,5,3,ETH,ET040912,1.5,1.5
ET040912,Gemechis,ET0409,West Hararge,ET04,Oromia,ET,2023,5,0,ETH,ET040912,0.0,0.0
ET040913,Chiro Zuria,ET0409,West Hararge,ET04,Oromia,ET,2024,5,1,ETH,ET040913,0.5,0.5
ET040914,Bedesa,ET0409,West Hararge,ET04,Oromia,ET,2016,1,0,ETH,ET040914,0.0,0.0
ET040914,Bedesa,ET0409,West Hararge,ET04,Oromia,ET,2016,3,0,ETH,ET040914,0.0,0.0
ET040914,Bedesa,ET0409,West Hararge,ET04,Oromia,ET,2016,5,0,ETH,ET040914,0.0,0.0
ET040914,Bedesa,ET0409,West Hararge,ET04,Oromia,ET,2016,6,7,ETH,ET040914,3.5,3.5
ET040914,Bedesa,ET0409,West Hararge,ET04,Oromia,ET,2016,8,2,ETH,ET040914,1.0,1.0
ET040914,Bedesa,ET0409,West Hararge,ET04,Oromia,ET,2016,9,0,ETH,ET040914,0.0,0.0
ET040914,Bedesa,ET0409,West Hararge,ET04,Oromia,ET,2016,10,1,ETH,ET040914,0.5,0.5
ET040914,Bedesa,ET0409,West Hararge,ET04,Oromia,ET,2018,3,0,ETH,ET040914,0.0,0.0
ET040914,Bedesa,ET0409,West Hararge,ET04,Oromia,ET,2018,4,0,ETH,ET040914,0.0,0.0
ET040914,Bedesa,ET0409,West Hararge,ET04,Oromia,ET,2018,6,0,ETH,ET040914,0.0,0.0
ET040914,Bedesa,ET0409,West Hararge,ET04,Oromia,ET,2020,8,2,ETH,ET040914,1.0,1.0
ET040915,Hawi Gudina,ET0409,West Hararge,ET04,Oromia,ET,2000,12,59,ETH,ET040915,29.5,29.5
ET040915,Hawi Gudina,ET0409,West Hararge,ET04,Oromia,ET,2009,7,5,ETH,ET040915,2.5,2.5
ET040915,Hawi Gudina,ET0409,West Hararge,ET04,Oromia,ET,2009,8,2,ETH,ET040915,1.0,1.0
ET040915,Hawi Gudina,ET0409,West Hararge,ET04,Oromia,ET,2009,10,5,ETH,ET040915,2.5,2.5
ET040915,Hawi Gudina,ET0409,West Hararge,ET04,Oromia,ET,2010,11,22,ETH,ET040915,11.0,11.0
ET040915,Hawi Gudina,ET0409,West Hararge,ET04,Oromia,ET,2010,12,7,ETH,ET040915,3.5,3.5
ET040915,Hawi Gudina,ET0409,West Hararge,ET04,Oromia,ET,2013,4,1,ETH,ET040915,0.5,0.5
ET040915,Hawi Gudina,ET0409,West Hararge,ET04,Oromia,ET,2015,10,3,ETH,ET040915,1.5,1.5
ET040915,Hawi Gudina,ET0409,West Hararge,ET04,Oromia,ET,2015,12,4,ETH,ET040915,2.0,2.0
ET040915,Hawi Gudina,ET0409,West Hararge,ET04,Oromia,ET,2016,1,0,ETH,ET040915,0.0,0.0
ET040915,Hawi Gudina,ET0409,West Hararge,ET04,Oromia,ET,2016,2,15,ETH,ET040915,7.5,7.5
ET040915,Hawi Gudina,ET0409,West Hararge,ET04,Oromia,ET,2016,3,1,ETH,ET040915,0.5,0.5
ET040915,Hawi Gudina,ET0409,West Hararge,ET04,Oromia,ET,2016,4,0,ETH,ET040915,0.0,0.0
ET040915,Hawi Gudina,ET0409,West Hararge,ET04,Oromia,ET,2016,6,21,ETH,ET040915,10.5,10.5
ET040915,Hawi Gudina,ET0409,West Hararge,ET04,Oromia,ET,2017,10,1,ETH,ET040915,0.5,0.5
ET040915,Hawi Gudina,ET0409,West Hararge,ET04,Oromia,ET,2017,12,29,ETH,ET040915,14.5,14.5
ET040915,Hawi Gudina,ET0409,West Hararge,ET04,Oromia,ET,2020,10,1,ETH,ET040915,0.5,0.5
ET040991,Gumbi Bordede,ET0409,West Hararge,ET04,Oromia,ET,2003,10,18,ETH,ET040991,9.0,9.0
ET040991,Gumbi Bordede,ET0409,West Hararge,ET04,Oromia,ET,2004,12,11,ETH,ET040991,5.5,5.5
ET040991,Gumbi Bordede,ET0409,West Hararge,ET04,Oromia,ET,2016,1,0,ETH,ET040991,0.0,0.0
ET040991,Gumbi Bordede,ET0409,West Hararge,ET04,Oromia,ET,2016,7,0,ETH,ET040991,0.0,0.0
ET040991,Gumbi Bordede,ET0409,West Hararge,ET04,Oromia,ET,2016,8,0,ETH,ET040991,0.0,0.0
ET040991,Gumbi Bordede,ET0409,West Hararge,ET04,Oromia,ET,2017,2,3,ETH,ET040991,1.5,1.5
ET040991,Gumbi Bordede,ET0409,West Hararge,ET04,Oromia,ET,2017,3,1,ETH,ET040991,0.5,0.5
ET040991,Gumbi Bordede,ET0409,West Hararge,ET04,Oromia,ET,2017,4,1,ETH,ET040991,0.5,0.5
ET040991,Gumbi Bordede,ET0409,West Hararge,ET04,Oromia,ET,2017,7,2,ETH,ET040991,1.0,1.0
ET040991,Gumbi Bordede,ET0409,West Hararge,ET04,Oromia,ET,2017,11,2,ETH,ET040991,1.0,1.0
ET040991,Gumbi Bordede,ET0409,West Hararge,ET04,Oromia,ET,2018,12,1,ETH,ET040991,0.5,0.5
ET040991,Gumbi Bordede,ET0409,West Hararge,ET04,Oromia,ET,2019,8,7,ETH,ET040991,3.5,3.5
ET040991,Gumbi Bordede,ET0409,West Hararge,ET04,Oromia,ET,2020,3,10,ETH,ET040991,5.0,5.0
ET040991,Gumbi Bordede,ET0409,West Hararge,ET04,Oromia,ET,2021,12,18,ETH,ET040991,9.0,9.0
ET040991,Gumbi Bordede,ET0409,West Hararge,ET04,Oromia,ET,2024,2,3,ETH,ET040991,1.5,1.5
ET040991,Gumbi Bordede,ET0409,West Hararge,ET04,Oromia,ET,2024,11,1,ETH,ET040991,0.5,0.5
ET040991,Gumbi Bordede,ET0409,West Hararge,ET04,Oromia,ET,2025,8,0,ETH,ET040991,0.0,0.0
ET040998,Burqua Dhintu,ET0409,West Hararge,ET04,Oromia,ET,2015,12,0,ETH,ET040998,0.0,0.0
ET040998,Burqua Dhintu,ET0409,West Hararge,ET04,Oromia,ET,2021,2,1,ETH,ET040998,0.5,0.5
ET041001,Kombolcha,ET0410,East Hararge,ET04,Oromia,ET,1998,10,0,ETH,ET041001,0.0,0.0
ET041001,Kombolcha,ET0410,East Hararge,ET04,Oromia,ET,2011,2,30,ETH,ET041001,15.0,15.0
ET041001,Kombolcha,ET0410,East Hararge,ET04,Oromia,ET,2013,9,2,ETH,ET041001,1.0,1.0
ET041001,Kombolcha,ET0410,East Hararge,ET04,Oromia,ET,2014,4,2,ETH,ET041001,1.0,1.0
ET041001,Kombolcha,ET0410,East Hararge,ET04,Oromia,ET,2014,5,0,ETH,ET041001,0.0,0.0
ET041001,Kombolcha,ET0410,East Hararge,ET04,Oromia,ET,2015,12,0,ETH,ET041001,0.0,0.0
ET041001,Kombolcha,ET0410,East Hararge,ET04,Oromia,ET,2016,3,1,ETH,ET041001,0.5,0.5
ET041001,Kombolcha,ET0410,East Hararge,ET04,Oromia,ET,2016,8,1,ETH,ET041001,0.5,0.5
ET041001,Kombolcha,ET0410,East Hararge,ET04,Oromia,ET,2017,10,0,ETH,ET041001,0.0,0.0
ET041001,Kombolcha,ET0410,East Hararge,ET04,Oromia,ET,2018,2,0,ETH,ET041001,0.0,0.0
ET041001,Kombolcha,ET0410,East Hararge,ET04,Oromia,ET,2018,8,3,ETH,ET041001,1.5,1.5
ET041001,Kombolcha,ET0410,East Hararge,ET04,Oromia,ET,2020,11,0,ETH,ET041001,0.0,0.0
ET041001,Kombolcha,ET0410,East Hararge,ET04,Oromia,ET,2021,1,0,ETH,ET041001,0.0,0.0
ET041001,Kombolcha,ET0410,East Hararge,ET04,Oromia,ET,2021,2,0,ETH,ET041001,0.0,0.0
ET041001,Kombolcha,ET0410,East Hararge,ET04,Oromia,ET,2021,3,0,ETH,ET041001,0.0,0.0
ET041002,Jarso (East Hararghe),ET0410,East Hararge,ET04,Oromia,ET,2000,8,0,ETH,ET041002,0.0,0.0
ET041002,Jarso (East Hararghe),ET0410,East Hararge,ET04,Oromia,ET,2001,2,115,ETH,ET041002,57.5,57.5
ET041002,Jarso (East Hararghe),ET0410,East Hararge,ET04,Oromia,ET,2017,10,0,ETH,ET041002,0.0,0.0
ET041002,Jarso (East Hararghe),ET0410,East Hararge,ET04,Oromia,ET,2017,12,2,ETH,ET041002,1.0,1.0
ET041003,Gursum (OR),ET0410,East Hararge,ET04,Oromia,ET,2000,1,5,ETH,ET041003,2.5,2.5
ET041003,Gursum (OR),ET0410,East Hararge,ET04,Oromia,ET,2000,6,18,ETH,ET041003,9.0,9.0
ET041003,Gursum (OR),ET0410,East Hararge,ET04,Oromia,ET,2013,12,0,ETH,ET041003,0.0,0.0
ET041003,Gursum (OR),ET0410,East Hararge,ET04,Oromia,ET,2016,7,2,ETH,ET041003,1.0,1.0
ET041003,Gursum (OR),ET0410,East Hararge,ET04,Oromia,ET,2016,8,1,ETH,ET041003,0.5,0.5
ET041003,Gursum (OR),ET0410,East Hararge,ET04,Oromia,ET,2016,12,1,ETH,ET041003,0.5,0.5
ET041003,Gursum (OR),ET0410,East Hararge,ET04,Oromia,ET,2017,2,12,ETH,ET041003,6.0,6.0
ET041003,Gursum (OR),ET0410,East Hararge,ET04,Oromia,ET,2017,3,2,ETH,ET041003,1.0,1.0
ET041003,Gursum (OR),ET0410,East Hararge,ET04,Oromia,ET,2017,8,0,ETH,ET041003,0.0,0.0
ET041003,Gursum (OR),ET0410,East Hararge,ET04,Oromia,ET,2017,9,1,ETH,ET041003,0.5,0.5
ET041003,Gursum (OR),ET0410,East Hararge,ET04,Oromia,ET,2017,11,13,ETH,ET041003,6.5,6.5
ET041003,Gursum (OR),ET0410,East Hararge,ET04,Oromia,ET,2018,7,1,ETH,ET041003,0.5,0.5
ET041003,Gursum (OR),ET0410,East Hararge,ET04,Oromia,ET,2020,12,0,ETH,ET041003,0.0,0.0
ET041004,Babile (OR),ET0410,East Hararge,ET04,Oromia,ET,1998,10,13,ETH,ET041004,6.5,6.5
ET041004,Babile (OR),ET0410,East Hararge,ET04,Oromia,ET,2000,3,0,ETH,ET041004,0.0,0.0
ET041004,Babile (OR),ET0410,East Hararge,ET04,Oromia,ET,2000,6,12,ETH,ET041004,6.0,6.0
ET041004,Babile (OR),ET0410,East Hararge,ET04,Oromia,ET,2001,3,253,ETH,ET041004,126.5,126.5
ET041004,Babile (OR),ET0410,East Hararge,ET04,Oromia,ET,2001,4,23,ETH,ET041004,11.5,11.5
ET041004,Babile (OR),ET0410,East Hararge,ET04,Oromia,ET,2001,9,53,ETH,ET041004,26.5,26.5
ET041004,Babile (OR),ET0410,East Hararge,ET04,Oromia,ET,2002,8,15,ETH,ET041004,7.5,7.5
ET041004,Babile (OR),ET0410,East Hararge,ET04,Oromia,ET,2003,12,14,ETH,ET041004,7.0,7.0
ET041004,Babile (OR),ET0410,East Hararge,ET04,Oromia,ET,2004,7,0,ETH,ET041004,0.0,0.0
ET041004,Babile (OR),ET0410,East Hararge,ET04,Oromia,ET,2008,6,0,ETH,ET041004,0.0,0.0
ET041004,Babile (OR),ET0410,East Hararge,ET04,Oromia,ET,2008,10,0,ETH,ET041004,0.0,0.0
ET041004,Babile (OR),ET0410,East Hararge,ET04,Oromia,ET,2009,9,7,ETH,ET041004,3.5,3.5
ET041004,Babile (OR),ET0410,East Hararge,ET04,Oromia,ET,2009,10,20,ETH,ET041004,10.0,10.0
ET041004,Babile (OR),ET0410,East Hararge,ET04,Oromia,ET,2010,1,13,ETH,ET041004,6.5,6.5
ET041004,Babile (OR),ET0410,East Hararge,ET04,Oromia,ET,2010,4,20,ETH,ET041004,10.0,10.0
ET041004,Babile (OR),ET0410,East Hararge,ET04,Oromia,ET,2010,8,8,ETH,ET041004,4.0,4.0
ET041004,Babile (OR),ET0410,East Hararge,ET04,Oromia,ET,2010,11,25,ETH,ET041004,12.5,12.5
ET041004,Babile (OR),ET0410,East Hararge,ET04,Oromia,ET,2011,3,14,ETH,ET041004,7.0,7.0
ET041004,Babile (OR),ET0410,East Hararge,ET04,Oromia,ET,2011,8,0,ETH,ET041004,0.0,0.0
ET041004,Babile (OR),ET0410,East Hararge,ET04,Oromia,ET,2011,9,10,ETH,ET041004,5.0,5.0
ET041004,Babile (OR),ET0410,East Hararge,ET04,Oromia,ET,2011,10,22,ETH,ET041004,11.0,11.0
ET041004,Babile (OR),ET0410,East Hararge,ET04,Oromia,ET,2013,7,14,ETH,ET041004,7.0,7.0
ET041004,Babile (OR),ET0410,East Hararge,ET04,Oromia,ET,2013,11,1,ETH,ET041004,0.5,0.5
ET041004,Babile (OR),ET0410,East Hararge,ET04,Oromia,ET,2014,5,5,ETH,ET041004,2.5,2.5
ET041004,Babile (OR),ET0410,East Hararge,ET04,Oromia,ET,2015,10,9,ETH,ET041004,4.5,4.5
ET041004,Babile (OR),ET0410,East Hararge,ET04,Oromia,ET,2015,11,10,ETH,ET041004,5.0,5.0
ET041004,Babile (OR),ET0410,East Hararge,ET04,Oromia,ET,2015,12,13,ETH,ET041004,6.5,6.5
ET041004,Babile (OR),ET0410,East Hararge,ET04,Oromia,ET,2016,1,4,ETH,ET041004,2.0,2.0
ET041004,Babile (OR),ET0410,East Hararge,ET04,Oromia,ET,2016,2,2,ETH,ET041004,1.0,1.0
ET041004,Babile (OR),ET0410,East Hararge,ET04,Oromia,ET,2016,3,3,ETH,ET041004,1.5,1.5
ET041004,Babile (OR),ET0410,East Hararge,ET04,Oromia,ET,2016,5,6,ETH,ET041004,3.0,3.0
ET041004,Babile (OR),ET0410,East Hararge,ET04,Oromia,ET,2016,6,0,ETH,ET041004,0.0,0.0
ET041004,Babile (OR),ET0410,East Hararge,ET04,Oromia,ET,2016,12,2,ETH,ET041004,1.0,1.0
ET041004,Babile (OR),ET0410,East Hararge,ET04,Oromia,ET,2017,3,7,ETH,ET041004,3.5,3.5
ET041004,Babile (OR),ET0410,East Hararge,ET04,Oromia,ET,2017,8,28,ETH,ET041004,14.0,14.0
ET041004,Babile (OR),ET0410,East Hararge,ET04,Oromia,ET,2017,9,12,ETH,ET041004,6.0,6.0
ET041004,Babile (OR),ET0410,East Hararge,ET04,Oromia,ET,2017,10,2,ETH,ET041004,1.0,1.0
ET041004,Babile (OR),ET0410,East Hararge,ET04,Oromia,ET,2017,11,0,ETH,ET041004,0.0,0.0
ET041004,Babile (OR),ET0410,East Hararge,ET04,Oromia,ET,2017,12,7,ETH,ET041004,3.5,3.5
ET041004,Babile (OR),ET0410,East Hararge,ET04,Oromia,ET,2018,1,0,ETH,ET041004,0.0,0.0
ET041004,Babile (OR),ET0410,East Hararge,ET04,Oromia,ET,2018,6,1,ETH,ET041004,0.5,0.5
ET041004,Babile (OR),ET0410,East Hararge,ET04,Oromia,ET,2018,7,15,ETH,ET041004,7.5,7.5
ET041004,Babile (OR),ET0410,East Hararge,ET04,Oromia,ET,2018,8,13,ETH,ET041004,6.5,6.5
ET041004,Babile (OR),ET0410,East Hararge,ET04,Oromia,ET,2018,11,7,ETH,ET041004,3.5,3.5
ET041004,Babile (OR),ET0410,East Hararge,ET04,Oromia,ET,2018,12,3,ETH,ET041004,1.5,1.5
ET041004,Babile (OR),ET0410,East Hararge,ET04,Oromia,ET,2019,2,0,ETH,ET041004,0.0,0.0
ET041004,Babile (OR),ET0410,East Hararge,ET04,Oromia,ET,2020,1,0,ETH,ET041004,0.0,0.0
ET041004,Babile (OR),ET0410,East Hararge,ET04,Oromia,ET,2020,3,1,ETH,ET041004,0.5,0.5
ET041004,Babile (OR),ET0410,East Hararge,ET04,Oromia,ET,2020,6,1,ETH,ET041004,0.5,0.5
ET041004,Babile (OR),ET0410,East Hararge,ET04,Oromia,ET,2021,11,0,ETH,ET041004,0.0,0.0
ET041004,Babile (OR),ET0410,East Hararge,ET04,Oromia,ET,2023,9,17,ETH,ET041004,8.5,8.5
ET041004,Babile (OR),ET0410,East Hararge,ET04,Oromia,ET,2024,6,0,ETH,ET041004,0.0,0.0
ET041005,Fedis,ET0410,East Hararge,ET04,Oromia,ET,1998,10,0,ETH,ET041005,0.0,0.0
ET041005,Fedis,ET0410,East Hararge,ET04,Oromia,ET,2000,6,0,ETH,ET041005,0.0,0.0
ET041005,Fedis,ET0410,East Hararge,ET04,Oromia,ET,2002,8,56,ETH,ET041005,28.0,28.0
ET041005,Fedis,ET0410,East Hararge,ET04,Oromia,ET,2004,3,0,ETH,ET041005,0.0,0.0
ET041005,Fedis,ET0410,East Hararge,ET04,Oromia,ET,2004,4,7,ETH,ET041005,3.5,3.5
ET041005,Fedis,ET0410,East Hararge,ET04,Oromia,ET,2004,11,6,ETH,ET041005,3.0,3.0
ET041005,Fedis,ET0410,East Hararge,ET04,Oromia,ET,2005,4,1,ETH,ET041005,0.5,0.5
ET041005,Fedis,ET0410,East Hararge,ET04,Oromia,ET,2010,1,0,ETH,ET041005,0.0,0.0
ET041005,Fedis,ET0410,East Hararge,ET04,Oromia,ET,2015,8,3,ETH,ET041005,1.5,1.5
ET041005,Fedis,ET0410,East Hararge,ET04,Oromia,ET,2016,3,1,ETH,ET041005,0.5,0.5
ET041005,Fedis,ET0410,East Hararge,ET04,Oromia,ET,2016,5,2,ETH,ET041005,1.0,1.0
ET041005,Fedis,ET0410,East Hararge,ET04,Oromia,ET,2017,3,16,ETH,ET041005,8.0,8.0
ET041005,Fedis,ET0410,East Hararge,ET04,Oromia,ET,2017,10,1,ETH,ET041005,0.5,0.5
ET041005,Fedis,ET0410,East Hararge,ET04,Oromia,ET,2018,1,0,ETH,ET041005,0.0,0.0
ET041005,Fedis,ET0410,East Hararge,ET04,Oromia,ET,2018,8,3,ETH,ET041005,1.5,1.5
ET041006,Haro Maya,ET0410,East Hararge,ET04,Oromia,ET,2004,7,3,ETH,ET041006,1.5,1.5
ET041006,Haro Maya,ET0410,East Hararge,ET04,Oromia,ET,2013,11,1,ETH,ET041006,0.5,0.5
ET041006,Haro Maya,ET0410,East Hararge,ET04,Oromia,ET,2014,4,1,ETH,ET041006,0.5,0.5
ET041006,Haro Maya,ET0410,East Hararge,ET04,Oromia,ET,2015,11,0,ETH,ET041006,0.0,0.0
ET041006,Haro Maya,ET0410,East Hararge,ET04,Oromia,ET,2015,12,3,ETH,ET041006,1.5,1.5
ET041006,Haro Maya,ET0410,East Hararge,ET04,Oromia,ET,2016,1,4,ETH,ET041006,2.0,2.0
ET041006,Haro Maya,ET0410,East Hararge,ET04,Oromia,ET,2016,2,0,ETH,ET041006,0.0,0.0
ET041006,Haro Maya,ET0410,East Hararge,ET04,Oromia,ET,2016,4,0,ETH,ET041006,0.0,0.0
ET041006,Haro Maya,ET0410,East Hararge,ET04,Oromia,ET,2016,5,0,ETH,ET041006,0.0,0.0
ET041006,Haro Maya,ET0410,East Hararge,ET04,Oromia,ET,2016,6,0,ETH,ET041006,0.0,0.0
ET041006,Haro Maya,ET0410,East Hararge,ET04,Oromia,ET,2016,7,4,ETH,ET041006,2.0,2.0
ET041006,Haro Maya,ET0410,East Hararge,ET04,Oromia,ET,2016,8,12,ETH,ET041006,6.0,6.0
ET041006,Haro Maya,ET0410,East Hararge,ET04,Oromia,ET,2016,9,0,ETH,ET041006,0.0,0.0
ET041006,Haro Maya,ET0410,East Hararge,ET04,Oromia,ET,2016,10,0,ETH,ET041006,0.0,0.0
ET041006,Haro Maya,ET0410,East Hararge,ET04,Oromia,ET,2018,2,4,ETH,ET041006,2.0,2.0
ET041006,Haro Maya,ET0410,East Hararge,ET04,Oromia,ET,2018,3,0,ETH,ET041006,0.0,0.0
ET041006,Haro Maya,ET0410,East Hararge,ET04,Oromia,ET,2018,4,0,ETH,ET041006,0.0,0.0
ET041006,Haro Maya,ET0410,East Hararge,ET04,Oromia,ET,2018,8,3,ETH,ET041006,1.5,1.5
ET041006,Haro Maya,ET0410,East Hararge,ET04,Oromia,ET,2019,4,0,ETH,ET041006,0.0,0.0
ET041006,Haro Maya,ET0410,East Hararge,ET04,Oromia,ET,2019,11,0,ETH,ET041006,0.0,0.0
ET041006,Haro Maya,ET0410,East Hararge,ET04,Oromia,ET,2022,12,1,ETH,ET041006,0.5,0.5
ET041006,Haro Maya,ET0410,East Hararge,ET04,Oromia,ET,2024,11,0,ETH,ET041006,0.0,0.0
ET041006,Haro Maya,ET0410,East Hararge,ET04,Oromia,ET,2025,5,0,ETH,ET041006,0.0,0.0
ET041007,Kurfa Chele,ET0410,East Hararge,ET04,Oromia,ET,2015,12,0,ETH,ET041007,0.0,0.0
ET041007,Kurfa Chele,ET0410,East Hararge,ET04,Oromia,ET,2016,1,0,ETH,ET041007,0.0,0.0
ET041007,Kurfa Chele,ET0410,East Hararge,ET04,Oromia,ET,2016,2,0,ETH,ET041007,0.0,0.0
ET041007,Kurfa Chele,ET0410,East Hararge,ET04,Oromia,ET,2025,1,2,ETH,ET041007,1.0,1.0
ET041008,Kersa (East Hararge),ET0410,East Hararge,ET04,Oromia,ET,1997,6,16,ETH,ET041008,8.0,8.0
ET041008,Kersa (East Hararge),ET0410,East Hararge,ET04,Oromia,ET,2002,5,2,ETH,ET041008,1.0,1.0
ET041008,Kersa (East Hararge),ET0410,East Hararge,ET04,Oromia,ET,2004,11,10,ETH,ET041008,5.0,5.0
ET041008,Kersa (East Hararge),ET0410,East Hararge,ET04,Oromia,ET,2008,10,16,ETH,ET041008,8.0,8.0
ET041008,Kersa (East Hararge),ET0410,East Hararge,ET04,Oromia,ET,2010,8,0,ETH,ET041008,0.0,0.0
ET041008,Kersa (East Hararge),ET0410,East Hararge,ET04,Oromia,ET,2015,12,0,ETH,ET041008,0.0,0.0
ET041008,Kersa (East Hararge),ET0410,East Hararge,ET04,Oromia,ET,2016,1,1,ETH,ET041008,0.5,0.5
ET041008,Kersa (East Hararge),ET0410,East Hararge,ET04,Oromia,ET,2016,2,4,ETH,ET041008,2.0,2.0
ET041008,Kersa (East Hararge),ET0410,East Hararge,ET04,Oromia,ET,2016,3,2,ETH,ET041008,1.0,1.0
ET041008,Kersa (East Hararge),ET0410,East Hararge,ET04,Oromia,ET,2016,5,0,ETH,ET041008,0.0,0.0
ET041008,Kersa (East Hararge),ET0410,East Hararge,ET04,Oromia,ET,2016,8,1,ETH,ET041008,0.5,0.5
ET041008,Kersa (East Hararge),ET0410,East Hararge,ET04,Oromia,ET,2020,8,0,ETH,ET041008,0.0,0.0
ET041008,Kersa (East Hararge),ET0410,East Hararge,ET04,Oromia,ET,2021,2,0,ETH,ET041008,0.0,0.0
ET041009,Meta,ET0410,East Hararge,ET04,Oromia,ET,2011,9,2,ETH,ET041009,1.0,1.0
ET041009,Meta,ET0410,East Hararge,ET04,Oromia,ET,2012,12,11,ETH,ET041009,5.5,5.5
ET041009,Meta,ET0410,East Hararge,ET04,Oromia,ET,2015,12,1,ETH,ET041009,0.5,0.5
ET041009,Meta,ET0410,East Hararge,ET04,Oromia,ET,2016,1,0,ETH,ET041009,0.0,0.0
ET041009,Meta,ET0410,East Hararge,ET04,Oromia,ET,2016,5,0,ETH,ET041009,0.0,0.0
ET041009,Meta,ET0410,East Hararge,ET04,Oromia,ET,2016,6,1,ETH,ET041009,0.5,0.5
ET041009,Meta,ET0410,East Hararge,ET04,Oromia,ET,2017,7,0,ETH,ET041009,0.0,0.0
ET041009,Meta,ET0410,East Hararge,ET04,Oromia,ET,2017,9,0,ETH,ET041009,0.0,0.0
ET041009,Meta,ET0410,East Hararge,ET04,Oromia,ET,2017,11,0,ETH,ET041009,0.0,0.0
ET041009,Meta,ET0410,East Hararge,ET04,Oromia,ET,2017,12,18,ETH,ET041009,9.0,9.0
ET041009,Meta,ET0410,East Hararge,ET04,Oromia,ET,2021,1,0,ETH,ET041009,0.0,0.0
ET041010,Goro Gutu,ET0410,East Hararge,ET04,Oromia,ET,2002,10,0,ETH,ET041010,0.0,0.0
ET041010,Goro Gutu,ET0410,East Hararge,ET04,Oromia,ET,2015,12,0,ETH,ET041010,0.0,0.0
ET041010,Goro Gutu,ET0410,East Hararge,ET04,Oromia,ET,2016,2,0,ETH,ET041010,0.0,0.0
ET041010,Goro Gutu,ET0410,East Hararge,ET04,Oromia,ET,2016,5,3,ETH,ET041010,1.5,1.5
ET041010,Goro Gutu,ET0410,East Hararge,ET04,Oromia,ET,2016,6,0,ETH,ET041010,0.0,0.0
ET041010,Goro Gutu,ET0410,East Hararge,ET04,Oromia,ET,2016,7,0,ETH,ET041010,0.0,0.0
ET041010,Goro Gutu,ET0410,East Hararge,ET04,Oromia,ET,2016,8,3,ETH,ET041010,1.5,1.5
ET041010,Goro Gutu,ET0410,East Hararge,ET04,Oromia,ET,2016,9,0,ETH,ET041010,0.0,0.0
ET041010,Goro Gutu,ET0410,East Hararge,ET04,Oromia,ET,2017,9,9,ETH,ET041010,4.5,4.5
ET041010,Goro Gutu,ET0410,East Hararge,ET04,Oromia,ET,2017,11,0,ETH,ET041010,0.0,0.0
ET041010,Goro Gutu,ET0410,East Hararge,ET04,Oromia,ET,2018,1,2,ETH,ET041010,1.0,1.0
ET041010,Goro Gutu,ET0410,East Hararge,ET04,Oromia,ET,2018,4,2,ETH,ET041010,1.0,1.0
ET041010,Goro Gutu,ET0410,East Hararge,ET04,Oromia,ET,2018,6,0,ETH,ET041010,0.0,0.0
ET041011,Deder,ET0410,East Hararge,ET04,Oromia,ET,2016,2,0,ETH,ET041011,0.0,0.0
ET041011,Deder,ET0410,East Hararge,ET04,Oromia,ET,2016,3,1,ETH,ET041011,0.5,0.5
ET041011,Deder,ET0410,East Hararge,ET04,Oromia,ET,2016,8,0,ETH,ET041011,0.0,0.0
ET041011,Deder,ET0410,East Hararge,ET04,Oromia,ET,2017,10,4,ETH,ET041011,2.0,2.0
ET041012,Melka Balo,ET0410,East Hararge,ET04,Oromia,ET,2015,12,1,ETH,ET041012,0.5,0.5
ET041012,Melka Balo,ET0410,East Hararge,ET04,Oromia,ET,2016,3,0,ETH,ET041012,0.0,0.0
ET041012,Melka Balo,ET0410,East Hararge,ET04,Oromia,ET,2016,5,0,ETH,ET041012,0.0,0.0
ET041012,Melka Balo,ET0410,East Hararge,ET04,Oromia,ET,2016,6,0,ETH,ET041012,0.0,0.0
ET041012,Melka Balo,ET0410,East Hararge,ET04,Oromia,ET,2021,2,0,ETH,ET041012,0.0,0.0
ET041012,Melka Balo,ET0410,East Hararge,ET04,Oromia,ET,2022,5,3,ETH,ET041012,1.5,1.5
ET041012,Melka Balo,ET0410,East Hararge,ET04,Oromia,ET,2022,12,1,ETH,ET041012,0.5,0.5
ET041013,Bedeno,ET0410,East Hararge,ET04,Oromia,ET,2015,12,1,ETH,ET041013,0.5,0.5
ET041013,Bedeno,ET0410,East Hararge,ET04,Oromia,ET,2016,1,1,ETH,ET041013,0.5,0.5
ET041013,Bedeno,ET0410,East Hararge,ET04,Oromia,ET,2016,2,13,ETH,ET041013,6.5,6.5
ET041013,Bedeno,ET0410,East Hararge,ET04,Oromia,ET,2017,11,0,ETH,ET041013,0.0,0.0
ET041014,Midhaga Tola,ET0410,East Hararge,ET04,Oromia,ET,2010,1,3,ETH,ET041014,1.5,1.5
ET041014,Midhaga Tola,ET0410,East Hararge,ET04,Oromia,ET,2016,1,0,ETH,ET041014,0.0,0.0
ET041014,Midhaga Tola,ET0410,East Hararge,ET04,Oromia,ET,2016,2,0,ETH,ET041014,0.0,0.0
ET041014,Midhaga Tola,ET0410,East Hararge,ET04,Oromia,ET,2016,3,0,ETH,ET041014,0.0,0.0
ET041014,Midhaga Tola,ET0410,East Hararge,ET04,Oromia,ET,2016,8,0,ETH,ET041014,0.0,0.0
ET041014,Midhaga Tola,ET0410,East Hararge,ET04,Oromia,ET,2016,9,0,ETH,ET041014,0.0,0.0
ET041014,Midhaga Tola,ET0410,East Hararge,ET04,Oromia,ET,2016,10,0,ETH,ET041014,0.0,0.0
ET041014,Midhaga Tola,ET0410,East Hararge,ET04,Oromia,ET,2017,3,1,ETH,ET041014,0.5,0.5
ET041014,Midhaga Tola,ET0410,East Hararge,ET04,Oromia,ET,2018,8,3,ETH,ET041014,1.5,1.5
ET041014,Midhaga Tola,ET0410,East Hararge,ET04,Oromia,ET,2025,4,1,ETH,ET041014,0.5,0.5
ET041015,Chinaksen,ET0410,East Hararge,ET04,Oromia,ET,2003,4,10,ETH,ET041015,5.0,5.0
ET041015,Chinaksen,ET0410,East Hararge,ET04,Oromia,ET,2010,9,0,ETH,ET041015,0.0,0.0
ET041015,Chinaksen,ET0410,East Hararge,ET04,Oromia,ET,2016,1,2,ETH,ET041015,1.0,1.0
ET041015,Chinaksen,ET0410,East Hararge,ET04,Oromia,ET,2017,2,0,ETH,ET041015,0.0,0.0
ET041015,Chinaksen,ET0410,East Hararge,ET04,Oromia,ET,2017,5,0,ETH,ET041015,0.0,0.0
ET041015,Chinaksen,ET0410,East Hararge,ET04,Oromia,ET,2017,8,8,ETH,ET041015,4.0,4.0
ET041015,Chinaksen,ET0410,East Hararge,ET04,Oromia,ET,2017,9,0,ETH,ET041015,0.0,0.0
ET041015,Chinaksen,ET0410,East Hararge,ET04,Oromia,ET,2017,11,1,ETH,ET041015,0.5,0.5
ET041015,Chinaksen,ET0410,East Hararge,ET04,Oromia,ET,2018,2,3,ETH,ET041015,1.5,1.5
ET041015,Chinaksen,ET0410,East Hararge,ET04,Oromia,ET,2018,3,1,ETH,ET041015,0.5,0.5
ET041015,Chinaksen,ET0410,East Hararge,ET04,Oromia,ET,2018,5,11,ETH,ET041015,5.5,5.5
ET041015,Chinaksen,ET0410,East Hararge,ET04,Oromia,ET,2018,6,20,ETH,ET041015,10.0,10.0
ET041015,Chinaksen,ET0410,East Hararge,ET04,Oromia,ET,2018,7,36,ETH,ET041015,18.0,18.0
ET041015,Chinaksen,ET0410,East Hararge,ET04,Oromia,ET,2018,8,9,ETH,ET041015,4.5,4.5
ET041015,Chinaksen,ET0410,East Hararge,ET04,Oromia,ET,2018,9,18,ETH,ET041015,9.0,9.0
ET041015,Chinaksen,ET0410,East Hararge,ET04,Oromia,ET,2018,10,1,ETH,ET041015,0.5,0.5
ET041015,Chinaksen,ET0410,East Hararge,ET04,Oromia,ET,2018,12,12,ETH,ET041015,6.0,6.0
ET041015,Chinaksen,ET0410,East Hararge,ET04,Oromia,ET,2019,1,4,ETH,ET041015,2.0,2.0
ET041015,Chinaksen,ET0410,East Hararge,ET04,Oromia,ET,2020,1,0,ETH,ET041015,0.0,0.0
ET041015,Chinaksen,ET0410,East Hararge,ET04,Oromia,ET,2020,2,4,ETH,ET041015,2.0,2.0
ET041015,Chinaksen,ET0410,East Hararge,ET04,Oromia,ET,2020,3,2,ETH,ET041015,1.0,1.0
ET041015,Chinaksen,ET0410,East Hararge,ET04,Oromia,ET,2020,4,0,ETH,ET041015,0.0,0.0
ET041015,Chinaksen,ET0410,East Hararge,ET04,Oromia,ET,2020,5,3,ETH,ET041015,1.5,1.5
ET041015,Chinaksen,ET0410,East Hararge,ET04,Oromia,ET,2020,9,1,ETH,ET041015,0.5,0.5
ET041015,Chinaksen,ET0410,East Hararge,ET04,Oromia,ET,2021,6,4,ETH,ET041015,2.0,2.0
ET041015,Chinaksen,ET0410,East Hararge,ET04,Oromia,ET,2021,7,1,ETH,ET041015,0.5,0.5
ET041015,Chinaksen,ET0410,East Hararge,ET04,Oromia,ET,2021,8,4,ETH,ET041015,2.0,2.0
ET041015,Chinaksen,ET0410,East Hararge,ET04,Oromia,ET,2021,9,2,ETH,ET041015,1.0,1.0
ET041015,Chinaksen,ET0410,East Hararge,ET04,Oromia,ET,2021,10,7,ETH,ET041015,3.5,3.5
ET041015,Chinaksen,ET0410,East Hararge,ET04,Oromia,ET,2023,1,3,ETH,ET041015,1.5,1.5
ET041015,Chinaksen,ET0410,East Hararge,ET04,Oromia,ET,2023,3,11,ETH,ET041015,5.5,5.5
ET041015,Chinaksen,ET0410,East Hararge,ET04,Oromia,ET,2025,9,7,ETH,ET041015,3.5,3.5
ET041016,Girawa,ET0410,East Hararge,ET04,Oromia,ET,2011,3,6,ETH,ET041016,3.0,3.0
ET041016,Girawa,ET0410,East Hararge,ET04,Oromia,ET,2011,4,1,ETH,ET041016,0.5,0.5
ET041016,Girawa,ET0410,East Hararge,ET04,Oromia,ET,2012,12,0,ETH,ET041016,0.0,0.0
ET041016,Girawa,ET0410,East Hararge,ET04,Oromia,ET,2013,5,7,ETH,ET041016,3.5,3.5
ET041016,Girawa,ET0410,East Hararge,ET04,Oromia,ET,2015,12,1,ETH,ET041016,0.5,0.5
ET041016,Girawa,ET0410,East Hararge,ET04,Oromia,ET,2016,1,0,ETH,ET041016,0.0,0.0
ET041016,Girawa,ET0410,East Hararge,ET04,Oromia,ET,2016,2,8,ETH,ET041016,4.0,4.0
ET041016,Girawa,ET0410,East Hararge,ET04,Oromia,ET,2016,3,0,ETH,ET041016,0.0,0.0
ET041016,Girawa,ET0410,East Hararge,ET04,Oromia,ET,2016,7,4,ETH,ET041016,2.0,2.0
ET041016,Girawa,ET0410,East Hararge,ET04,Oromia,ET,2016,8,0,ETH,ET041016,0.0,0.0
ET041016,Girawa,ET0410,East Hararge,ET04,Oromia,ET,2017,10,0,ETH,ET041016,0.0,0.0
ET041017,Golo Oda,ET0410,East Hararge,ET04,Oromia,ET,2002,8,4,ETH,ET041017,2.0,2.0
ET041017,Golo Oda,ET0410,East Hararge,ET04,Oromia,ET,2008,1,0,ETH,ET041017,0.0,0.0
ET041017,Golo Oda,ET0410,East Hararge,ET04,Oromia,ET,2009,10,50,ETH,ET041017,25.0,25.0
ET041017,Golo Oda,ET0410,East Hararge,ET04,Oromia,ET,2012,7,6,ETH,ET041017,3.0,3.0
ET041017,Golo Oda,ET0410,East Hararge,ET04,Oromia,ET,2016,8,1,ETH,ET041017,0.5,0.5
ET041017,Golo Oda,ET0410,East Hararge,ET04,Oromia,ET,2016,9,6,ETH,ET041017,3.0,3.0
ET041017,Golo Oda,ET0410,East Hararge,ET04,Oromia,ET,2016,12,13,ETH,ET041017,6.5,6.5
ET041017,Golo Oda,ET0410,East Hararge,ET04,Oromia,ET,2017,3,0,ETH,ET041017,0.0,0.0
ET041017,Golo Oda,ET0410,East Hararge,ET04,Oromia,ET,2017,8,0,ETH,ET041017,0.0,0.0
ET041017,Golo Oda,ET0410,East Hararge,ET04,Oromia,ET,2017,9,0,ETH,ET041017,0.0,0.0
ET041017,Golo Oda,ET0410,East Hararge,ET04,Oromia,ET,2017,11,0,ETH,ET041017,0.0,0.0
ET041017,Golo Oda,ET0410,East Hararge,ET04,Oromia,ET,2018,6,0,ETH,ET041017,0.0,0.0
ET041017,Golo Oda,ET0410,East Hararge,ET04,Oromia,ET,2018,8,2,ETH,ET041017,1.0,1.0
ET041018,Meyu Muleke,ET0410,East Hararge,ET04,Oromia,ET,2003,1,7,ETH,ET041018,3.5,3.5
ET041018,Meyu Muleke,ET0410,East Hararge,ET04,Oromia,ET,2011,1,21,ETH,ET041018,10.5,10.5
ET041018,Meyu Muleke,ET0410,East Hararge,ET04,Oromia,ET,2014,3,3,ETH,ET041018,1.5,1.5
ET041018,Meyu Muleke,ET0410,East Hararge,ET04,Oromia,ET,2015,9,9,ETH,ET041018,4.5,4.5
ET041018,Meyu Muleke,ET0410,East Hararge,ET04,Oromia,ET,2016,9,7,ETH,ET041018,3.5,3.5
ET041018,Meyu Muleke,ET0410,East Hararge,ET04,Oromia,ET,2017,3,1,ETH,ET041018,0.5,0.5
ET041018,Meyu Muleke,ET0410,East Hararge,ET04,Oromia,ET,2017,11,2,ETH,ET041018,1.0,1.0
ET041018,Meyu Muleke,ET0410,East Hararge,ET04,Oromia,ET,2018,2,0,ETH,ET041018,0.0,0.0
ET041018,Meyu Muleke,ET0410,East Hararge,ET04,Oromia,ET,2018,3,2,ETH,ET041018,1.0,1.0
ET041018,Meyu Muleke,ET0410,East Hararge,ET04,Oromia,ET,2018,4,0,ETH,ET041018,0.0,0.0
ET041018,Meyu Muleke,ET0410,East Hararge,ET04,Oromia,ET,2018,8,69,ETH,ET041018,34.5,34.5
ET041019,Haromaya town,ET0410,East Hararge,ET04,Oromia,ET,2001,5,17,ETH,ET041019,8.5,8.5
ET041019,Haromaya town,ET0410,East Hararge,ET04,Oromia,ET,2004,3,2,ETH,ET041019,1.0,1.0
ET041019,Haromaya town,ET0410,East Hararge,ET04,Oromia,ET,2006,3,0,ETH,ET041019,0.0,0.0
ET041019,Haromaya town,ET0410,East Hararge,ET04,Oromia,ET,2017,3,0,ETH,ET041019,0.0,0.0
ET041019,Haromaya town,ET0410,East Hararge,ET04,Oromia,ET,2018,2,0,ETH,ET041019,0.0,0.0
ET041019,Haromaya town,ET0410,East Hararge,ET04,Oromia,ET,2018,12,0,ETH,ET041019,0.0,0.0
ET041019,Haromaya town,ET0410,East Hararge,ET04,Oromia,ET,2019,10,1,ETH,ET041019,0.5,0.5
ET041019,Haromaya town,ET0410,East Hararge,ET04,Oromia,ET,2019,11,0,ETH,ET041019,0.0,0.0
ET041019,Haromaya town,ET0410,East Hararge,ET04,Oromia,ET,2020,6,1,ETH,ET041019,0.5,0.5
ET041019,Haromaya town,ET0410,East Hararge,ET04,Oromia,ET,2020,7,1,ETH,ET041019,0.5,0.5
ET041019,Haromaya town,ET0410,East Hararge,ET04,Oromia,ET,2020,8,5,ETH,ET041019,2.5,2.5
ET041019,Haromaya town,ET0410,East Hararge,ET04,Oromia,ET,2020,9,1,ETH,ET041019,0.5,0.5
ET041019,Haromaya town,ET0410,East Hararge,ET04,Oromia,ET,2021,2,1,ETH,ET041019,0.5,0.5
ET041097,Deder town,ET0410,East Hararge,ET04,Oromia,ET,2016,1,0,ETH,ET041097,0.0,0.0
ET041097,Deder town,ET0410,East Hararge,ET04,Oromia,ET,2016,2,0,ETH,ET041097,0.0,0.0
ET041097,Deder town,ET0410,East Hararge,ET04,Oromia,ET,2016,3,0,ETH,ET041097,0.0,0.0
ET041097,Deder town,ET0410,East Hararge,ET04,Oromia,ET,2016,6,0,ETH,ET041097,0.0,0.0
ET041097,Deder town,ET0410,East Hararge,ET04,Oromia,ET,2016,7,0,ETH,ET041097,0.0,0.0
ET041097,Deder town,ET0410,East Hararge,ET04,Oromia,ET,2016,8,0,ETH,ET041097,0.0,0.0
ET041097,Deder town,ET0410,East Hararge,ET04,Oromia,ET,2016,9,1,ETH,ET041097,0.5,0.5
ET041097,Deder town,ET0410,East Hararge,ET04,Oromia,ET,2017,9,1,ETH,ET041097,0.5,0.5
ET041097,Deder town,ET0410,East Hararge,ET04,Oromia,ET,2018,4,1,ETH,ET041097,0.5,0.5
ET041099,Aweday town,ET0410,East Hararge,ET04,Oromia,ET,2001,5,17,ETH,ET041099,8.5,8.5
ET041099,Aweday town,ET0410,East Hararge,ET04,Oromia,ET,2015,12,2,ETH,ET041099,1.0,1.0
ET041099,Aweday town,ET0410,East Hararge,ET04,Oromia,ET,2016,1,0,ETH,ET041099,0.0,0.0
ET041099,Aweday town,ET0410,East Hararge,ET04,Oromia,ET,2016,2,0,ETH,ET041099,0.0,0.0
ET041099,Aweday town,ET0410,East Hararge,ET04,Oromia,ET,2016,3,1,ETH,ET041099,0.5,0.5
ET041099,Aweday town,ET0410,East Hararge,ET04,Oromia,ET,2016,7,13,ETH,ET041099,6.5,6.5
ET041099,Aweday town,ET0410,East Hararge,ET04,Oromia,ET,2016,8,23,ETH,ET041099,11.5,11.5
ET041099,Aweday town,ET0410,East Hararge,ET04,Oromia,ET,2016,9,0,ETH,ET041099,0.0,0.0
ET041099,Aweday town,ET0410,East Hararge,ET04,Oromia,ET,2016,10,0,ETH,ET041099,0.0,0.0
ET041099,Aweday town,ET0410,East Hararge,ET04,Oromia,ET,2017,6,1,ETH,ET041099,0.5,0.5
ET041099,Aweday town,ET0410,East Hararge,ET04,Oromia,ET,2017,8,0,ETH,ET041099,0.0,0.0
ET041099,Aweday town,ET0410,East Hararge,ET04,Oromia,ET,2017,9,50,ETH,ET041099,25.0,25.0
ET041099,Aweday town,ET0410,East Hararge,ET04,Oromia,ET,2017,10,0,ETH,ET041099,0.0,0.0
ET041099,Aweday town,ET0410,East Hararge,ET04,Oromia,ET,2017,11,0,ETH,ET041099,0.0,0.0
ET041099,Aweday town,ET0410,East Hararge,ET04,Oromia,ET,2018,2,10,ETH,ET041099,5.0,5.0
ET041099,Aweday town,ET0410,East Hararge,ET04,Oromia,ET,2018,3,1,ETH,ET041099,0.5,0.5
ET041099,Aweday town,ET0410,East Hararge,ET04,Oromia,ET,2018,10,0,ETH,ET041099,0.0,0.0
ET041099,Aweday town,ET0410,East Hararge,ET04,Oromia,ET,2019,3,0,ETH,ET041099,0.0,0.0
ET041099,Aweday town,ET0410,East Hararge,ET04,Oromia,ET,2019,10,1,ETH,ET041099,0.5,0.5
ET041099,Aweday town,ET0410,East Hararge,ET04,Oromia,ET,2020,2,0,ETH,ET041099,0.0,0.0
ET041099,Aweday town,ET0410,East Hararge,ET04,Oromia,ET,2020,7,3,ETH,ET041099,1.5,1.5
ET041099,Aweday town,ET0410,East Hararge,ET04,Oromia,ET,2020,8,8,ETH,ET041099,4.0,4.0
ET041099,Aweday town,ET0410,East Hararge,ET04,Oromia,ET,2020,10,1,ETH,ET041099,0.5,0.5
ET041099,Aweday town,ET0410,East Hararge,ET04,Oromia,ET,2021,2,0,ETH,ET041099,0.0,0.0
ET041099,Aweday town,ET0410,East Hararge,ET04,Oromia,ET,2022,6,1,ETH,ET041099,0.5,0.5
ET041104,Agarfa,ET0411,Bale,ET04,Oromia,ET,2015,12,0,ETH,ET041104,0.0,0.0
ET041104,Agarfa,ET0411,Bale,ET04,Oromia,ET,2016,1,0,ETH,ET041104,0.0,0.0
ET041104,Agarfa,ET0411,Bale,ET04,Oromia,ET,2016,2,0,ETH,ET041104,0.0,0.0
ET041104,Agarfa,ET0411,Bale,ET04,Oromia,ET,2017,10,0,ETH,ET041104,0.0,0.0
ET041104,Agarfa,ET0411,Bale,ET04,Oromia,ET,2022,10,0,ETH,ET041104,0.0,0.0
ET041104,Agarfa,ET0411,Bale,ET04,Oromia,ET,2023,11,0,ETH,ET041104,0.0,0.0
ET041104,Agarfa,ET0411,Bale,ET04,Oromia,ET,2024,5,1,ETH,ET041104,0.5,0.5
ET041104,Agarfa,ET0411,Bale,ET04,Oromia,ET,2024,8,0,ETH,ET041104,0.0,0.0
ET041104,Agarfa,ET0411,Bale,ET04,Oromia,ET,2024,11,6,ETH,ET041104,3.0,3.0
ET041106,Gasera,ET0411,Bale,ET04,Oromia,ET,2015,12,0,ETH,ET041106,0.0,0.0
ET041106,Gasera,ET0411,Bale,ET04,Oromia,ET,2016,2,0,ETH,ET041106,0.0,0.0
ET041106,Gasera,ET0411,Bale,ET04,Oromia,ET,2016,8,0,ETH,ET041106,0.0,0.0
ET041109,Sinana,ET0411,Bale,ET04,Oromia,ET,2009,8,6,ETH,ET041109,3.0,3.0
ET041109,Sinana,ET0411,Bale,ET04,Oromia,ET,2013,12,6,ETH,ET041109,3.0,3.0
ET041109,Sinana,ET0411,Bale,ET04,Oromia,ET,2016,1,0,ETH,ET041109,0.0,0.0
ET041109,Sinana,ET0411,Bale,ET04,Oromia,ET,2017,2,0,ETH,ET041109,0.0,0.0
ET041110,Goba (OR),ET0411,Bale,ET04,Oromia,ET,2025,4,0,ETH,ET041110,0.0,0.0
ET041111,Harena Buluk,ET0411,Bale,ET04,Oromia,ET,2021,8,2,ETH,ET041111,1.0,1.0
ET041112,Mena (Bale),ET0411,Bale,ET04,Oromia,ET,1999,8,50,ETH,ET041112,25.0,25.0
ET041112,Mena (Bale),ET0411,Bale,ET04,Oromia,ET,2000,6,10,ETH,ET041112,5.0,5.0
ET041112,Mena (Bale),ET0411,Bale,ET04,Oromia,ET,2002,3,25,ETH,ET041112,12.5,12.5
ET041112,Mena (Bale),ET0411,Bale,ET04,Oromia,ET,2002,7,4,ETH,ET041112,2.0,2.0
ET041112,Mena (Bale),ET0411,Bale,ET04,Oromia,ET,2005,8,3,ETH,ET041112,1.5,1.5
ET041112,Mena (Bale),ET0411,Bale,ET04,Oromia,ET,2008,12,20,ETH,ET041112,10.0,10.0
ET041112,Mena (Bale),ET0411,Bale,ET04,Oromia,ET,2010,1,0,ETH,ET041112,0.0,0.0
ET041112,Mena (Bale),ET0411,Bale,ET04,Oromia,ET,2010,11,31,ETH,ET041112,15.5,15.5
ET041112,Mena (Bale),ET0411,Bale,ET04,Oromia,ET,2015,10,6,ETH,ET041112,3.0,3.0
ET041112,Mena (Bale),ET0411,Bale,ET04,Oromia,ET,2016,2,0,ETH,ET041112,0.0,0.0
ET041112,Mena (Bale),ET0411,Bale,ET04,Oromia,ET,2016,3,28,ETH,ET041112,14.0,14.0
ET041112,Mena (Bale),ET0411,Bale,ET04,Oromia,ET,2016,8,3,ETH,ET041112,1.5,1.5
ET041112,Mena (Bale),ET0411,Bale,ET04,Oromia,ET,2016,11,0,ETH,ET041112,0.0,0.0
ET041112,Mena (Bale),ET0411,Bale,ET04,Oromia,ET,2017,5,5,ETH,ET041112,2.5,2.5
ET041112,Mena (Bale),ET0411,Bale,ET04,Oromia,ET,2017,8,0,ETH,ET041112,0.0,0.0
ET041112,Mena (Bale),ET0411,Bale,ET04,Oromia,ET,2018,1,0,ETH,ET041112,0.0,0.0
ET041112,Mena (Bale),ET0411,Bale,ET04,Oromia,ET,2019,10,14,ETH,ET041112,7.0,7.0
ET041112,Mena (Bale),ET0411,Bale,ET04,Oromia,ET,2020,7,10,ETH,ET041112,5.0,5.0
ET041112,Mena (Bale),ET0411,Bale,ET04,Oromia,ET,2020,8,0,ETH,ET041112,0.0,0.0
ET041112,Mena (Bale),ET0411,Bale,ET04,Oromia,ET,2021,1,1,ETH,ET041112,0.5,0.5
ET041112,Mena (Bale),ET0411,Bale,ET04,Oromia,ET,2021,2,2,ETH,ET041112,1.0,1.0
ET041112,Mena (Bale),ET0411,Bale,ET04,Oromia,ET,2021,11,0,ETH,ET041112,0.0,0.0
ET041112,Mena (Bale),ET0411,Bale,ET04,Oromia,ET,2021,12,0,ETH,ET041112,0.0,0.0
ET041113,Meda Welabu,ET0411,Bale,ET04,Oromia,ET,2004,10,10,ETH,ET041113,5.0,5.0
ET041113,Meda Welabu,ET0411,Bale,ET04,Oromia,ET,2014,4,0,ETH,ET041113,0.0,0.0
ET041113,Meda Welabu,ET0411,Bale,ET04,Oromia,ET,2014,5,0,ETH,ET041113,0.0,0.0
ET041113,Meda Welabu,ET0411,Bale,ET04,Oromia,ET,2015,12,0,ETH,ET041113,0.0,0.0
ET041113,Meda Welabu,ET0411,Bale,ET04,Oromia,ET,2017,11,3,ETH,ET041113,1.5,1.5
ET041113,Meda Welabu,ET0411,Bale,ET04,Oromia,ET,2018,3,5,ETH,ET041113,2.5,2.5
ET041113,Meda Welabu,ET0411,Bale,ET04,Oromia,ET,2018,6,1,ETH,ET041113,0.5,0.5
ET041113,Meda Welabu,ET0411,Bale,ET04,Oromia,ET,2018,7,9,ETH,ET041113,4.5,4.5
ET041113,Meda Welabu,ET0411,Bale,ET04,Oromia,ET,2022,12,0,ETH,ET041113,0.0,0.0
ET041113,Meda Welabu,ET0411,Bale,ET04,Oromia,ET,2023,9,1,ETH,ET041113,0.5,0.5
ET041113,Meda Welabu,ET0411,Bale,ET04,Oromia,ET,2025,2,0,ETH,ET041113,0.0,0.0
ET041115,Gura Damole,ET0411,Bale,ET04,Oromia,ET,2016,2,0,ETH,ET041115,0.0,0.0
ET041115,Gura Damole,ET0411,Bale,ET04,Oromia,ET,2016,3,12,ETH,ET041115,6.0,6.0
ET041115,Gura Damole,ET0411,Bale,ET04,Oromia,ET,2016,6,15,ETH,ET041115,7.5,7.5
ET041115,Gura Damole,ET0411,Bale,ET04,Oromia,ET,2016,12,21,ETH,ET041115,10.5,10.5
ET041115,Gura Damole,ET0411,Bale,ET04,Oromia,ET,2017,5,1,ETH,ET041115,0.5,0.5
ET041115,Gura Damole,ET0411,Bale,ET04,Oromia,ET,2022,7,13,ETH,ET041115,6.5,6.5
ET041115,Gura Damole,ET0411,Bale,ET04,Oromia,ET,2022,9,6,ETH,ET041115,3.0,3.0
ET041115,Gura Damole,ET0411,Bale,ET04,Oromia,ET,2022,10,3,ETH,ET041115,1.5,1.5
ET041116,Goro (Bale),ET0411,Bale,ET04,Oromia,ET,1999,8,35,ETH,ET041116,17.5,17.5
ET041116,Goro (Bale),ET0411,Bale,ET04,Oromia,ET,2003,11,0,ETH,ET041116,0.0,0.0
ET041116,Goro (Bale),ET0411,Bale,ET04,Oromia,ET,2003,12,55,ETH,ET041116,27.5,27.5
ET041116,Goro (Bale),ET0411,Bale,ET04,Oromia,ET,2014,5,0,ETH,ET041116,0.0,0.0
ET041116,Goro (Bale),ET0411,Bale,ET04,Oromia,ET,2015,11,5,ETH,ET041116,2.5,2.5
ET041116,Goro (Bale),ET0411,Bale,ET04,Oromia,ET,2016,2,0,ETH,ET041116,0.0,0.0
ET041116,Goro (Bale),ET0411,Bale,ET04,Oromia,ET,2016,6,2,ETH,ET041116,1.0,1.0
ET041116,Goro (Bale),ET0411,Bale,ET04,Oromia,ET,2016,12,17,ETH,ET041116,8.5,8.5
ET041116,Goro (Bale),ET0411,Bale,ET04,Oromia,ET,2017,7,0,ETH,ET041116,0.0,0.0
ET041116,Goro (Bale),ET0411,Bale,ET04,Oromia,ET,2025,5,0,ETH,ET041116,0.0,0.0
ET041119,Robe Town,ET0411,Bale,ET04,Oromia,ET,2016,1,3,ETH,ET041119,1.5,1.5
ET041119,Robe Town,ET0411,Bale,ET04,Oromia,ET,2016,6,5,ETH,ET041119,2.5,2.5
ET041119,Robe Town,ET0411,Bale,ET04,Oromia,ET,2016,8,3,ETH,ET041119,1.5,1.5
ET041119,Robe Town,ET0411,Bale,ET04,Oromia,ET,2016,9,0,ETH,ET041119,0.0,0.0
ET041119,Robe Town,ET0411,Bale,ET04,Oromia,ET,2016,10,0,ETH,ET041119,0.0,0.0
ET041119,Robe Town,ET0411,Bale,ET04,Oromia,ET,2016,12,12,ETH,ET041119,6.0,6.0
ET041119,Robe Town,ET0411,Bale,ET04,Oromia,ET,2017,1,8,ETH,ET041119,4.0,4.0
ET041119,Robe Town,ET0411,Bale,ET04,Oromia,ET,2017,7,3,ETH,ET041119,1.5,1.5
ET041119,Robe Town,ET0411,Bale,ET04,Oromia,ET,2017,9,0,ETH,ET041119,0.0,0.0
ET041119,Robe Town,ET0411,Bale,ET04,Oromia,ET,2018,7,6,ETH,ET041119,3.0,3.0
ET041119,Robe Town,ET0411,Bale,ET04,Oromia,ET,2018,12,0,ETH,ET041119,0.0,0.0
ET041119,Robe Town,ET0411,Bale,ET04,Oromia,ET,2019,3,0,ETH,ET041119,0.0,0.0
ET041119,Robe Town,ET0411,Bale,ET04,Oromia,ET,2020,10,1,ETH,ET041119,0.5,0.5
ET041119,Robe Town,ET0411,Bale,ET04,Oromia,ET,2021,2,0,ETH,ET041119,0.0,0.0
ET041119,Robe Town,ET0411,Bale,ET04,Oromia,ET,2021,11,0,ETH,ET041119,0.0,0.0
ET041119,Robe Town,ET0411,Bale,ET04,Oromia,ET,2021,12,0,ETH,ET041119,0.0,0.0
ET041119,Robe Town,ET0411,Bale,ET04,Oromia,ET,2023,3,0,ETH,ET041119,0.0,0.0
ET041119,Robe Town,ET0411,Bale,ET04,Oromia,ET,2023,6,0,ETH,ET041119,0.0,0.0
ET041119,Robe Town,ET0411,Bale,ET04,Oromia,ET,2024,1,0,ETH,ET041119,0.0,0.0
ET041119,Robe Town,ET0411,Bale,ET04,Oromia,ET,2024,11,0,ETH,ET041119,0.0,0.0
ET041120,Goba town,ET0411,Bale,ET04,Oromia,ET,2002,6,15,ETH,ET041120,7.5,7.5
ET041120,Goba town,ET0411,Bale,ET04,Oromia,ET,2015,12,0,ETH,ET041120,0.0,0.0
ET041120,Goba town,ET0411,Bale,ET04,Oromia,ET,2016,1,1,ETH,ET041120,0.5,0.5
ET041120,Goba town,ET0411,Bale,ET04,Oromia,ET,2018,7,22,ETH,ET041120,11.0,11.0
ET041120,Goba town,ET0411,Bale,ET04,Oromia,ET,2025,7,1,ETH,ET041120,0.5,0.5
ET041122,Dinsho,ET0411,Bale,ET04,Oromia,ET,2016,8,3,ETH,ET041122,1.5,1.5
ET041122,Dinsho,ET0411,Bale,ET04,Oromia,ET,2020,6,1,ETH,ET041122,0.5,0.5
ET041122,Dinsho,ET0411,Bale,ET04,Oromia,ET,2022,12,0,ETH,ET041122,0.0,0.0
ET041122,Dinsho,ET0411,Bale,ET04,Oromia,ET,2023,10,0,ETH,ET041122,0.0,0.0
ET041122,Dinsho,ET0411,Bale,ET04,Oromia,ET,2024,6,0,ETH,ET041122,0.0,0.0
ET041122,Dinsho,ET0411,Bale,ET04,Oromia,ET,2024,8,0,ETH,ET041122,0.0,0.0
ET041207,Yabelo,ET0412,Borena,ET04,Oromia,ET,2000,7,6,ETH,ET041207,3.0,3.0
ET041207,Yabelo,ET0412,Borena,ET04,Oromia,ET,2001,1,44,ETH,ET041207,22.0,22.0
ET041207,Yabelo,ET0412,Borena,ET04,Oromia,ET,2004,12,4,ETH,ET041207,2.0,2.0
ET041207,Yabelo,ET0412,Borena,ET04,Oromia,ET,2016,2,0,ETH,ET041207,0.0,0.0
ET041207,Yabelo,ET0412,Borena,ET04,Oromia,ET,2016,5,0,ETH,ET041207,0.0,0.0
ET041207,Yabelo,ET0412,Borena,ET04,Oromia,ET,2016,7,0,ETH,ET041207,0.0,0.0
ET041207,Yabelo,ET0412,Borena,ET04,Oromia,ET,2016,9,0,ETH,ET041207,0.0,0.0
ET041207,Yabelo,ET0412,Borena,ET04,Oromia,ET,2017,1,8,ETH,ET041207,4.0,4.0
ET041207,Yabelo,ET0412,Borena,ET04,Oromia,ET,2017,9,0,ETH,ET041207,0.0,0.0
ET041207,Yabelo,ET0412,Borena,ET04,Oromia,ET,2017,10,6,ETH,ET041207,3.0,3.0
ET041207,Yabelo,ET0412,Borena,ET04,Oromia,ET,2017,11,0,ETH,ET041207,0.0,0.0
ET041207,Yabelo,ET0412,Borena,ET04,Oromia,ET,2017,12,4,ETH,ET041207,2.0,2.0
ET041207,Yabelo,ET0412,Borena,ET04,Oromia,ET,2018,1,0,ETH,ET041207,0.0,0.0
ET041207,Yabelo,ET0412,Borena,ET04,Oromia,ET,2018,5,0,ETH,ET041207,0.0,0.0
ET041207,Yabelo,ET0412,Borena,ET04,Oromia,ET,2020,3,0,ETH,ET041207,0.0,0.0
ET041207,Yabelo,ET0412,Borena,ET04,Oromia,ET,2021,2,4,ETH,ET041207,2.0,2.0
ET041207,Yabelo,ET0412,Borena,ET04,Oromia,ET,2021,3,0,ETH,ET041207,0.0,0.0
ET041207,Yabelo,ET0412,Borena,ET04,Oromia,ET,2021,12,0,ETH,ET041207,0.0,0.0
ET041207,Yabelo,ET0412,Borena,ET04,Oromia,ET,2022,12,0,ETH,ET041207,0.0,0.0
ET041207,Yabelo,ET0412,Borena,ET04,Oromia,ET,2023,1,0,ETH,ET041207,0.0,0.0
ET041207,Yabelo,ET0412,Borena,ET04,Oromia,ET,2023,3,0,ETH,ET041207,0.0,0.0
ET041207,Yabelo,ET0412,Borena,ET04,Oromia,ET,2024,11,0,ETH,ET041207,0.0,0.0
ET041207,Yabelo,ET0412,Borena,ET04,Oromia,ET,2025,2,3,ETH,ET041207,1.5,1.5
ET041207,Yabelo,ET0412,Borena,ET04,Oromia,ET,2025,5,1,ETH,ET041207,0.5,0.5
ET041207,Yabelo,ET0412,Borena,ET04,Oromia,ET,2025,7,0,ETH,ET041207,0.0,0.0
ET041207,Yabelo,ET0412,Borena,ET04,Oromia,ET,2025,8,0,ETH,ET041207,0.0,0.0
ET041208,Arero,ET0412,Borena,ET04,Oromia,ET,2000,9,0,ETH,ET041208,0.0,0.0
ET041208,Arero,ET0412,Borena,ET04,Oromia,ET,2001,1,44,ETH,ET041208,22.0,22.0
ET041208,Arero,ET0412,Borena,ET04,Oromia,ET,2001,11,17,ETH,ET041208,8.5,8.5
ET041208,Arero,ET0412,Borena,ET04,Oromia,ET,2004,6,12,ETH,ET041208,6.0,6.0
ET041208,Arero,ET0412,Borena,ET04,Oromia,ET,2004,7,5,ETH,ET041208,2.5,2.5
ET041208,Arero,ET0412,Borena,ET04,Oromia,ET,2004,9,9,ETH,ET041208,4.5,4.5
ET041208,Arero,ET0412,Borena,ET04,Oromia,ET,2005,5,15,ETH,ET041208,7.5,7.5
ET041208,Arero,ET0412,Borena,ET04,Oromia,ET,2005,7,15,ETH,ET041208,7.5,7.5
ET041208,Arero,ET0412,Borena,ET04,Oromia,ET,2007,6,0,ETH,ET041208,0.0,0.0
ET041208,Arero,ET0412,Borena,ET04,Oromia,ET,2017,11,3,ETH,ET041208,1.5,1.5
ET041208,Arero,ET0412,Borena,ET04,Oromia,ET,2018,12,0,ETH,ET041208,0.0,0.0
ET041208,Arero,ET0412,Borena,ET04,Oromia,ET,2019,6,0,ETH,ET041208,0.0,0.0
ET041208,Arero,ET0412,Borena,ET04,Oromia,ET,2019,10,0,ETH,ET041208,0.0,0.0
ET041208,Arero,ET0412,Borena,ET04,Oromia,ET,2021,3,0,ETH,ET041208,0.0,0.0
ET041208,Arero,ET0412,Borena,ET04,Oromia,ET,2022,11,0,ETH,ET041208,0.0,0.0
ET041208,Arero,ET0412,Borena,ET04,Oromia,ET,2025,7,0,ETH,ET041208,0.0,0.0
ET041208,Arero,ET0412,Borena,ET04,Oromia,ET,2025,8,2,ETH,ET041208,1.0,1.0
ET041210,Moyale (OR),ET0412,Borena,ET04,Oromia,ET,1997,6,24,ETH,ET041210,12.0,12.0
ET041210,Moyale (OR),ET0412,Borena,ET04,Oromia,ET,1998,7,0,ETH,ET041210,0.0,0.0
ET041210,Moyale (OR),ET0412,Borena,ET04,Oromia,ET,1999,1,18,ETH,ET041210,9.0,9.0
ET041210,Moyale (OR),ET0412,Borena,ET04,Oromia,ET,1999,3,100,ETH,ET041210,50.0,50.0
ET041210,Moyale (OR),ET0412,Borena,ET04,Oromia,ET,1999,8,54,ETH,ET041210,27.0,27.0
ET041210,Moyale (OR),ET0412,Borena,ET04,Oromia,ET,1999,10,3,ETH,ET041210,1.5,1.5
ET041210,Moyale (OR),ET0412,Borena,ET04,Oromia,ET,1999,11,0,ETH,ET041210,0.0,0.0
ET041210,Moyale (OR),ET0412,Borena,ET04,Oromia,ET,2000,7,14,ETH,ET041210,7.0,7.0
ET041210,Moyale (OR),ET0412,Borena,ET04,Oromia,ET,2000,10,51,ETH,ET041210,25.5,25.5
ET041210,Moyale (OR),ET0412,Borena,ET04,Oromia,ET,2000,11,41,ETH,ET041210,20.5,20.5
ET041210,Moyale (OR),ET0412,Borena,ET04,Oromia,ET,2001,1,62,ETH,ET041210,31.0,31.0
ET041210,Moyale (OR),ET0412,Borena,ET04,Oromia,ET,2001,11,0,ETH,ET041210,0.0,0.0
ET041210,Moyale (OR),ET0412,Borena,ET04,Oromia,ET,2002,9,16,ETH,ET041210,8.0,8.0
ET041210,Moyale (OR),ET0412,Borena,ET04,Oromia,ET,2002,10,38,ETH,ET041210,19.0,19.0
ET041210,Moyale (OR),ET0412,Borena,ET04,Oromia,ET,2003,5,0,ETH,ET041210,0.0,0.0
ET041210,Moyale (OR),ET0412,Borena,ET04,Oromia,ET,2003,10,3,ETH,ET041210,1.5,1.5
ET041210,Moyale (OR),ET0412,Borena,ET04,Oromia,ET,2004,11,29,ETH,ET041210,14.5,14.5
ET041210,Moyale (OR),ET0412,Borena,ET04,Oromia,ET,2005,3,1,ETH,ET041210,0.5,0.5
ET041210,Moyale (OR),ET0412,Borena,ET04,Oromia,ET,2005,5,1,ETH,ET041210,0.5,0.5
ET041210,Moyale (OR),ET0412,Borena,ET04,Oromia,ET,2005,7,15,ETH,ET041210,7.5,7.5
ET041210,Moyale (OR),ET0412,Borena,ET04,Oromia,ET,2006,11,3,ETH,ET041210,1.5,1.5
ET041210,Moyale (OR),ET0412,Borena,ET04,Oromia,ET,2007,2,19,ETH,ET041210,9.5,9.5
ET041210,Moyale (OR),ET0412,Borena,ET04,Oromia,ET,2010,7,3,ETH,ET041210,1.5,1.5
ET041210,Moyale (OR),ET0412,Borena,ET04,Oromia,ET,2010,11,0,ETH,ET041210,0.0,0.0
ET041210,Moyale (OR),ET0412,Borena,ET04,Oromia,ET,2010,12,5,ETH,ET041210,2.5,2.5
ET041210,Moyale (OR),ET0412,Borena,ET04,Oromia,ET,2012,7,18,ETH,ET041210,9.0,9.0
ET041210,Moyale (OR),ET0412,Borena,ET04,Oromia,ET,2013,8,4,ETH,ET041210,2.0,2.0
ET041210,Moyale (OR),ET0412,Borena,ET04,Oromia,ET,2014,5,0,ETH,ET041210,0.0,0.0
ET041210,Moyale (OR),ET0412,Borena,ET04,Oromia,ET,2015,12,5,ETH,ET041210,2.5,2.5
ET041210,Moyale (OR),ET0412,Borena,ET04,Oromia,ET,2016,7,24,ETH,ET041210,12.0,12.0
ET041210,Moyale (OR),ET0412,Borena,ET04,Oromia,ET,2016,8,0,ETH,ET041210,0.0,0.0
ET041210,Moyale (OR),ET0412,Borena,ET04,Oromia,ET,2017,1,4,ETH,ET041210,2.0,2.0
ET041210,Moyale (OR),ET0412,Borena,ET04,Oromia,ET,2017,3,0,ETH,ET041210,0.0,0.0
ET041210,Moyale (OR),ET0412,Borena,ET04,Oromia,ET,2017,9,101,ETH,ET041210,50.5,50.5
ET041210,Moyale (OR),ET0412,Borena,ET04,Oromia,ET,2017,11,0,ETH,ET041210,0.0,0.0
ET041210,Moyale (OR),ET0412,Borena,ET04,Oromia,ET,2017,12,3,ETH,ET041210,1.5,1.5
ET041210,Moyale (OR),ET0412,Borena,ET04,Oromia,ET,2018,1,2,ETH,ET041210,1.0,1.0
ET041210,Moyale (OR),ET0412,Borena,ET04,Oromia,ET,2018,3,16,ETH,ET041210,8.0,8.0
ET041210,Moyale (OR),ET0412,Borena,ET04,Oromia,ET,2018,4,10,ETH,ET041210,5.0,5.0
ET041210,Moyale (OR),ET0412,Borena,ET04,Oromia,ET,2018,5,16,ETH,ET041210,8.0,8.0
ET041210,Moyale (OR),ET0412,Borena,ET04,Oromia,ET,2018,7,2,ETH,ET041210,1.0,1.0
ET041210,Moyale (OR),ET0412,Borena,ET04,Oromia,ET,2018,9,5,ETH,ET041210,2.5,2.5
ET041210,Moyale (OR),ET0412,Borena,ET04,Oromia,ET,2018,11,12,ETH,ET041210,6.0,6.0
ET041210,Moyale (OR),ET0412,Borena,ET04,Oromia,ET,2018,12,60,ETH,ET041210,30.0,30.0
ET041210,Moyale (OR),ET0412,Borena,ET04,Oromia,ET,2019,3,0,ETH,ET041210,0.0,0.0
ET041210,Moyale (OR),ET0412,Borena,ET04,Oromia,ET,2019,8,3,ETH,ET041210,1.5,1.5
ET041210,Moyale (OR),ET0412,Borena,ET04,Oromia,ET,2020,4,0,ETH,ET041210,0.0,0.0
ET041210,Moyale (OR),ET0412,Borena,ET04,Oromia,ET,2021,3,0,ETH,ET041210,0.0,0.0
ET041210,Moyale (OR),ET0412,Borena,ET04,Oromia,ET,2021,6,47,ETH,ET041210,23.5,23.5
ET041210,Moyale (OR),ET0412,Borena,ET04,Oromia,ET,2022,4,6,ETH,ET041210,3.0,3.0
ET041210,Moyale (OR),ET0412,Borena,ET04,Oromia,ET,2023,11,3,ETH,ET041210,1.5,1.5
ET041210,Moyale (OR),ET0412,Borena,ET04,Oromia,ET,2023,12,0,ETH,ET041210,0.0,0.0
ET041210,Moyale (OR),ET0412,Borena,ET04,Oromia,ET,2025,1,1,ETH,ET041210,0.5,0.5
ET041210,Moyale (OR),ET0412,Borena,ET04,Oromia,ET,2025,4,0,ETH,ET041210,0.0,0.0
ET041210,Moyale (OR),ET0412,Borena,ET04,Oromia,ET,2025,7,0,ETH,ET041210,0.0,0.0
ET041210,Moyale (OR),ET0412,Borena,ET04,Oromia,ET,2025,9,0,ETH,ET041210,0.0,0.0
ET041211,Dire,ET0412,Borena,ET04,Oromia,ET,1999,7,322,ETH,ET041211,161.0,161.0
ET041211,Dire,ET0412,Borena,ET04,Oromia,ET,2016,2,0,ETH,ET041211,0.0,0.0
ET041211,Dire,ET0412,Borena,ET04,Oromia,ET,2017,10,0,ETH,ET041211,0.0,0.0
ET041211,Dire,ET0412,Borena,ET04,Oromia,ET,2018,12,0,ETH,ET041211,0.0,0.0
ET041211,Dire,ET0412,Borena,ET04,Oromia,ET,2025,5,0,ETH,ET041211,0.0,0.0
ET041211,Dire,ET0412,Borena,ET04,Oromia,ET,2025,7,0,ETH,ET041211,0.0,0.0
ET041212,Teltale,ET0412,Borena,ET04,Oromia,ET,2007,6,0,ETH,ET041212,0.0,0.0
ET041212,Teltale,ET0412,Borena,ET04,Oromia,ET,2016,7,0,ETH,ET041212,0.0,0.0
ET041212,Teltale,ET0412,Borena,ET04,Oromia,ET,2018,12,0,ETH,ET041212,0.0,0.0
ET041212,Teltale,ET0412,Borena,ET04,Oromia,ET,2025,5,0,ETH,ET041212,0.0,0.0
ET041216,Miyo,ET0412,Borena,ET04,Oromia,ET,2003,5,8,ETH,ET041216,4.0,4.0
ET041216,Miyo,ET0412,Borena,ET04,Oromia,ET,2003,10,9,ETH,ET041216,4.5,4.5
ET041216,Miyo,ET0412,Borena,ET04,Oromia,ET,2004,7,9,ETH,ET041216,4.5,4.5
ET041216,Miyo,ET0412,Borena,ET04,Oromia,ET,2013,10,1,ETH,ET041216,0.5,0.5
ET041216,Miyo,ET0412,Borena,ET04,Oromia,ET,2015,12,0,ETH,ET041216,0.0,0.0
ET041216,Miyo,ET0412,Borena,ET04,Oromia,ET,2016,2,0,ETH,ET041216,0.0,0.0
ET041216,Miyo,ET0412,Borena,ET04,Oromia,ET,2016,7,0,ETH,ET041216,0.0,0.0
ET041216,Miyo,ET0412,Borena,ET04,Oromia,ET,2016,10,0,ETH,ET041216,0.0,0.0
ET041216,Miyo,ET0412,Borena,ET04,Oromia,ET,2019,2,5,ETH,ET041216,2.5,2.5
ET041216,Miyo,ET0412,Borena,ET04,Oromia,ET,2024,3,1,ETH,ET041216,0.5,0.5
ET041216,Miyo,ET0412,Borena,ET04,Oromia,ET,2024,9,1,ETH,ET041216,0.5,0.5
ET041219,Dilo,ET0412,Borena,ET04,Oromia,ET,2021,3,0,ETH,ET041219,0.0,0.0
ET041219,Dilo,ET0412,Borena,ET04,Oromia,ET,2025,7,0,ETH,ET041219,0.0,0.0
ET041220,Dhas,ET0412,Borena,ET04,Oromia,ET,2005,6,20,ETH,ET041220,10.0,10.0
ET041220,Dhas,ET0412,Borena,ET04,Oromia,ET,2017,11,27,ETH,ET041220,13.5,13.5
ET041220,Dhas,ET0412,Borena,ET04,Oromia,ET,2025,7,5,ETH,ET041220,2.5,2.5
ET041290,Guchi,ET0412,Borena,ET04,Oromia,ET,1999,8,105,ETH,ET041290,52.5,52.5
ET041290,Guchi,ET0412,Borena,ET04,Oromia,ET,2025,7,0,ETH,ET041290,0.0,0.0
ET041291,Dubluk,ET0412,Borena,ET04,Oromia,ET,2021,3,0,ETH,ET041291,0.0,0.0
ET041291,Dubluk,ET0412,Borena,ET04,Oromia,ET,2025,7,0,ETH,ET041291,0.0,0.0
ET041295,Elwaya,ET0412,Borena,ET04,Oromia,ET,1999,3,47,ETH,ET041295,23.5,23.5
ET041295,Elwaya,ET0412,Borena,ET04,Oromia,ET,2008,5,0,ETH,ET041295,0.0,0.0
ET041295,Elwaya,ET0412,Borena,ET04,Oromia,ET,2017,10,0,ETH,ET041295,0.0,0.0
ET041295,Elwaya,ET0412,Borena,ET04,Oromia,ET,2024,12,2,ETH,ET041295,1.0,1.0
ET041298,Wachile,ET0412,Borena,ET04,Oromia,ET,2018,6,0,ETH,ET041298,0.0,0.0
ET041298,Wachile,ET0412,Borena,ET04,Oromia,ET,2018,7,0,ETH,ET041298,0.0,0.0
ET041298,Wachile,ET0412,Borena,ET04,Oromia,ET,2019,9,5,ETH,ET041298,2.5,2.5
ET041298,Wachile,ET0412,Borena,ET04,Oromia,ET,2025,7,3,ETH,ET041298,1.5,1.5
ET041298,Wachile,ET0412,Borena,ET04,Oromia,ET,2025,8,2,ETH,ET041298,1.0,1.0
ET041301,Ameya,ET0413,South West Shewa,ET04,Oromia,ET,2015,12,4,ETH,ET041301,2.0,2.0
ET041301,Ameya,ET0413,South West Shewa,ET04,Oromia,ET,2021,11,0,ETH,ET041301,0.0,0.0
ET041301,Ameya,ET0413,South West Shewa,ET04,Oromia,ET,2022,1,1,ETH,ET041301,0.5,0.5
ET041301,Ameya,ET0413,South West Shewa,ET04,Oromia,ET,2022,4,1,ETH,ET041301,0.5,0.5
ET041301,Ameya,ET0413,South West Shewa,ET04,Oromia,ET,2022,5,20,ETH,ET041301,10.0,10.0
ET041301,Ameya,ET0413,South West Shewa,ET04,Oromia,ET,2022,7,7,ETH,ET041301,3.5,3.5
ET041301,Ameya,ET0413,South West Shewa,ET04,Oromia,ET,2022,8,1,ETH,ET041301,0.5,0.5
ET041301,Ameya,ET0413,South West Shewa,ET04,Oromia,ET,2022,9,10,ETH,ET041301,5.0,5.0
ET041301,Ameya,ET0413,South West Shewa,ET04,Oromia,ET,2022,11,3,ETH,ET041301,1.5,1.5
ET041301,Ameya,ET0413,South West Shewa,ET04,Oromia,ET,2022,12,3,ETH,ET041301,1.5,1.5
ET041301,Ameya,ET0413,South West Shewa,ET04,Oromia,ET,2024,2,17,ETH,ET041301,8.5,8.5
ET041301,Ameya,ET0413,South West Shewa,ET04,Oromia,ET,2024,3,11,ETH,ET041301,5.5,5.5
ET041301,Ameya,ET0413,South West Shewa,ET04,Oromia,ET,2024,4,45,ETH,ET041301,22.5,22.5
ET041301,Ameya,ET0413,South West Shewa,ET04,Oromia,ET,2024,6,3,ETH,ET041301,1.5,1.5
ET041301,Ameya,ET0413,South West Shewa,ET04,Oromia,ET,2024,7,22,ETH,ET041301,11.0,11.0
ET041301,Ameya,ET0413,South West Shewa,ET04,Oromia,ET,2024,8,3,ETH,ET041301,1.5,1.5
ET041301,Ameya,ET0413,South West Shewa,ET04,Oromia,ET,2024,9,3,ETH,ET041301,1.5,1.5
ET041301,Ameya,ET0413,South West Shewa,ET04,Oromia,ET,2024,10,14,ETH,ET041301,7.0,7.0
ET041301,Ameya,ET0413,South West Shewa,ET04,Oromia,ET,2024,11,2,ETH,ET041301,1.0,1.0
ET041301,Ameya,ET0413,South West Shewa,ET04,Oromia,ET,2024,12,0,ETH,ET041301,0.0,0.0
ET041301,Ameya,ET0413,South West Shewa,ET04,Oromia,ET,2025,3,3,ETH,ET041301,1.5,1.5
ET041301,Ameya,ET0413,South West Shewa,ET04,Oromia,ET,2025,4,3,ETH,ET041301,1.5,1.5
ET041302,Wenchi,ET0413,South West Shewa,ET04,Oromia,ET,2015,12,9,ETH,ET041302,4.5,4.5
ET041302,Wenchi,ET0413,South West Shewa,ET04,Oromia,ET,2022,4,0,ETH,ET041302,0.0,0.0
ET041302,Wenchi,ET0413,South West Shewa,ET04,Oromia,ET,2022,7,1,ETH,ET041302,0.5,0.5
ET041302,Wenchi,ET0413,South West Shewa,ET04,Oromia,ET,2023,9,2,ETH,ET041302,1.0,1.0
ET041302,Wenchi,ET0413,South West Shewa,ET04,Oromia,ET,2024,12,0,ETH,ET041302,0.0,0.0
ET041303,Waliso,ET0413,South West Shewa,ET04,Oromia,ET,2015,12,0,ETH,ET041303,0.0,0.0
ET041303,Waliso,ET0413,South West Shewa,ET04,Oromia,ET,2016,9,0,ETH,ET041303,0.0,0.0
ET041303,Waliso,ET0413,South West Shewa,ET04,Oromia,ET,2022,12,0,ETH,ET041303,0.0,0.0
ET041303,Waliso,ET0413,South West Shewa,ET04,Oromia,ET,2024,9,1,ETH,ET041303,0.5,0.5
ET041304,Dawo,ET0413,South West Shewa,ET04,Oromia,ET,2002,4,0,ETH,ET041304,0.0,0.0
ET041304,Dawo,ET0413,South West Shewa,ET04,Oromia,ET,2024,5,1,ETH,ET041304,0.5,0.5
ET041304,Dawo,ET0413,South West Shewa,ET04,Oromia,ET,2024,12,0,ETH,ET041304,0.0,0.0
ET041305,Ilu,ET0413,South West Shewa,ET04,Oromia,ET,2015,12,1,ETH,ET041305,0.5,0.5
ET041305,Ilu,ET0413,South West Shewa,ET04,Oromia,ET,2016,10,2,ETH,ET041305,1.0,1.0
ET041305,Ilu,ET0413,South West Shewa,ET04,Oromia,ET,2023,6,1,ETH,ET041305,0.5,0.5
ET041305,Ilu,ET0413,South West Shewa,ET04,Oromia,ET,2023,7,1,ETH,ET041305,0.5,0.5
ET041305,Ilu,ET0413,South West Shewa,ET04,Oromia,ET,2023,9,0,ETH,ET041305,0.0,0.0
ET041305,Ilu,ET0413,South West Shewa,ET04,Oromia,ET,2023,12,2,ETH,ET041305,1.0,1.0
ET041305,Ilu,ET0413,South West Shewa,ET04,Oromia,ET,2024,2,0,ETH,ET041305,0.0,0.0
ET041305,Ilu,ET0413,South West Shewa,ET04,Oromia,ET,2025,7,2,ETH,ET041305,1.0,1.0
ET041307,Kersana Malima,ET0413,South West Shewa,ET04,Oromia,ET,2023,6,9,ETH,ET041307,4.5,4.5
ET041307,Kersana Malima,ET0413,South West Shewa,ET04,Oromia,ET,2024,1,20,ETH,ET041307,10.0,10.0
ET041307,Kersana Malima,ET0413,South West Shewa,ET04,Oromia,ET,2024,8,15,ETH,ET041307,7.5,7.5
ET041307,Kersana Malima,ET0413,South West Shewa,ET04,Oromia,ET,2024,11,2,ETH,ET041307,1.0,1.0
ET041308,Tole,ET0413,South West Shewa,ET04,Oromia,ET,2015,12,1,ETH,ET041308,0.5,0.5
ET041308,Tole,ET0413,South West Shewa,ET04,Oromia,ET,2016,1,0,ETH,ET041308,0.0,0.0
ET041308,Tole,ET0413,South West Shewa,ET04,Oromia,ET,2018,2,0,ETH,ET041308,0.0,0.0
ET041308,Tole,ET0413,South West Shewa,ET04,Oromia,ET,2022,5,3,ETH,ET041308,1.5,1.5
ET041308,Tole,ET0413,South West Shewa,ET04,Oromia,ET,2023,4,0,ETH,ET041308,0.0,0.0
ET041308,Tole,ET0413,South West Shewa,ET04,Oromia,ET,2023,11,10,ETH,ET041308,5.0,5.0
ET041308,Tole,ET0413,South West Shewa,ET04,Oromia,ET,2023,12,3,ETH,ET041308,1.5,1.5
ET041308,Tole,ET0413,South West Shewa,ET04,Oromia,ET,2024,4,11,ETH,ET041308,5.5,5.5
ET041308,Tole,ET0413,South West Shewa,ET04,Oromia,ET,2024,8,6,ETH,ET041308,3.0,3.0
ET041308,Tole,ET0413,South West Shewa,ET04,Oromia,ET,2024,11,2,ETH,ET041308,1.0,1.0
ET041308,Tole,ET0413,South West Shewa,ET04,Oromia,ET,2025,6,10,ETH,ET041308,5.0,5.0
ET041308,Tole,ET0413,South West Shewa,ET04,Oromia,ET,2025,8,6,ETH,ET041308,3.0,3.0
ET041309,Becho (SW Shewa),ET0413,South West Shewa,ET04,Oromia,ET,2016,10,0,ETH,ET041309,0.0,0.0
ET041309,Becho (SW Shewa),ET0413,South West Shewa,ET04,Oromia,ET,2017,10,0,ETH,ET041309,0.0,0.0
ET041309,Becho (SW Shewa),ET0413,South West Shewa,ET04,Oromia,ET,2023,2,3,ETH,ET041309,1.5,1.5
ET041309,Becho (SW Shewa),ET0413,South West Shewa,ET04,Oromia,ET,2023,9,2,ETH,ET041309,1.0,1.0
ET041309,Becho (SW Shewa),ET0413,South West Shewa,ET04,Oromia,ET,2023,12,14,ETH,ET041309,7.0,7.0
ET041309,Becho (SW Shewa),ET0413,South West Shewa,ET04,Oromia,ET,2024,1,0,ETH,ET041309,0.0,0.0
ET041309,Becho (SW Shewa),ET0413,South West Shewa,ET04,Oromia,ET,2024,9,0,ETH,ET041309,0.0,0.0
ET041309,Becho (SW Shewa),ET0413,South West Shewa,ET04,Oromia,ET,2024,11,8,ETH,ET041309,4.0,4.0
ET041309,Becho (SW Shewa),ET0413,South West Shewa,ET04,Oromia,ET,2025,6,10,ETH,ET041309,5.0,5.0
ET041310,Seden Sodo,ET0413,South West Shewa,ET04,Oromia,ET,2002,9,5,ETH,ET041310,2.5,2.5
ET041310,Seden Sodo,ET0413,South West Shewa,ET04,Oromia,ET,2015,12,5,ETH,ET041310,2.5,2.5
ET041310,Seden Sodo,ET0413,South West Shewa,ET04,Oromia,ET,2018,10,0,ETH,ET041310,0.0,0.0
ET041310,Seden Sodo,ET0413,South West Shewa,ET04,Oromia,ET,2023,9,2,ETH,ET041310,1.0,1.0
ET041310,Seden Sodo,ET0413,South West Shewa,ET04,Oromia,ET,2023,10,0,ETH,ET041310,0.0,0.0
ET041310,Seden Sodo,ET0413,South West Shewa,ET04,Oromia,ET,2024,6,1,ETH,ET041310,0.5,0.5
ET041310,Seden Sodo,ET0413,South West Shewa,ET04,Oromia,ET,2024,8,1,ETH,ET041310,0.5,0.5
ET041311,Woliso town,ET0413,South West Shewa,ET04,Oromia,ET,2004,3,0,ETH,ET041311,0.0,0.0
ET041311,Woliso town,ET0413,South West Shewa,ET04,Oromia,ET,2015,11,0,ETH,ET041311,0.0,0.0
ET041311,Woliso town,ET0413,South West Shewa,ET04,Oromia,ET,2015,12,29,ETH,ET041311,14.5,14.5
ET041311,Woliso town,ET0413,South West Shewa,ET04,Oromia,ET,2016,2,0,ETH,ET041311,0.0,0.0
ET041311,Woliso town,ET0413,South West Shewa,ET04,Oromia,ET,2016,6,1,ETH,ET041311,0.5,0.5
ET041311,Woliso town,ET0413,South West Shewa,ET04,Oromia,ET,2016,8,1,ETH,ET041311,0.5,0.5
ET041311,Woliso town,ET0413,South West Shewa,ET04,Oromia,ET,2016,9,0,ETH,ET041311,0.0,0.0
ET041311,Woliso town,ET0413,South West Shewa,ET04,Oromia,ET,2016,10,0,ETH,ET041311,0.0,0.0
ET041311,Woliso town,ET0413,South West Shewa,ET04,Oromia,ET,2017,7,0,ETH,ET041311,0.0,0.0
ET041311,Woliso town,ET0413,South West Shewa,ET04,Oromia,ET,2017,8,0,ETH,ET041311,0.0,0.0
ET041311,Woliso town,ET0413,South West Shewa,ET04,Oromia,ET,2018,12,0,ETH,ET041311,0.0,0.0
ET041311,Woliso town,ET0413,South West Shewa,ET04,Oromia,ET,2019,4,0,ETH,ET041311,0.0,0.0
ET041311,Woliso town,ET0413,South West Shewa,ET04,Oromia,ET,2020,9,1,ETH,ET041311,0.5,0.5
ET041311,Woliso town,ET0413,South West Shewa,ET04,Oromia,ET,2021,2,0,ETH,ET041311,0.0,0.0
ET041311,Woliso town,ET0413,South West Shewa,ET04,Oromia,ET,2022,8,0,ETH,ET041311,0.0,0.0
ET041311,Woliso town,ET0413,South West Shewa,ET04,Oromia,ET,2022,11,4,ETH,ET041311,2.0,2.0
ET041311,Woliso town,ET0413,South West Shewa,ET04,Oromia,ET,2022,12,0,ETH,ET041311,0.0,0.0
ET041311,Woliso town,ET0413,South West Shewa,ET04,Oromia,ET,2023,1,0,ETH,ET041311,0.0,0.0
ET041311,Woliso town,ET0413,South West Shewa,ET04,Oromia,ET,2024,5,8,ETH,ET041311,4.0,4.0
ET041311,Woliso town,ET0413,South West Shewa,ET04,Oromia,ET,2024,6,3,ETH,ET041311,1.5,1.5
ET041311,Woliso town,ET0413,South West Shewa,ET04,Oromia,ET,2024,11,0,ETH,ET041311,0.0,0.0
ET041311,Woliso town,ET0413,South West Shewa,ET04,Oromia,ET,2024,12,0,ETH,ET041311,0.0,0.0
ET041311,Woliso town,ET0413,South West Shewa,ET04,Oromia,ET,2025,3,1,ETH,ET041311,0.5,0.5
ET041312,Goro (SW Shewa),ET0413,South West Shewa,ET04,Oromia,ET,2022,6,3,ETH,ET041312,1.5,1.5
ET041314,Sodo Daci,ET0413,South West Shewa,ET04,Oromia,ET,2015,12,0,ETH,ET041314,0.0,0.0
ET041314,Sodo Daci,ET0413,South West Shewa,ET04,Oromia,ET,2022,12,10,ETH,ET041314,5.0,5.0
ET041314,Sodo Daci,ET0413,South West Shewa,ET04,Oromia,ET,2024,3,3,ETH,ET041314,1.5,1.5
ET041314,Sodo Daci,ET0413,South West Shewa,ET04,Oromia,ET,2024,7,4,ETH,ET041314,2.0,2.0
ET041314,Sodo Daci,ET0413,South West Shewa,ET04,Oromia,ET,2024,8,5,ETH,ET041314,2.5,2.5
ET041314,Sodo Daci,ET0413,South West Shewa,ET04,Oromia,ET,2024,11,0,ETH,ET041314,0.0,0.0
ET041314,Sodo Daci,ET0413,South West Shewa,ET04,Oromia,ET,2025,6,6,ETH,ET041314,3.0,3.0
ET041402,Bore,ET0414,Guji,ET04,Oromia,ET,2015,12,0,ETH,ET041402,0.0,0.0
ET041402,Bore,ET0414,Guji,ET04,Oromia,ET,2016,2,0,ETH,ET041402,0.0,0.0
ET041402,Bore,ET0414,Guji,ET04,Oromia,ET,2017,12,2,ETH,ET041402,1.0,1.0
ET041402,Bore,ET0414,Guji,ET04,Oromia,ET,2018,5,0,ETH,ET041402,0.0,0.0
ET041402,Bore,ET0414,Guji,ET04,Oromia,ET,2019,2,7,ETH,ET041402,3.5,3.5
ET041402,Bore,ET0414,Guji,ET04,Oromia,ET,2022,11,1,ETH,ET041402,0.5,0.5
ET041402,Bore,ET0414,Guji,ET04,Oromia,ET,2023,2,3,ETH,ET041402,1.5,1.5
ET041402,Bore,ET0414,Guji,ET04,Oromia,ET,2023,6,3,ETH,ET041402,1.5,1.5
ET041404,Wadera,ET0414,Guji,ET04,Oromia,ET,2021,12,9,ETH,ET041404,4.5,4.5
ET041404,Wadera,ET0414,Guji,ET04,Oromia,ET,2022,1,0,ETH,ET041404,0.0,0.0
ET041404,Wadera,ET0414,Guji,ET04,Oromia,ET,2022,2,6,ETH,ET041404,3.0,3.0
ET041404,Wadera,ET0414,Guji,ET04,Oromia,ET,2023,5,4,ETH,ET041404,2.0,2.0
ET041404,Wadera,ET0414,Guji,ET04,Oromia,ET,2023,12,0,ETH,ET041404,0.0,0.0
ET041404,Wadera,ET0414,Guji,ET04,Oromia,ET,2024,1,0,ETH,ET041404,0.0,0.0
ET041404,Wadera,ET0414,Guji,ET04,Oromia,ET,2024,4,1,ETH,ET041404,0.5,0.5
ET041404,Wadera,ET0414,Guji,ET04,Oromia,ET,2024,10,0,ETH,ET041404,0.0,0.0
ET041407,Liben,ET0414,Guji,ET04,Oromia,ET,2015,12,0,ETH,ET041407,0.0,0.0
ET041407,Liben,ET0414,Guji,ET04,Oromia,ET,2016,9,0,ETH,ET041407,0.0,0.0
ET041407,Liben,ET0414,Guji,ET04,Oromia,ET,2016,10,0,ETH,ET041407,0.0,0.0
ET041407,Liben,ET0414,Guji,ET04,Oromia,ET,2017,1,8,ETH,ET041407,4.0,4.0
ET041407,Liben,ET0414,Guji,ET04,Oromia,ET,2017,2,18,ETH,ET041407,9.0,9.0
ET041407,Liben,ET0414,Guji,ET04,Oromia,ET,2017,9,0,ETH,ET041407,0.0,0.0
ET041407,Liben,ET0414,Guji,ET04,Oromia,ET,2017,11,0,ETH,ET041407,0.0,0.0
ET041407,Liben,ET0414,Guji,ET04,Oromia,ET,2017,12,0,ETH,ET041407,0.0,0.0
ET041407,Liben,ET0414,Guji,ET04,Oromia,ET,2018,4,2,ETH,ET041407,1.0,1.0
ET041407,Liben,ET0414,Guji,ET04,Oromia,ET,2018,5,0,ETH,ET041407,0.0,0.0
ET041407,Liben,ET0414,Guji,ET04,Oromia,ET,2018,12,0,ETH,ET041407,0.0,0.0
ET041407,Liben,ET0414,Guji,ET04,Oromia,ET,2020,5,1,ETH,ET041407,0.5,0.5
ET041407,Liben,ET0414,Guji,ET04,Oromia,ET,2020,11,14,ETH,ET041407,7.0,7.0
ET041407,Liben,ET0414,Guji,ET04,Oromia,ET,2021,5,3,ETH,ET041407,1.5,1.5
ET041407,Liben,ET0414,Guji,ET04,Oromia,ET,2021,8,0,ETH,ET041407,0.0,0.0
ET041407,Liben,ET0414,Guji,ET04,Oromia,ET,2021,10,0,ETH,ET041407,0.0,0.0
ET041407,Liben,ET0414,Guji,ET04,Oromia,ET,2021,11,1,ETH,ET041407,0.5,0.5
ET041407,Liben,ET0414,Guji,ET04,Oromia,ET,2022,11,0,ETH,ET041407,0.0,0.0
ET041407,Liben,ET0414,Guji,ET04,Oromia,ET,2023,5,0,ETH,ET041407,0.0,0.0
ET041407,Liben,ET0414,Guji,ET04,Oromia,ET,2024,1,0,ETH,ET041407,0.0,0.0
ET041407,Liben,ET0414,Guji,ET04,Oromia,ET,2024,5,11,ETH,ET041407,5.5,5.5
ET041407,Liben,ET0414,Guji,ET04,Oromia,ET,2024,10,0,ETH,ET041407,0.0,0.0
ET041407,Liben,ET0414,Guji,ET04,Oromia,ET,2024,11,0,ETH,ET041407,0.0,0.0
ET041407,Liben,ET0414,Guji,ET04,Oromia,ET,2025,7,0,ETH,ET041407,0.0,0.0
ET041412,Saba Boru,ET0414,Guji,ET04,Oromia,ET,2023,6,1,ETH,ET041412,0.5,0.5
ET041412,Saba Boru,ET0414,Guji,ET04,Oromia,ET,2024,1,0,ETH,ET041412,0.0,0.0
ET041412,Saba Boru,ET0414,Guji,ET04,Oromia,ET,2024,2,0,ETH,ET041412,0.0,0.0
ET041412,Saba Boru,ET0414,Guji,ET04,Oromia,ET,2024,12,0,ETH,ET041412,0.0,0.0
ET041412,Saba Boru,ET0414,Guji,ET04,Oromia,ET,2025,8,1,ETH,ET041412,0.5,0.5
ET041412,Saba Boru,ET0414,Guji,ET04,Oromia,ET,2025,9,0,ETH,ET041412,0.0,0.0
ET041413,Gora Dola,ET0414,Guji,ET04,Oromia,ET,2004,11,20,ETH,ET041413,10.0,10.0
ET041413,Gora Dola,ET0414,Guji,ET04,Oromia,ET,2016,1,0,ETH,ET041413,0.0,0.0
ET041413,Gora Dola,ET0414,Guji,ET04,Oromia,ET,2016,2,0,ETH,ET041413,0.0,0.0
ET041413,Gora Dola,ET0414,Guji,ET04,Oromia,ET,2018,5,0,ETH,ET041413,0.0,0.0
ET041413,Gora Dola,ET0414,Guji,ET04,Oromia,ET,2020,4,2,ETH,ET041413,1.0,1.0
ET041413,Gora Dola,ET0414,Guji,ET04,Oromia,ET,2020,6,0,ETH,ET041413,0.0,0.0
ET041413,Gora Dola,ET0414,Guji,ET04,Oromia,ET,2021,2,0,ETH,ET041413,0.0,0.0
ET041413,Gora Dola,ET0414,Guji,ET04,Oromia,ET,2021,5,5,ETH,ET041413,2.5,2.5
ET041413,Gora Dola,ET0414,Guji,ET04,Oromia,ET,2021,10,10,ETH,ET041413,5.0,5.0
ET041413,Gora Dola,ET0414,Guji,ET04,Oromia,ET,2021,12,7,ETH,ET041413,3.5,3.5
ET041413,Gora Dola,ET0414,Guji,ET04,Oromia,ET,2022,1,1,ETH,ET041413,0.5,0.5
ET041413,Gora Dola,ET0414,Guji,ET04,Oromia,ET,2022,2,6,ETH,ET041413,3.0,3.0
ET041413,Gora Dola,ET0414,Guji,ET04,Oromia,ET,2022,4,48,ETH,ET041413,24.0,24.0
ET041413,Gora Dola,ET0414,Guji,ET04,Oromia,ET,2022,6,16,ETH,ET041413,8.0,8.0
ET041413,Gora Dola,ET0414,Guji,ET04,Oromia,ET,2022,7,26,ETH,ET041413,13.0,13.0
ET041413,Gora Dola,ET0414,Guji,ET04,Oromia,ET,2022,10,6,ETH,ET041413,3.0,3.0
ET041413,Gora Dola,ET0414,Guji,ET04,Oromia,ET,2022,11,0,ETH,ET041413,0.0,0.0
ET041413,Gora Dola,ET0414,Guji,ET04,Oromia,ET,2023,6,0,ETH,ET041413,0.0,0.0
ET041413,Gora Dola,ET0414,Guji,ET04,Oromia,ET,2023,7,0,ETH,ET041413,0.0,0.0
ET041413,Gora Dola,ET0414,Guji,ET04,Oromia,ET,2023,8,0,ETH,ET041413,0.0,0.0
ET041413,Gora Dola,ET0414,Guji,ET04,Oromia,ET,2023,11,0,ETH,ET041413,0.0,0.0
ET041413,Gora Dola,ET0414,Guji,ET04,Oromia,ET,2023,12,3,ETH,ET041413,1.5,1.5
ET041413,Gora Dola,ET0414,Guji,ET04,Oromia,ET,2024,1,0,ETH,ET041413,0.0,0.0
ET041413,Gora Dola,ET0414,Guji,ET04,Oromia,ET,2024,2,6,ETH,ET041413,3.0,3.0
ET041413,Gora Dola,ET0414,Guji,ET04,Oromia,ET,2024,3,11,ETH,ET041413,5.5,5.5
ET041413,Gora Dola,ET0414,Guji,ET04,Oromia,ET,2024,4,0,ETH,ET041413,0.0,0.0
ET041413,Gora Dola,ET0414,Guji,ET04,Oromia,ET,2024,5,10,ETH,ET041413,5.0,5.0
ET041413,Gora Dola,ET0414,Guji,ET04,Oromia,ET,2024,6,2,ETH,ET041413,1.0,1.0
ET041413,Gora Dola,ET0414,Guji,ET04,Oromia,ET,2024,7,0,ETH,ET041413,0.0,0.0
ET041413,Gora Dola,ET0414,Guji,ET04,Oromia,ET,2024,8,3,ETH,ET041413,1.5,1.5
ET041413,Gora Dola,ET0414,Guji,ET04,Oromia,ET,2024,11,0,ETH,ET041413,0.0,0.0
ET041413,Gora Dola,ET0414,Guji,ET04,Oromia,ET,2025,4,0,ETH,ET041413,0.0,0.0
ET041414,Negele town,ET0414,Guji,ET04,Oromia,ET,2005,10,0,ETH,ET041414,0.0,0.0
ET041414,Negele town,ET0414,Guji,ET04,Oromia,ET,2017,12,0,ETH,ET041414,0.0,0.0
ET041414,Negele town,ET0414,Guji,ET04,Oromia,ET,2018,4,2,ETH,ET041414,1.0,1.0
ET041414,Negele town,ET0414,Guji,ET04,Oromia,ET,2019,6,0,ETH,ET041414,0.0,0.0
ET041414,Negele town,ET0414,Guji,ET04,Oromia,ET,2019,10,0,ETH,ET041414,0.0,0.0
ET041414,Negele town,ET0414,Guji,ET04,Oromia,ET,2020,5,12,ETH,ET041414,6.0,6.0
ET041414,Negele town,ET0414,Guji,ET04,Oromia,ET,2020,6,2,ETH,ET041414,1.0,1.0
ET041414,Negele town,ET0414,Guji,ET04,Oromia,ET,2021,4,1,ETH,ET041414,0.5,0.5
ET041414,Negele town,ET0414,Guji,ET04,Oromia,ET,2021,6,48,ETH,ET041414,24.0,24.0
ET041414,Negele town,ET0414,Guji,ET04,Oromia,ET,2021,7,1,ETH,ET041414,0.5,0.5
ET041414,Negele town,ET0414,Guji,ET04,Oromia,ET,2021,8,40,ETH,ET041414,20.0,20.0
ET041414,Negele town,ET0414,Guji,ET04,Oromia,ET,2021,10,3,ETH,ET041414,1.5,1.5
ET041414,Negele town,ET0414,Guji,ET04,Oromia,ET,2021,11,10,ETH,ET041414,5.0,5.0
ET041414,Negele town,ET0414,Guji,ET04,Oromia,ET,2021,12,13,ETH,ET041414,6.5,6.5
ET041414,Negele town,ET0414,Guji,ET04,Oromia,ET,2022,1,1,ETH,ET041414,0.5,0.5
ET041414,Negele town,ET0414,Guji,ET04,Oromia,ET,2022,2,3,ETH,ET041414,1.5,1.5
ET041414,Negele town,ET0414,Guji,ET04,Oromia,ET,2022,10,0,ETH,ET041414,0.0,0.0
ET041414,Negele town,ET0414,Guji,ET04,Oromia,ET,2022,11,1,ETH,ET041414,0.5,0.5
ET041414,Negele town,ET0414,Guji,ET04,Oromia,ET,2023,1,0,ETH,ET041414,0.0,0.0
ET041414,Negele town,ET0414,Guji,ET04,Oromia,ET,2023,3,0,ETH,ET041414,0.0,0.0
ET041414,Negele town,ET0414,Guji,ET04,Oromia,ET,2023,12,0,ETH,ET041414,0.0,0.0
ET041414,Negele town,ET0414,Guji,ET04,Oromia,ET,2024,3,0,ETH,ET041414,0.0,0.0
ET041414,Negele town,ET0414,Guji,ET04,Oromia,ET,2024,4,0,ETH,ET041414,0.0,0.0
ET041414,Negele town,ET0414,Guji,ET04,Oromia,ET,2024,5,10,ETH,ET041414,5.0,5.0
ET041414,Negele town,ET0414,Guji,ET04,Oromia,ET,2024,7,3,ETH,ET041414,1.5,1.5
ET041414,Negele town,ET0414,Guji,ET04,Oromia,ET,2024,8,1,ETH,ET041414,0.5,0.5
ET041414,Negele town,ET0414,Guji,ET04,Oromia,ET,2024,10,0,ETH,ET041414,0.0,0.0
ET041414,Negele town,ET0414,Guji,ET04,Oromia,ET,2024,11,0,ETH,ET041414,0.0,0.0
ET041414,Negele town,ET0414,Guji,ET04,Oromia,ET,2024,12,0,ETH,ET041414,0.0,0.0
ET041414,Negele town,ET0414,Guji,ET04,Oromia,ET,2025,5,1,ETH,ET041414,0.5,0.5
ET041414,Negele town,ET0414,Guji,ET04,Oromia,ET,2025,6,0,ETH,ET041414,0.0,0.0
ET041414,Negele town,ET0414,Guji,ET04,Oromia,ET,2025,9,0,ETH,ET041414,0.0,0.0
ET041482,Aga Wayu,ET0414,Guji,ET04,Oromia,ET,2020,1,0,ETH,ET041482,0.0,0.0
ET041482,Aga Wayu,ET0414,Guji,ET04,Oromia,ET,2020,5,1,ETH,ET041482,0.5,0.5
ET041482,Aga Wayu,ET0414,Guji,ET04,Oromia,ET,2020,6,3,ETH,ET041482,1.5,1.5
ET041482,Aga Wayu,ET0414,Guji,ET04,Oromia,ET,2020,8,4,ETH,ET041482,2.0,2.0
ET041482,Aga Wayu,ET0414,Guji,ET04,Oromia,ET,2021,12,17,ETH,ET041482,8.5,8.5
ET041482,Aga Wayu,ET0414,Guji,ET04,Oromia,ET,2022,11,1,ETH,ET041482,0.5,0.5
ET041482,Aga Wayu,ET0414,Guji,ET04,Oromia,ET,2023,6,2,ETH,ET041482,1.0,1.0
ET041492,Adola town,ET0414,Guji,ET04,Oromia,ET,2018,5,4,ETH,ET041492,2.0,2.0
ET041492,Adola town,ET0414,Guji,ET04,Oromia,ET,2020,11,0,ETH,ET041492,0.0,0.0
ET041492,Adola town,ET0414,Guji,ET04,Oromia,ET,2022,2,3,ETH,ET041492,1.5,1.5
ET041492,Adola town,ET0414,Guji,ET04,Oromia,ET,2022,6,8,ETH,ET041492,4.0,4.0
ET041492,Adola town,ET0414,Guji,ET04,Oromia,ET,2022,11,0,ETH,ET041492,0.0,0.0
ET041492,Adola town,ET0414,Guji,ET04,Oromia,ET,2023,3,0,ETH,ET041492,0.0,0.0
ET041492,Adola town,ET0414,Guji,ET04,Oromia,ET,2024,1,10,ETH,ET041492,5.0,5.0
ET041492,Adola town,ET0414,Guji,ET04,Oromia,ET,2024,12,0,ETH,ET041492,0.0,0.0
ET041497,Gumi Idalo,ET0414,Guji,ET04,Oromia,ET,2020,6,3,ETH,ET041497,1.5,1.5
ET041497,Gumi Idalo,ET0414,Guji,ET04,Oromia,ET,2021,2,1,ETH,ET041497,0.5,0.5
ET041497,Gumi Idalo,ET0414,Guji,ET04,Oromia,ET,2021,8,42,ETH,ET041497,21.0,21.0
ET041497,Gumi Idalo,ET0414,Guji,ET04,Oromia,ET,2021,9,20,ETH,ET041497,10.0,10.0
ET041497,Gumi Idalo,ET0414,Guji,ET04,Oromia,ET,2021,10,3,ETH,ET041497,1.5,1.5
ET041497,Gumi Idalo,ET0414,Guji,ET04,Oromia,ET,2021,11,0,ETH,ET041497,0.0,0.0
ET041497,Gumi Idalo,ET0414,Guji,ET04,Oromia,ET,2022,4,9,ETH,ET041497,4.5,4.5
ET041497,Gumi Idalo,ET0414,Guji,ET04,Oromia,ET,2022,5,8,ETH,ET041497,4.0,4.0
ET041497,Gumi Idalo,ET0414,Guji,ET04,Oromia,ET,2022,6,16,ETH,ET041497,8.0,8.0
ET041497,Gumi Idalo,ET0414,Guji,ET04,Oromia,ET,2022,8,6,ETH,ET041497,3.0,3.0
ET041497,Gumi Idalo,ET0414,Guji,ET04,Oromia,ET,2022,9,10,ETH,ET041497,5.0,5.0
ET041497,Gumi Idalo,ET0414,Guji,ET04,Oromia,ET,2022,10,0,ETH,ET041497,0.0,0.0
ET041497,Gumi Idalo,ET0414,Guji,ET04,Oromia,ET,2022,11,0,ETH,ET041497,0.0,0.0
ET041497,Gumi Idalo,ET0414,Guji,ET04,Oromia,ET,2023,8,0,ETH,ET041497,0.0,0.0
ET041497,Gumi Idalo,ET0414,Guji,ET04,Oromia,ET,2024,1,4,ETH,ET041497,2.0,2.0
ET041497,Gumi Idalo,ET0414,Guji,ET04,Oromia,ET,2024,12,3,ETH,ET041497,1.5,1.5
ET041497,Gumi Idalo,ET0414,Guji,ET04,Oromia,ET,2025,5,0,ETH,ET041497,0.0,0.0
ET041499,Shakiso town,ET0414,Guji,ET04,Oromia,ET,2005,10,0,ETH,ET041499,0.0,0.0
ET041499,Shakiso town,ET0414,Guji,ET04,Oromia,ET,2016,2,3,ETH,ET041499,1.5,1.5
ET041499,Shakiso town,ET0414,Guji,ET04,Oromia,ET,2016,4,1,ETH,ET041499,0.5,0.5
ET041499,Shakiso town,ET0414,Guji,ET04,Oromia,ET,2017,11,0,ETH,ET041499,0.0,0.0
ET041499,Shakiso town,ET0414,Guji,ET04,Oromia,ET,2017,12,0,ETH,ET041499,0.0,0.0
ET041499,Shakiso town,ET0414,Guji,ET04,Oromia,ET,2018,4,0,ETH,ET041499,0.0,0.0
ET041499,Shakiso town,ET0414,Guji,ET04,Oromia,ET,2018,5,0,ETH,ET041499,0.0,0.0
ET041499,Shakiso town,ET0414,Guji,ET04,Oromia,ET,2018,12,3,ETH,ET041499,1.5,1.5
ET041499,Shakiso town,ET0414,Guji,ET04,Oromia,ET,2019,5,7,ETH,ET041499,3.5,3.5
ET041499,Shakiso town,ET0414,Guji,ET04,Oromia,ET,2020,5,1,ETH,ET041499,0.5,0.5
ET041499,Shakiso town,ET0414,Guji,ET04,Oromia,ET,2022,11,0,ETH,ET041499,0.0,0.0
ET041499,Shakiso town,ET0414,Guji,ET04,Oromia,ET,2023,3,0,ETH,ET041499,0.0,0.0
ET041499,Shakiso town,ET0414,Guji,ET04,Oromia,ET,2023,5,0,ETH,ET041499,0.0,0.0
ET041499,Shakiso town,ET0414,Guji,ET04,Oromia,ET,2023,6,0,ETH,ET041499,0.0,0.0
ET041501,Bule Hora,ET0415,West Guji,ET04,Oromia,ET,2022,1,0,ETH,ET041501,0.0,0.0
ET041501,Bule Hora,ET0415,West Guji,ET04,Oromia,ET,2024,3,0,ETH,ET041501,0.0,0.0
ET041501,Bule Hora,ET0415,West Guji,ET04,Oromia,ET,2025,9,0,ETH,ET041501,0.0,0.0
ET041502,Kercha,ET0415,West Guji,ET04,Oromia,ET,2021,12,3,ETH,ET041502,1.5,1.5
ET041502,Kercha,ET0415,West Guji,ET04,Oromia,ET,2022,2,3,ETH,ET041502,1.5,1.5
ET041502,Kercha,ET0415,West Guji,ET04,Oromia,ET,2024,6,4,ETH,ET041502,2.0,2.0
ET041513,Abaya,ET0415,West Guji,ET04,Oromia,ET,2006,4,0,ETH,ET041513,0.0,0.0
ET041513,Abaya,ET0415,West Guji,ET04,Oromia,ET,2024,1,2,ETH,ET041513,1.0,1.0
ET041513,Abaya,ET0415,West Guji,ET04,Oromia,ET,2024,7,0,ETH,ET041513,0.0,0.0
ET041515,Dugda Dawa,ET0415,West Guji,ET04,Oromia,ET,2020,1,0,ETH,ET041515,0.0,0.0
ET041515,Dugda Dawa,ET0415,West Guji,ET04,Oromia,ET,2022,2,6,ETH,ET041515,3.0,3.0
ET041515,Dugda Dawa,ET0415,West Guji,ET04,Oromia,ET,2022,11,0,ETH,ET041515,0.0,0.0
ET041515,Dugda Dawa,ET0415,West Guji,ET04,Oromia,ET,2023,8,7,ETH,ET041515,3.5,3.5
ET041515,Dugda Dawa,ET0415,West Guji,ET04,Oromia,ET,2024,2,0,ETH,ET041515,0.0,0.0
ET041515,Dugda Dawa,ET0415,West Guji,ET04,Oromia,ET,2025,7,0,ETH,ET041515,0.0,0.0
ET041517,Gelana (West Guji),ET0415,West Guji,ET04,Oromia,ET,2018,10,3,ETH,ET041517,1.5,1.5
ET041517,Gelana (West Guji),ET0415,West Guji,ET04,Oromia,ET,2018,12,5,ETH,ET041517,2.5,2.5
ET041517,Gelana (West Guji),ET0415,West Guji,ET04,Oromia,ET,2019,1,2,ETH,ET041517,1.0,1.0
ET041517,Gelana (West Guji),ET0415,West Guji,ET04,Oromia,ET,2019,2,2,ETH,ET041517,1.0,1.0
ET041517,Gelana (West Guji),ET0415,West Guji,ET04,Oromia,ET,2019,3,4,ETH,ET041517,2.0,2.0
ET041517,Gelana (West Guji),ET0415,West Guji,ET04,Oromia,ET,2019,8,1,ETH,ET041517,0.5,0.5
ET041517,Gelana (West Guji),ET0415,West Guji,ET04,Oromia,ET,2020,1,2,ETH,ET041517,1.0,1.0
ET041517,Gelana (West Guji),ET0415,West Guji,ET04,Oromia,ET,2021,2,2,ETH,ET041517,1.0,1.0
ET041517,Gelana (West Guji),ET0415,West Guji,ET04,Oromia,ET,2021,4,12,ETH,ET041517,6.0,6.0
ET041517,Gelana (West Guji),ET0415,West Guji,ET04,Oromia,ET,2021,5,10,ETH,ET041517,5.0,5.0
ET041517,Gelana (West Guji),ET0415,West Guji,ET04,Oromia,ET,2021,8,3,ETH,ET041517,1.5,1.5
ET041517,Gelana (West Guji),ET0415,West Guji,ET04,Oromia,ET,2021,12,10,ETH,ET041517,5.0,5.0
ET041517,Gelana (West Guji),ET0415,West Guji,ET04,Oromia,ET,2022,1,13,ETH,ET041517,6.5,6.5
ET041517,Gelana (West Guji),ET0415,West Guji,ET04,Oromia,ET,2022,2,8,ETH,ET041517,4.0,4.0
ET041517,Gelana (West Guji),ET0415,West Guji,ET04,Oromia,ET,2022,5,0,ETH,ET041517,0.0,0.0
ET041517,Gelana (West Guji),ET0415,West Guji,ET04,Oromia,ET,2022,11,0,ETH,ET041517,0.0,0.0
ET041517,Gelana (West Guji),ET0415,West Guji,ET04,Oromia,ET,2022,12,0,ETH,ET041517,0.0,0.0
ET041517,Gelana (West Guji),ET0415,West Guji,ET04,Oromia,ET,2023,1,2,ETH,ET041517,1.0,1.0
ET041517,Gelana (West Guji),ET0415,West Guji,ET04,Oromia,ET,2024,1,12,ETH,ET041517,6.0,6.0
ET041517,Gelana (West Guji),ET0415,West Guji,ET04,Oromia,ET,2024,3,3,ETH,ET041517,1.5,1.5
ET041517,Gelana (West Guji),ET0415,West Guji,ET04,Oromia,ET,2024,9,0,ETH,ET041517,0.0,0.0
ET041517,Gelana (West Guji),ET0415,West Guji,ET04,Oromia,ET,2025,1,5,ETH,ET041517,2.5,2.5
ET041517,Gelana (West Guji),ET0415,West Guji,ET04,Oromia,ET,2025,2,0,ETH,ET041517,0.0,0.0
ET041517,Gelana (West Guji),ET0415,West Guji,ET04,Oromia,ET,2025,4,1,ETH,ET041517,0.5,0.5
ET041518,Melka Soda,ET0415,West Guji,ET04,Oromia,ET,2022,4,3,ETH,ET041518,1.5,1.5
ET041518,Melka Soda,ET0415,West Guji,ET04,Oromia,ET,2022,6,0,ETH,ET041518,0.0,0.0
ET041518,Melka Soda,ET0415,West Guji,ET04,Oromia,ET,2022,8,1,ETH,ET041518,0.5,0.5
ET041518,Melka Soda,ET0415,West Guji,ET04,Oromia,ET,2022,9,51,ETH,ET041518,25.5,25.5
ET041518,Melka Soda,ET0415,West Guji,ET04,Oromia,ET,2022,11,0,ETH,ET041518,0.0,0.0
ET041518,Melka Soda,ET0415,West Guji,ET04,Oromia,ET,2023,6,2,ETH,ET041518,1.0,1.0
ET041518,Melka Soda,ET0415,West Guji,ET04,Oromia,ET,2024,6,0,ETH,ET041518,0.0,0.0
ET041587,Bule Hora town,ET0415,West Guji,ET04,Oromia,ET,2005,4,400,ETH,ET041587,200.0,200.0
ET041587,Bule Hora town,ET0415,West Guji,ET04,Oromia,ET,2005,10,0,ETH,ET041587,0.0,0.0
ET041587,Bule Hora town,ET0415,West Guji,ET04,Oromia,ET,2014,4,0,ETH,ET041587,0.0,0.0
ET041587,Bule Hora town,ET0415,West Guji,ET04,Oromia,ET,2015,12,0,ETH,ET041587,0.0,0.0
ET041587,Bule Hora town,ET0415,West Guji,ET04,Oromia,ET,2016,2,5,ETH,ET041587,2.5,2.5
ET041587,Bule Hora town,ET0415,West Guji,ET04,Oromia,ET,2016,3,0,ETH,ET041587,0.0,0.0
ET041587,Bule Hora town,ET0415,West Guji,ET04,Oromia,ET,2016,8,0,ETH,ET041587,0.0,0.0
ET041587,Bule Hora town,ET0415,West Guji,ET04,Oromia,ET,2016,10,1,ETH,ET041587,0.5,0.5
ET041587,Bule Hora town,ET0415,West Guji,ET04,Oromia,ET,2017,8,0,ETH,ET041587,0.0,0.0
ET041587,Bule Hora town,ET0415,West Guji,ET04,Oromia,ET,2017,9,4,ETH,ET041587,2.0,2.0
ET041587,Bule Hora town,ET0415,West Guji,ET04,Oromia,ET,2017,10,0,ETH,ET041587,0.0,0.0
ET041587,Bule Hora town,ET0415,West Guji,ET04,Oromia,ET,2017,11,0,ETH,ET041587,0.0,0.0
ET041587,Bule Hora town,ET0415,West Guji,ET04,Oromia,ET,2017,12,0,ETH,ET041587,0.0,0.0
ET041587,Bule Hora town,ET0415,West Guji,ET04,Oromia,ET,2018,4,11,ETH,ET041587,5.5,5.5
ET041587,Bule Hora town,ET0415,West Guji,ET04,Oromia,ET,2018,7,2,ETH,ET041587,1.0,1.0
ET041587,Bule Hora town,ET0415,West Guji,ET04,Oromia,ET,2019,6,0,ETH,ET041587,0.0,0.0
ET041587,Bule Hora town,ET0415,West Guji,ET04,Oromia,ET,2019,11,0,ETH,ET041587,0.0,0.0
ET041587,Bule Hora town,ET0415,West Guji,ET04,Oromia,ET,2020,1,1,ETH,ET041587,0.5,0.5
ET041587,Bule Hora town,ET0415,West Guji,ET04,Oromia,ET,2021,6,5,ETH,ET041587,2.5,2.5
ET041587,Bule Hora town,ET0415,West Guji,ET04,Oromia,ET,2021,11,0,ETH,ET041587,0.0,0.0
ET041587,Bule Hora town,ET0415,West Guji,ET04,Oromia,ET,2022,1,10,ETH,ET041587,5.0,5.0
ET041587,Bule Hora town,ET0415,West Guji,ET04,Oromia,ET,2022,2,0,ETH,ET041587,0.0,0.0
ET041587,Bule Hora town,ET0415,West Guji,ET04,Oromia,ET,2022,3,0,ETH,ET041587,0.0,0.0
ET041587,Bule Hora town,ET0415,West Guji,ET04,Oromia,ET,2022,4,3,ETH,ET041587,1.5,1.5
ET041587,Bule Hora town,ET0415,West Guji,ET04,Oromia,ET,2022,5,0,ETH,ET041587,0.0,0.0
ET041587,Bule Hora town,ET0415,West Guji,ET04,Oromia,ET,2022,6,0,ETH,ET041587,0.0,0.0
ET041587,Bule Hora town,ET0415,West Guji,ET04,Oromia,ET,2022,9,4,ETH,ET041587,2.0,2.0
ET041587,Bule Hora town,ET0415,West Guji,ET04,Oromia,ET,2022,10,8,ETH,ET041587,4.0,4.0
ET041587,Bule Hora town,ET0415,West Guji,ET04,Oromia,ET,2022,11,0,ETH,ET041587,0.0,0.0
ET041587,Bule Hora town,ET0415,West Guji,ET04,Oromia,ET,2022,12,0,ETH,ET041587,0.0,0.0
ET041587,Bule Hora town,ET0415,West Guji,ET04,Oromia,ET,2023,1,5,ETH,ET041587,2.5,2.5
ET041587,Bule Hora town,ET0415,West Guji,ET04,Oromia,ET,2023,2,9,ETH,ET041587,4.5,4.5
ET041587,Bule Hora town,ET0415,West Guji,ET04,Oromia,ET,2023,3,0,ETH,ET041587,0.0,0.0
ET041587,Bule Hora town,ET0415,West Guji,ET04,Oromia,ET,2023,5,0,ETH,ET041587,0.0,0.0
ET041587,Bule Hora town,ET0415,West Guji,ET04,Oromia,ET,2023,6,2,ETH,ET041587,1.0,1.0
ET041587,Bule Hora town,ET0415,West Guji,ET04,Oromia,ET,2023,11,0,ETH,ET041587,0.0,0.0
ET041587,Bule Hora town,ET0415,West Guji,ET04,Oromia,ET,2024,11,3,ETH,ET041587,1.5,1.5
ET041587,Bule Hora town,ET0415,West Guji,ET04,Oromia,ET,2024,12,7,ETH,ET041587,3.5,3.5
ET041587,Bule Hora town,ET0415,West Guji,ET04,Oromia,ET,2025,1,5,ETH,ET041587,2.5,2.5
ET041587,Bule Hora town,ET0415,West Guji,ET04,Oromia,ET,2025,3,0,ETH,ET041587,0.0,0.0
ET041587,Bule Hora town,ET0415,West Guji,ET04,Oromia,ET,2025,8,0,ETH,ET041587,0.0,0.0
ET041594,Suro Berguda,ET0415,West Guji,ET04,Oromia,ET,2022,4,3,ETH,ET041594,1.5,1.5
ET041594,Suro Berguda,ET0415,West Guji,ET04,Oromia,ET,2022,11,3,ETH,ET041594,1.5,1.5
ET041594,Suro Berguda,ET0415,West Guji,ET04,Oromia,ET,2023,7,0,ETH,ET041594,0.0,0.0
ET041594,Suro Berguda,ET0415,West Guji,ET04,Oromia,ET,2024,5,5,ETH,ET041594,2.5,2.5
ET041596,Birbirsa Kojowa,ET0415,West Guji,ET04,Oromia,ET,2022,4,7,ETH,ET041596,3.5,3.5
ET041603,Chora (Buno Bedele),ET0416,Buno Bedele,ET04,Oromia,ET,2012,7,0,ETH,ET041603,0.0,0.0
ET041603,Chora (Buno Bedele),ET0416,Buno Bedele,ET04,Oromia,ET,2016,8,0,ETH,ET041603,0.0,0.0
ET041603,Chora (Buno Bedele),ET0416,Buno Bedele,ET04,Oromia,ET,2017,10,5,ETH,ET041603,2.5,2.5
ET041604,Dega,ET0416,Buno Bedele,ET04,Oromia,ET,2014,4,0,ETH,ET041604,0.0,0.0
ET041604,Dega,ET0416,Buno Bedele,ET04,Oromia,ET,2016,1,3,ETH,ET041604,1.5,1.5
ET041604,Dega,ET0416,Buno Bedele,ET04,Oromia,ET,2017,10,6,ETH,ET041604,3.0,3.0
ET041604,Dega,ET0416,Buno Bedele,ET04,Oromia,ET,2018,12,1,ETH,ET041604,0.5,0.5
ET041604,Dega,ET0416,Buno Bedele,ET04,Oromia,ET,2021,11,0,ETH,ET041604,0.0,0.0
ET041604,Dega,ET0416,Buno Bedele,ET04,Oromia,ET,2023,11,3,ETH,ET041604,1.5,1.5
ET041605,Dabo Hana,ET0416,Buno Bedele,ET04,Oromia,ET,2022,9,10,ETH,ET041605,5.0,5.0
ET041605,Dabo Hana,ET0416,Buno Bedele,ET04,Oromia,ET,2022,10,1,ETH,ET041605,0.5,0.5
ET041605,Dabo Hana,ET0416,Buno Bedele,ET04,Oromia,ET,2023,11,2,ETH,ET041605,1.0,1.0
ET041608,Dedesa,ET0416,Buno Bedele,ET04,Oromia,ET,2002,8,8,ETH,ET041608,4.0,4.0
ET041608,Dedesa,ET0416,Buno Bedele,ET04,Oromia,ET,2023,1,0,ETH,ET041608,0.0,0.0
ET041618,Meko,ET0416,Buno Bedele,ET04,Oromia,ET,2023,11,2,ETH,ET041618,1.0,1.0
ET041618,Meko,ET0416,Buno Bedele,ET04,Oromia,ET,2025,1,0,ETH,ET041618,0.0,0.0
ET041621,Bedele town,ET0416,Buno Bedele,ET04,Oromia,ET,2001,6,3,ETH,ET041621,1.5,1.5
ET041621,Bedele town,ET0416,Buno Bedele,ET04,Oromia,ET,2002,4,1,ETH,ET041621,0.5,0.5
ET041621,Bedele town,ET0416,Buno Bedele,ET04,Oromia,ET,2012,3,2,ETH,ET041621,1.0,1.0
ET041621,Bedele town,ET0416,Buno Bedele,ET04,Oromia,ET,2014,5,0,ETH,ET041621,0.0,0.0
ET041621,Bedele town,ET0416,Buno Bedele,ET04,Oromia,ET,2015,12,0,ETH,ET041621,0.0,0.0
ET041621,Bedele town,ET0416,Buno Bedele,ET04,Oromia,ET,2016,2,0,ETH,ET041621,0.0,0.0
ET041621,Bedele town,ET0416,Buno Bedele,ET04,Oromia,ET,2016,3,0,ETH,ET041621,0.0,0.0
ET041621,Bedele town,ET0416,Buno Bedele,ET04,Oromia,ET,2016,4,0,ETH,ET041621,0.0,0.0
ET041621,Bedele town,ET0416,Buno Bedele,ET04,Oromia,ET,2017,10,14,ETH,ET041621,7.0,7.0
ET041621,Bedele town,ET0416,Buno Bedele,ET04,Oromia,ET,2019,6,0,ETH,ET041621,0.0,0.0
ET041621,Bedele town,ET0416,Buno Bedele,ET04,Oromia,ET,2020,2,1,ETH,ET041621,0.5,0.5
ET041621,Bedele town,ET0416,Buno Bedele,ET04,Oromia,ET,2024,11,0,ETH,ET041621,0.0,0.0
ET041623,Chwaka,ET0416,Buno Bedele,ET04,Oromia,ET,2023,11,23,ETH,ET041623,11.5,11.5
ET041623,Chwaka,ET0416,Buno Bedele,ET04,Oromia,ET,2023,12,3,ETH,ET041623,1.5,1.5
ET041623,Chwaka,ET0416,Buno Bedele,ET04,Oromia,ET,2024,11,0,ETH,ET041623,0.0,0.0
ET041700,Dodola town,ET0417,West Arsi,ET04,Oromia,ET,2015,12,0,ETH,ET041700,0.0,0.0
ET041700,Dodola town,ET0417,West Arsi,ET04,Oromia,ET,2016,2,2,ETH,ET041700,1.0,1.0
ET041700,Dodola town,ET0417,West Arsi,ET04,Oromia,ET,2016,5,0,ETH,ET041700,0.0,0.0
ET041700,Dodola town,ET0417,West Arsi,ET04,Oromia,ET,2016,7,0,ETH,ET041700,0.0,0.0
ET041700,Dodola town,ET0417,West Arsi,ET04,Oromia,ET,2016,8,7,ETH,ET041700,3.5,3.5
ET041700,Dodola town,ET0417,West Arsi,ET04,Oromia,ET,2016,9,0,ETH,ET041700,0.0,0.0
ET041700,Dodola town,ET0417,West Arsi,ET04,Oromia,ET,2016,10,0,ETH,ET041700,0.0,0.0
ET041700,Dodola town,ET0417,West Arsi,ET04,Oromia,ET,2017,2,0,ETH,ET041700,0.0,0.0
ET041700,Dodola town,ET0417,West Arsi,ET04,Oromia,ET,2017,8,0,ETH,ET041700,0.0,0.0
ET041700,Dodola town,ET0417,West Arsi,ET04,Oromia,ET,2019,10,14,ETH,ET041700,7.0,7.0
ET041700,Dodola town,ET0417,West Arsi,ET04,Oromia,ET,2020,7,3,ETH,ET041700,1.5,1.5
ET041700,Dodola town,ET0417,West Arsi,ET04,Oromia,ET,2020,8,0,ETH,ET041700,0.0,0.0
ET041700,Dodola town,ET0417,West Arsi,ET04,Oromia,ET,2023,5,0,ETH,ET041700,0.0,0.0
ET041700,Dodola town,ET0417,West Arsi,ET04,Oromia,ET,2024,3,11,ETH,ET041700,5.5,5.5
ET041701,Siraro,ET0417,West Arsi,ET04,Oromia,ET,2001,5,4,ETH,ET041701,2.0,2.0
ET041701,Siraro,ET0417,West Arsi,ET04,Oromia,ET,2016,2,0,ETH,ET041701,0.0,0.0
ET041702,Shala,ET0417,West Arsi,ET04,Oromia,ET,2015,12,1,ETH,ET041702,0.5,0.5
ET041702,Shala,ET0417,West Arsi,ET04,Oromia,ET,2016,2,17,ETH,ET041702,8.5,8.5
ET041702,Shala,ET0417,West Arsi,ET04,Oromia,ET,2016,3,2,ETH,ET041702,1.0,1.0
ET041702,Shala,ET0417,West Arsi,ET04,Oromia,ET,2016,8,2,ETH,ET041702,1.0,1.0
ET041702,Shala,ET0417,West Arsi,ET04,Oromia,ET,2016,9,5,ETH,ET041702,2.5,2.5
ET041702,Shala,ET0417,West Arsi,ET04,Oromia,ET,2016,10,0,ETH,ET041702,0.0,0.0
ET041702,Shala,ET0417,West Arsi,ET04,Oromia,ET,2022,6,0,ETH,ET041702,0.0,0.0
ET041702,Shala,ET0417,West Arsi,ET04,Oromia,ET,2022,8,1,ETH,ET041702,0.5,0.5
ET041703,Arsi Negele,ET0417,West Arsi,ET04,Oromia,ET,2016,10,0,ETH,ET041703,0.0,0.0
ET041704,Kofele,ET0417,West Arsi,ET04,Oromia,ET,2016,1,0,ETH,ET041704,0.0,0.0
ET041704,Kofele,ET0417,West Arsi,ET04,Oromia,ET,2016,2,17,ETH,ET041704,8.5,8.5
ET041704,Kofele,ET0417,West Arsi,ET04,Oromia,ET,2016,7,0,ETH,ET041704,0.0,0.0
ET041704,Kofele,ET0417,West Arsi,ET04,Oromia,ET,2016,8,4,ETH,ET041704,2.0,2.0
ET041704,Kofele,ET0417,West Arsi,ET04,Oromia,ET,2016,9,0,ETH,ET041704,0.0,0.0
ET041704,Kofele,ET0417,West Arsi,ET04,Oromia,ET,2016,10,0,ETH,ET041704,0.0,0.0
ET041704,Kofele,ET0417,West Arsi,ET04,Oromia,ET,2017,7,0,ETH,ET041704,0.0,0.0
ET041704,Kofele,ET0417,West Arsi,ET04,Oromia,ET,2017,8,0,ETH,ET041704,0.0,0.0
ET041704,Kofele,ET0417,West Arsi,ET04,Oromia,ET,2018,1,0,ETH,ET041704,0.0,0.0
ET041704,Kofele,ET0417,West Arsi,ET04,Oromia,ET,2021,5,1,ETH,ET041704,0.5,0.5
ET041704,Kofele,ET0417,West Arsi,ET04,Oromia,ET,2021,6,1,ETH,ET041704,0.5,0.5
ET041705,Kore,ET0417,West Arsi,ET04,Oromia,ET,2015,12,0,ETH,ET041705,0.0,0.0
ET041705,Kore,ET0417,West Arsi,ET04,Oromia,ET,2016,2,0,ETH,ET041705,0.0,0.0
ET041705,Kore,ET0417,West Arsi,ET04,Oromia,ET,2016,8,1,ETH,ET041705,0.5,0.5
ET041705,Kore,ET0417,West Arsi,ET04,Oromia,ET,2016,9,2,ETH,ET041705,1.0,1.0
ET041705,Kore,ET0417,West Arsi,ET04,Oromia,ET,2023,5,1,ETH,ET041705,0.5,0.5
ET041705,Kore,ET0417,West Arsi,ET04,Oromia,ET,2024,3,1,ETH,ET041705,0.5,0.5
ET041706,Gedeb Asasa,ET0417,West Arsi,ET04,Oromia,ET,2012,4,0,ETH,ET041706,0.0,0.0
ET041706,Gedeb Asasa,ET0417,West Arsi,ET04,Oromia,ET,2015,12,0,ETH,ET041706,0.0,0.0
ET041706,Gedeb Asasa,ET0417,West Arsi,ET04,Oromia,ET,2016,2,1,ETH,ET041706,0.5,0.5
ET041706,Gedeb Asasa,ET0417,West Arsi,ET04,Oromia,ET,2016,6,0,ETH,ET041706,0.0,0.0
ET041706,Gedeb Asasa,ET0417,West Arsi,ET04,Oromia,ET,2016,7,1,ETH,ET041706,0.5,0.5
ET041706,Gedeb Asasa,ET0417,West Arsi,ET04,Oromia,ET,2016,8,31,ETH,ET041706,15.5,15.5
ET041706,Gedeb Asasa,ET0417,West Arsi,ET04,Oromia,ET,2016,9,0,ETH,ET041706,0.0,0.0
ET041706,Gedeb Asasa,ET0417,West Arsi,ET04,Oromia,ET,2017,8,0,ETH,ET041706,0.0,0.0
ET041706,Gedeb Asasa,ET0417,West Arsi,ET04,Oromia,ET,2020,8,2,ETH,ET041706,1.0,1.0
ET041706,Gedeb Asasa,ET0417,West Arsi,ET04,Oromia,ET,2020,10,0,ETH,ET041706,0.0,0.0
ET041706,Gedeb Asasa,ET0417,West Arsi,ET04,Oromia,ET,2023,11,0,ETH,ET041706,0.0,0.0
ET041706,Gedeb Asasa,ET0417,West Arsi,ET04,Oromia,ET,2024,4,1,ETH,ET041706,0.5,0.5
ET041706,Gedeb Asasa,ET0417,West Arsi,ET04,Oromia,ET,2024,9,0,ETH,ET041706,0.0,0.0
ET041706,Gedeb Asasa,ET0417,West Arsi,ET04,Oromia,ET,2024,10,3,ETH,ET041706,1.5,1.5
ET041706,Gedeb Asasa,ET0417,West Arsi,ET04,Oromia,ET,2025,3,0,ETH,ET041706,0.0,0.0
ET041708,Kokosa,ET0417,West Arsi,ET04,Oromia,ET,2015,12,0,ETH,ET041708,0.0,0.0
ET041708,Kokosa,ET0417,West Arsi,ET04,Oromia,ET,2016,1,0,ETH,ET041708,0.0,0.0
ET041708,Kokosa,ET0417,West Arsi,ET04,Oromia,ET,2016,2,1,ETH,ET041708,0.5,0.5
ET041708,Kokosa,ET0417,West Arsi,ET04,Oromia,ET,2016,7,0,ETH,ET041708,0.0,0.0
ET041708,Kokosa,ET0417,West Arsi,ET04,Oromia,ET,2016,10,3,ETH,ET041708,1.5,1.5
ET041708,Kokosa,ET0417,West Arsi,ET04,Oromia,ET,2018,1,3,ETH,ET041708,1.5,1.5
ET041708,Kokosa,ET0417,West Arsi,ET04,Oromia,ET,2020,6,0,ETH,ET041708,0.0,0.0
ET041708,Kokosa,ET0417,West Arsi,ET04,Oromia,ET,2025,5,0,ETH,ET041708,0.0,0.0
ET041708,Kokosa,ET0417,West Arsi,ET04,Oromia,ET,2025,7,1,ETH,ET041708,0.5,0.5
ET041708,Kokosa,ET0417,West Arsi,ET04,Oromia,ET,2025,8,0,ETH,ET041708,0.0,0.0
ET041709,Nenesebo,ET0417,West Arsi,ET04,Oromia,ET,2022,4,4,ETH,ET041709,2.0,2.0
ET041709,Nenesebo,ET0417,West Arsi,ET04,Oromia,ET,2023,2,12,ETH,ET041709,6.0,6.0
ET041709,Nenesebo,ET0417,West Arsi,ET04,Oromia,ET,2024,4,0,ETH,ET041709,0.0,0.0
ET041709,Nenesebo,ET0417,West Arsi,ET04,Oromia,ET,2025,7,1,ETH,ET041709,0.5,0.5
ET041710,Adaba,ET0417,West Arsi,ET04,Oromia,ET,2010,5,2,ETH,ET041710,1.0,1.0
ET041710,Adaba,ET0417,West Arsi,ET04,Oromia,ET,2015,12,6,ETH,ET041710,3.0,3.0
ET041710,Adaba,ET0417,West Arsi,ET04,Oromia,ET,2016,1,2,ETH,ET041710,1.0,1.0
ET041710,Adaba,ET0417,West Arsi,ET04,Oromia,ET,2016,3,1,ETH,ET041710,0.5,0.5
ET041710,Adaba,ET0417,West Arsi,ET04,Oromia,ET,2016,7,0,ETH,ET041710,0.0,0.0
ET041710,Adaba,ET0417,West Arsi,ET04,Oromia,ET,2016,8,18,ETH,ET041710,9.0,9.0
ET041710,Adaba,ET0417,West Arsi,ET04,Oromia,ET,2016,9,0,ETH,ET041710,0.0,0.0
ET041710,Adaba,ET0417,West Arsi,ET04,Oromia,ET,2017,8,0,ETH,ET041710,0.0,0.0
ET041710,Adaba,ET0417,West Arsi,ET04,Oromia,ET,2019,3,0,ETH,ET041710,0.0,0.0
ET041710,Adaba,ET0417,West Arsi,ET04,Oromia,ET,2022,5,10,ETH,ET041710,5.0,5.0
ET041710,Adaba,ET0417,West Arsi,ET04,Oromia,ET,2023,6,3,ETH,ET041710,1.5,1.5
ET041710,Adaba,ET0417,West Arsi,ET04,Oromia,ET,2023,10,0,ETH,ET041710,0.0,0.0
ET041710,Adaba,ET0417,West Arsi,ET04,Oromia,ET,2024,2,0,ETH,ET041710,0.0,0.0
ET041710,Adaba,ET0417,West Arsi,ET04,Oromia,ET,2024,4,9,ETH,ET041710,4.5,4.5
ET041710,Adaba,ET0417,West Arsi,ET04,Oromia,ET,2024,5,1,ETH,ET041710,0.5,0.5
ET041710,Adaba,ET0417,West Arsi,ET04,Oromia,ET,2024,7,3,ETH,ET041710,1.5,1.5
ET041710,Adaba,ET0417,West Arsi,ET04,Oromia,ET,2024,8,0,ETH,ET041710,0.0,0.0
ET041710,Adaba,ET0417,West Arsi,ET04,Oromia,ET,2025,1,1,ETH,ET041710,0.5,0.5
ET041711,Shashemene town,ET0417,West Arsi,ET04,Oromia,ET,2015,12,5,ETH,ET041711,2.5,2.5
ET041711,Shashemene town,ET0417,West Arsi,ET04,Oromia,ET,2016,1,0,ETH,ET041711,0.0,0.0
ET041711,Shashemene town,ET0417,West Arsi,ET04,Oromia,ET,2016,2,11,ETH,ET041711,5.5,5.5
ET041711,Shashemene town,ET0417,West Arsi,ET04,Oromia,ET,2016,5,0,ETH,ET041711,0.0,0.0
ET041711,Shashemene town,ET0417,West Arsi,ET04,Oromia,ET,2016,6,0,ETH,ET041711,0.0,0.0
ET041711,Shashemene town,ET0417,West Arsi,ET04,Oromia,ET,2016,7,0,ETH,ET041711,0.0,0.0
ET041711,Shashemene town,ET0417,West Arsi,ET04,Oromia,ET,2016,8,19,ETH,ET041711,9.5,9.5
ET041711,Shashemene town,ET0417,West Arsi,ET04,Oromia,ET,2016,9,1,ETH,ET041711,0.5,0.5
ET041711,Shashemene town,ET0417,West Arsi,ET04,Oromia,ET,2016,10,201,ETH,ET041711,100.5,100.5
ET041711,Shashemene town,ET0417,West Arsi,ET04,Oromia,ET,2017,8,0,ETH,ET041711,0.0,0.0
ET041711,Shashemene town,ET0417,West Arsi,ET04,Oromia,ET,2017,10,8,ETH,ET041711,4.0,4.0
ET041711,Shashemene town,ET0417,West Arsi,ET04,Oromia,ET,2018,1,0,ETH,ET041711,0.0,0.0
ET041711,Shashemene town,ET0417,West Arsi,ET04,Oromia,ET,2018,2,0,ETH,ET041711,0.0,0.0
ET041711,Shashemene town,ET0417,West Arsi,ET04,Oromia,ET,2018,5,0,ETH,ET041711,0.0,0.0
ET041711,Shashemene town,ET0417,West Arsi,ET04,Oromia,ET,2018,8,1,ETH,ET041711,0.5,0.5
ET041711,Shashemene town,ET0417,West Arsi,ET04,Oromia,ET,2019,3,0,ETH,ET041711,0.0,0.0
ET041711,Shashemene town,ET0417,West Arsi,ET04,Oromia,ET,2019,10,6,ETH,ET041711,3.0,3.0
ET041711,Shashemene town,ET0417,West Arsi,ET04,Oromia,ET,2019,11,0,ETH,ET041711,0.0,0.0
ET041711,Shashemene town,ET0417,West Arsi,ET04,Oromia,ET,2019,12,0,ETH,ET041711,0.0,0.0
ET041711,Shashemene town,ET0417,West Arsi,ET04,Oromia,ET,2020,6,0,ETH,ET041711,0.0,0.0
ET041711,Shashemene town,ET0417,West Arsi,ET04,Oromia,ET,2020,8,3,ETH,ET041711,1.5,1.5
ET041711,Shashemene town,ET0417,West Arsi,ET04,Oromia,ET,2020,10,1,ETH,ET041711,0.5,0.5
ET041711,Shashemene town,ET0417,West Arsi,ET04,Oromia,ET,2020,12,1,ETH,ET041711,0.5,0.5
ET041711,Shashemene town,ET0417,West Arsi,ET04,Oromia,ET,2021,2,1,ETH,ET041711,0.5,0.5
ET041711,Shashemene town,ET0417,West Arsi,ET04,Oromia,ET,2021,3,0,ETH,ET041711,0.0,0.0
ET041711,Shashemene town,ET0417,West Arsi,ET04,Oromia,ET,2021,11,0,ETH,ET041711,0.0,0.0
ET041711,Shashemene town,ET0417,West Arsi,ET04,Oromia,ET,2022,7,1,ETH,ET041711,0.5,0.5
ET041711,Shashemene town,ET0417,West Arsi,ET04,Oromia,ET,2022,10,0,ETH,ET041711,0.0,0.0
ET041711,Shashemene town,ET0417,West Arsi,ET04,Oromia,ET,2023,2,8,ETH,ET041711,4.0,4.0
ET041711,Shashemene town,ET0417,West Arsi,ET04,Oromia,ET,2023,6,4,ETH,ET041711,2.0,2.0
ET041711,Shashemene town,ET0417,West Arsi,ET04,Oromia,ET,2023,12,2,ETH,ET041711,1.0,1.0
ET041711,Shashemene town,ET0417,West Arsi,ET04,Oromia,ET,2024,11,0,ETH,ET041711,0.0,0.0
ET041711,Shashemene town,ET0417,West Arsi,ET04,Oromia,ET,2025,3,0,ETH,ET041711,0.0,0.0
ET041711,Shashemene town,ET0417,West Arsi,ET04,Oromia,ET,2025,4,0,ETH,ET041711,0.0,0.0
ET041783,Heban Arsi,ET0417,West Arsi,ET04,Oromia,ET,2022,5,3,ETH,ET041783,1.5,1.5
ET041783,Heban Arsi,ET0417,West Arsi,ET04,Oromia,ET,2023,11,0,ETH,ET041783,0.0,0.0
ET041783,Heban Arsi,ET0417,West Arsi,ET04,Oromia,ET,2025,6,10,ETH,ET041783,5.0,5.0
ET041797,Wondo,ET0417,West Arsi,ET04,Oromia,ET,2016,2,0,ETH,ET041797,0.0,0.0
ET041797,Wondo,ET0417,West Arsi,ET04,Oromia,ET,2016,10,1,ETH,ET041797,0.5,0.5
ET041798,Bishan Guracha,ET0417,West Arsi,ET04,Oromia,ET,2024,5,3,ETH,ET041798,1.5,1.5
ET041798,Bishan Guracha,ET0417,West Arsi,ET04,Oromia,ET,2025,9,0,ETH,ET041798,0.0,0.0
ET041799,Arsi Negele town,ET0417,West Arsi,ET04,Oromia,ET,2005,6,1,ETH,ET041799,0.5,0.5
ET041799,Arsi Negele town,ET0417,West Arsi,ET04,Oromia,ET,2015,12,0,ETH,ET041799,0.0,0.0
ET041799,Arsi Negele town,ET0417,West Arsi,ET04,Oromia,ET,2016,2,1,ETH,ET041799,0.5,0.5
ET041799,Arsi Negele town,ET0417,West Arsi,ET04,Oromia,ET,2016,8,1,ETH,ET041799,0.5,0.5
ET041799,Arsi Negele town,ET0417,West Arsi,ET04,Oromia,ET,2016,9,0,ETH,ET041799,0.0,0.0
ET041799,Arsi Negele town,ET0417,West Arsi,ET04,Oromia,ET,2019,10,0,ETH,ET041799,0.0,0.0
ET041799,Arsi Negele town,ET0417,West Arsi,ET04,Oromia,ET,2019,11,0,ETH,ET041799,0.0,0.0
ET041799,Arsi Negele town,ET0417,West Arsi,ET04,Oromia,ET,2020,6,6,ETH,ET041799,3.0,3.0
ET041799,Arsi Negele town,ET0417,West Arsi,ET04,Oromia,ET,2021,3,1,ETH,ET041799,0.5,0.5
ET041799,Arsi Negele town,ET0417,West Arsi,ET04,Oromia,ET,2021,11,0,ETH,ET041799,0.0,0.0
ET041799,Arsi Negele town,ET0417,West Arsi,ET04,Oromia,ET,2021,12,3,ETH,ET041799,1.5,1.5
ET041801,Hawa Galan,ET0418,Kelem Wellega,ET04,Oromia,ET,2022,3,10,ETH,ET041801,5.0,5.0
ET041801,Hawa Galan,ET0418,Kelem Wellega,ET04,Oromia,ET,2022,7,150,ETH,ET041801,75.0,75.0
ET041801,Hawa Galan,ET0418,Kelem Wellega,ET04,Oromia,ET,2022,8,1,ETH,ET041801,0.5,0.5
ET041801,Hawa Galan,ET0418,Kelem Wellega,ET04,Oromia,ET,2023,6,0,ETH,ET041801,0.0,0.0
ET041801,Hawa Galan,ET0418,Kelem Wellega,ET04,Oromia,ET,2023,7,5,ETH,ET041801,2.5,2.5
ET041801,Hawa Galan,ET0418,Kelem Wellega,ET04,Oromia,ET,2024,2,0,ETH,ET041801,0.0,0.0
ET041801,Hawa Galan,ET0418,Kelem Wellega,ET04,Oromia,ET,2024,10,0,ETH,ET041801,0.0,0.0
ET041802,Yama Logi Welel,ET0418,Kelem Wellega,ET04,Oromia,ET,2016,9,1,ETH,ET041802,0.5,0.5
ET041802,Yama Logi Welel,ET0418,Kelem Wellega,ET04,Oromia,ET,2024,6,2,ETH,ET041802,1.0,1.0
ET041803,Dale Wabera,ET0418,Kelem Wellega,ET04,Oromia,ET,2002,2,3,ETH,ET041803,1.5,1.5
ET041803,Dale Wabera,ET0418,Kelem Wellega,ET04,Oromia,ET,2003,8,8,ETH,ET041803,4.0,4.0
ET041803,Dale Wabera,ET0418,Kelem Wellega,ET04,Oromia,ET,2003,9,7,ETH,ET041803,3.5,3.5
ET041803,Dale Wabera,ET0418,Kelem Wellega,ET04,Oromia,ET,2003,11,15,ETH,ET041803,7.5,7.5
ET041803,Dale Wabera,ET0418,Kelem Wellega,ET04,Oromia,ET,2004,6,6,ETH,ET041803,3.0,3.0
ET041803,Dale Wabera,ET0418,Kelem Wellega,ET04,Oromia,ET,2004,10,21,ETH,ET041803,10.5,10.5
ET041803,Dale Wabera,ET0418,Kelem Wellega,ET04,Oromia,ET,2005,12,0,ETH,ET041803,0.0,0.0
ET041803,Dale Wabera,ET0418,Kelem Wellega,ET04,Oromia,ET,2009,10,4,ETH,ET041803,2.0,2.0
ET041803,Dale Wabera,ET0418,Kelem Wellega,ET04,Oromia,ET,2010,8,22,ETH,ET041803,11.0,11.0
ET041803,Dale Wabera,ET0418,Kelem Wellega,ET04,Oromia,ET,2011,9,3,ETH,ET041803,1.5,1.5
ET041803,Dale Wabera,ET0418,Kelem Wellega,ET04,Oromia,ET,2011,12,7,ETH,ET041803,3.5,3.5
ET041803,Dale Wabera,ET0418,Kelem Wellega,ET04,Oromia,ET,2012,12,8,ETH,ET041803,4.0,4.0
ET041803,Dale Wabera,ET0418,Kelem Wellega,ET04,Oromia,ET,2016,8,1,ETH,ET041803,0.5,0.5
ET041803,Dale Wabera,ET0418,Kelem Wellega,ET04,Oromia,ET,2017,12,0,ETH,ET041803,0.0,0.0
ET041803,Dale Wabera,ET0418,Kelem Wellega,ET04,Oromia,ET,2018,4,12,ETH,ET041803,6.0,6.0
ET041803,Dale Wabera,ET0418,Kelem Wellega,ET04,Oromia,ET,2023,9,1,ETH,ET041803,0.5,0.5
ET041803,Dale Wabera,ET0418,Kelem Wellega,ET04,Oromia,ET,2024,12,0,ETH,ET041803,0.0,0.0
ET041803,Dale Wabera,ET0418,Kelem Wellega,ET04,Oromia,ET,2025,4,1,ETH,ET041803,0.5,0.5
ET041804,Gawo Kebe,ET0418,Kelem Wellega,ET04,Oromia,ET,2016,2,0,ETH,ET041804,0.0,0.0
ET041804,Gawo Kebe,ET0418,Kelem Wellega,ET04,Oromia,ET,2020,6,0,ETH,ET041804,0.0,0.0
ET041804,Gawo Kebe,ET0418,Kelem Wellega,ET04,Oromia,ET,2021,11,0,ETH,ET041804,0.0,0.0
ET041804,Gawo Kebe,ET0418,Kelem Wellega,ET04,Oromia,ET,2021,12,0,ETH,ET041804,0.0,0.0
ET041804,Gawo Kebe,ET0418,Kelem Wellega,ET04,Oromia,ET,2024,1,3,ETH,ET041804,1.5,1.5
ET041804,Gawo Kebe,ET0418,Kelem Wellega,ET04,Oromia,ET,2025,1,1,ETH,ET041804,0.5,0.5
ET041806,Denbi Dollo town,ET0418,Kelem Wellega,ET04,Oromia,ET,2006,10,19,ETH,ET041806,9.5,9.5
ET041806,Denbi Dollo town,ET0418,Kelem Wellega,ET04,Oromia,ET,2014,5,0,ETH,ET041806,0.0,0.0
ET041806,Denbi Dollo town,ET0418,Kelem Wellega,ET04,Oromia,ET,2014,9,5,ETH,ET041806,2.5,2.5
ET041806,Denbi Dollo town,ET0418,Kelem Wellega,ET04,Oromia,ET,2015,8,2,ETH,ET041806,1.0,1.0
ET041806,Denbi Dollo town,ET0418,Kelem Wellega,ET04,Oromia,ET,2015,12,2,ETH,ET041806,1.0,1.0
ET041806,Denbi Dollo town,ET0418,Kelem Wellega,ET04,Oromia,ET,2016,8,11,ETH,ET041806,5.5,5.5
ET041806,Denbi Dollo town,ET0418,Kelem Wellega,ET04,Oromia,ET,2016,9,2,ETH,ET041806,1.0,1.0
ET041806,Denbi Dollo town,ET0418,Kelem Wellega,ET04,Oromia,ET,2016,10,8,ETH,ET041806,4.0,4.0
ET041806,Denbi Dollo town,ET0418,Kelem Wellega,ET04,Oromia,ET,2017,1,1,ETH,ET041806,0.5,0.5
ET041806,Denbi Dollo town,ET0418,Kelem Wellega,ET04,Oromia,ET,2017,5,1,ETH,ET041806,0.5,0.5
ET041806,Denbi Dollo town,ET0418,Kelem Wellega,ET04,Oromia,ET,2017,7,0,ETH,ET041806,0.0,0.0
ET041806,Denbi Dollo town,ET0418,Kelem Wellega,ET04,Oromia,ET,2017,12,0,ETH,ET041806,0.0,0.0
ET041806,Denbi Dollo town,ET0418,Kelem Wellega,ET04,Oromia,ET,2018,2,12,ETH,ET041806,6.0,6.0
ET041806,Denbi Dollo town,ET0418,Kelem Wellega,ET04,Oromia,ET,2018,3,13,ETH,ET041806,6.5,6.5
ET041806,Denbi Dollo town,ET0418,Kelem Wellega,ET04,Oromia,ET,2018,4,13,ETH,ET041806,6.5,6.5
ET041806,Denbi Dollo town,ET0418,Kelem Wellega,ET04,Oromia,ET,2018,6,0,ETH,ET041806,0.0,0.0
ET041806,Denbi Dollo town,ET0418,Kelem Wellega,ET04,Oromia,ET,2018,7,2,ETH,ET041806,1.0,1.0
ET041806,Denbi Dollo town,ET0418,Kelem Wellega,ET04,Oromia,ET,2018,10,0,ETH,ET041806,0.0,0.0
ET041806,Denbi Dollo town,ET0418,Kelem Wellega,ET04,Oromia,ET,2018,12,3,ETH,ET041806,1.5,1.5
ET041806,Denbi Dollo town,ET0418,Kelem Wellega,ET04,Oromia,ET,2019,6,0,ETH,ET041806,0.0,0.0
ET041806,Denbi Dollo town,ET0418,Kelem Wellega,ET04,Oromia,ET,2019,11,1,ETH,ET041806,0.5,0.5
ET041806,Denbi Dollo town,ET0418,Kelem Wellega,ET04,Oromia,ET,2019,12,0,ETH,ET041806,0.0,0.0
ET041806,Denbi Dollo town,ET0418,Kelem Wellega,ET04,Oromia,ET,2020,1,3,ETH,ET041806,1.5,1.5
ET041806,Denbi Dollo town,ET0418,Kelem Wellega,ET04,Oromia,ET,2020,7,1,ETH,ET041806,0.5,0.5
ET041806,Denbi Dollo town,ET0418,Kelem Wellega,ET04,Oromia,ET,2020,10,1,ETH,ET041806,0.5,0.5
ET041806,Denbi Dollo town,ET0418,Kelem Wellega,ET04,Oromia,ET,2020,12,105,ETH,ET041806,52.5,52.5
ET041806,Denbi Dollo town,ET0418,Kelem Wellega,ET04,Oromia,ET,2021,1,0,ETH,ET041806,0.0,0.0
ET041806,Denbi Dollo town,ET0418,Kelem Wellega,ET04,Oromia,ET,2021,2,18,ETH,ET041806,9.0,9.0
ET041806,Denbi Dollo town,ET0418,Kelem Wellega,ET04,Oromia,ET,2021,3,1,ETH,ET041806,0.5,0.5
ET041806,Denbi Dollo town,ET0418,Kelem Wellega,ET04,Oromia,ET,2021,4,5,ETH,ET041806,2.5,2.5
ET041806,Denbi Dollo town,ET0418,Kelem Wellega,ET04,Oromia,ET,2021,5,2,ETH,ET041806,1.0,1.0
ET041806,Denbi Dollo town,ET0418,Kelem Wellega,ET04,Oromia,ET,2021,12,10,ETH,ET041806,5.0,5.0
ET041806,Denbi Dollo town,ET0418,Kelem Wellega,ET04,Oromia,ET,2022,2,0,ETH,ET041806,0.0,0.0
ET041806,Denbi Dollo town,ET0418,Kelem Wellega,ET04,Oromia,ET,2022,6,0,ETH,ET041806,0.0,0.0
ET041806,Denbi Dollo town,ET0418,Kelem Wellega,ET04,Oromia,ET,2022,7,3,ETH,ET041806,1.5,1.5
ET041806,Denbi Dollo town,ET0418,Kelem Wellega,ET04,Oromia,ET,2022,8,53,ETH,ET041806,26.5,26.5
ET041806,Denbi Dollo town,ET0418,Kelem Wellega,ET04,Oromia,ET,2022,12,0,ETH,ET041806,0.0,0.0
ET041806,Denbi Dollo town,ET0418,Kelem Wellega,ET04,Oromia,ET,2023,2,0,ETH,ET041806,0.0,0.0
ET041806,Denbi Dollo town,ET0418,Kelem Wellega,ET04,Oromia,ET,2023,4,0,ETH,ET041806,0.0,0.0
ET041806,Denbi Dollo town,ET0418,Kelem Wellega,ET04,Oromia,ET,2023,9,1,ETH,ET041806,0.5,0.5
ET041806,Denbi Dollo town,ET0418,Kelem Wellega,ET04,Oromia,ET,2023,11,0,ETH,ET041806,0.0,0.0
ET041806,Denbi Dollo town,ET0418,Kelem Wellega,ET04,Oromia,ET,2023,12,0,ETH,ET041806,0.0,0.0
ET041806,Denbi Dollo town,ET0418,Kelem Wellega,ET04,Oromia,ET,2024,1,0,ETH,ET041806,0.0,0.0
ET041806,Denbi Dollo town,ET0418,Kelem Wellega,ET04,Oromia,ET,2024,2,0,ETH,ET041806,0.0,0.0
ET041806,Denbi Dollo town,ET0418,Kelem Wellega,ET04,Oromia,ET,2024,4,0,ETH,ET041806,0.0,0.0
ET041806,Denbi Dollo town,ET0418,Kelem Wellega,ET04,Oromia,ET,2024,10,2,ETH,ET041806,1.0,1.0
ET041806,Denbi Dollo town,ET0418,Kelem Wellega,ET04,Oromia,ET,2024,11,0,ETH,ET041806,0.0,0.0
ET041806,Denbi Dollo town,ET0418,Kelem Wellega,ET04,Oromia,ET,2024,12,0,ETH,ET041806,0.0,0.0
ET041806,Denbi Dollo town,ET0418,Kelem Wellega,ET04,Oromia,ET,2025,5,1,ETH,ET041806,0.5,0.5
ET041806,Denbi Dollo town,ET0418,Kelem Wellega,ET04,Oromia,ET,2025,6,10,ETH,ET041806,5.0,5.0
ET041807,Anfilo,ET0418,Kelem Wellega,ET04,Oromia,ET,2014,4,1,ETH,ET041807,0.5,0.5
ET041807,Anfilo,ET0418,Kelem Wellega,ET04,Oromia,ET,2015,12,0,ETH,ET041807,0.0,0.0
ET041807,Anfilo,ET0418,Kelem Wellega,ET04,Oromia,ET,2016,1,0,ETH,ET041807,0.0,0.0
ET041807,Anfilo,ET0418,Kelem Wellega,ET04,Oromia,ET,2016,2,0,ETH,ET041807,0.0,0.0
ET041807,Anfilo,ET0418,Kelem Wellega,ET04,Oromia,ET,2016,8,0,ETH,ET041807,0.0,0.0
ET041807,Anfilo,ET0418,Kelem Wellega,ET04,Oromia,ET,2016,9,1,ETH,ET041807,0.5,0.5
ET041807,Anfilo,ET0418,Kelem Wellega,ET04,Oromia,ET,2018,12,0,ETH,ET041807,0.0,0.0
ET041807,Anfilo,ET0418,Kelem Wellega,ET04,Oromia,ET,2020,1,6,ETH,ET041807,3.0,3.0
ET041807,Anfilo,ET0418,Kelem Wellega,ET04,Oromia,ET,2020,2,0,ETH,ET041807,0.0,0.0
ET041807,Anfilo,ET0418,Kelem Wellega,ET04,Oromia,ET,2020,3,12,ETH,ET041807,6.0,6.0
ET041807,Anfilo,ET0418,Kelem Wellega,ET04,Oromia,ET,2021,1,0,ETH,ET041807,0.0,0.0
ET041807,Anfilo,ET0418,Kelem Wellega,ET04,Oromia,ET,2021,3,0,ETH,ET041807,0.0,0.0
ET041807,Anfilo,ET0418,Kelem Wellega,ET04,Oromia,ET,2021,8,37,ETH,ET041807,18.5,18.5
ET041807,Anfilo,ET0418,Kelem Wellega,ET04,Oromia,ET,2021,12,0,ETH,ET041807,0.0,0.0
ET041807,Anfilo,ET0418,Kelem Wellega,ET04,Oromia,ET,2022,1,10,ETH,ET041807,5.0,5.0
ET041807,Anfilo,ET0418,Kelem Wellega,ET04,Oromia,ET,2022,6,0,ETH,ET041807,0.0,0.0
ET041807,Anfilo,ET0418,Kelem Wellega,ET04,Oromia,ET,2022,8,5,ETH,ET041807,2.5,2.5
ET041807,Anfilo,ET0418,Kelem Wellega,ET04,Oromia,ET,2023,9,0,ETH,ET041807,0.0,0.0
ET041807,Anfilo,ET0418,Kelem Wellega,ET04,Oromia,ET,2024,2,0,ETH,ET041807,0.0,0.0
ET041807,Anfilo,ET0418,Kelem Wellega,ET04,Oromia,ET,2024,3,2,ETH,ET041807,1.0,1.0
ET041807,Anfilo,ET0418,Kelem Wellega,ET04,Oromia,ET,2024,11,0,ETH,ET041807,0.0,0.0
ET041807,Anfilo,ET0418,Kelem Wellega,ET04,Oromia,ET,2025,3,0,ETH,ET041807,0.0,0.0
ET041808,Dale Sadi,ET0418,Kelem Wellega,ET04,Oromia,ET,2018,4,1,ETH,ET041808,0.5,0.5
ET041809,Gidami,ET0418,Kelem Wellega,ET04,Oromia,ET,2002,6,93,ETH,ET041809,46.5,46.5
ET041809,Gidami,ET0418,Kelem Wellega,ET04,Oromia,ET,2002,7,15,ETH,ET041809,7.5,7.5
ET041809,Gidami,ET0418,Kelem Wellega,ET04,Oromia,ET,2003,5,17,ETH,ET041809,8.5,8.5
ET041809,Gidami,ET0418,Kelem Wellega,ET04,Oromia,ET,2005,3,4,ETH,ET041809,2.0,2.0
ET041809,Gidami,ET0418,Kelem Wellega,ET04,Oromia,ET,2014,5,0,ETH,ET041809,0.0,0.0
ET041809,Gidami,ET0418,Kelem Wellega,ET04,Oromia,ET,2015,12,2,ETH,ET041809,1.0,1.0
ET041809,Gidami,ET0418,Kelem Wellega,ET04,Oromia,ET,2016,1,0,ETH,ET041809,0.0,0.0
ET041809,Gidami,ET0418,Kelem Wellega,ET04,Oromia,ET,2016,2,5,ETH,ET041809,2.5,2.5
ET041809,Gidami,ET0418,Kelem Wellega,ET04,Oromia,ET,2016,8,0,ETH,ET041809,0.0,0.0
ET041809,Gidami,ET0418,Kelem Wellega,ET04,Oromia,ET,2017,10,0,ETH,ET041809,0.0,0.0
ET041809,Gidami,ET0418,Kelem Wellega,ET04,Oromia,ET,2018,3,7,ETH,ET041809,3.5,3.5
ET041809,Gidami,ET0418,Kelem Wellega,ET04,Oromia,ET,2018,10,0,ETH,ET041809,0.0,0.0
ET041809,Gidami,ET0418,Kelem Wellega,ET04,Oromia,ET,2019,9,2,ETH,ET041809,1.0,1.0
ET041809,Gidami,ET0418,Kelem Wellega,ET04,Oromia,ET,2021,11,3,ETH,ET041809,1.5,1.5
ET041809,Gidami,ET0418,Kelem Wellega,ET04,Oromia,ET,2022,1,12,ETH,ET041809,6.0,6.0
ET041809,Gidami,ET0418,Kelem Wellega,ET04,Oromia,ET,2022,2,0,ETH,ET041809,0.0,0.0
ET041809,Gidami,ET0418,Kelem Wellega,ET04,Oromia,ET,2022,8,2,ETH,ET041809,1.0,1.0
ET041809,Gidami,ET0418,Kelem Wellega,ET04,Oromia,ET,2022,10,0,ETH,ET041809,0.0,0.0
ET041809,Gidami,ET0418,Kelem Wellega,ET04,Oromia,ET,2022,12,7,ETH,ET041809,3.5,3.5
ET041809,Gidami,ET0418,Kelem Wellega,ET04,Oromia,ET,2023,9,2,ETH,ET041809,1.0,1.0
ET041809,Gidami,ET0418,Kelem Wellega,ET04,Oromia,ET,2023,10,2,ETH,ET041809,1.0,1.0
ET041809,Gidami,ET0418,Kelem Wellega,ET04,Oromia,ET,2023,11,9,ETH,ET041809,4.5,4.5
ET041809,Gidami,ET0418,Kelem Wellega,ET04,Oromia,ET,2024,2,14,ETH,ET041809,7.0,7.0
ET041809,Gidami,ET0418,Kelem Wellega,ET04,Oromia,ET,2024,3,14,ETH,ET041809,7.0,7.0
ET041809,Gidami,ET0418,Kelem Wellega,ET04,Oromia,ET,2024,4,3,ETH,ET041809,1.5,1.5
ET041809,Gidami,ET0418,Kelem Wellega,ET04,Oromia,ET,2024,6,25,ETH,ET041809,12.5,12.5
ET041809,Gidami,ET0418,Kelem Wellega,ET04,Oromia,ET,2024,7,25,ETH,ET041809,12.5,12.5
ET041809,Gidami,ET0418,Kelem Wellega,ET04,Oromia,ET,2024,9,10,ETH,ET041809,5.0,5.0
ET041809,Gidami,ET0418,Kelem Wellega,ET04,Oromia,ET,2024,11,3,ETH,ET041809,1.5,1.5
ET041810,Jimma Horo,ET0418,Kelem Wellega,ET04,Oromia,ET,2016,7,0,ETH,ET041810,0.0,0.0
ET041810,Jimma Horo,ET0418,Kelem Wellega,ET04,Oromia,ET,2016,8,0,ETH,ET041810,0.0,0.0
ET041810,Jimma Horo,ET0418,Kelem Wellega,ET04,Oromia,ET,2022,5,1,ETH,ET041810,0.5,0.5
ET041810,Jimma Horo,ET0418,Kelem Wellega,ET04,Oromia,ET,2022,10,1,ETH,ET041810,0.5,0.5
ET041810,Jimma Horo,ET0418,Kelem Wellega,ET04,Oromia,ET,2023,11,4,ETH,ET041810,2.0,2.0
ET041811,Lalo Kile,ET0418,Kelem Wellega,ET04,Oromia,ET,2015,12,1,ETH,ET041811,0.5,0.5
ET041811,Lalo Kile,ET0418,Kelem Wellega,ET04,Oromia,ET,2021,2,0,ETH,ET041811,0.0,0.0
ET041811,Lalo Kile,ET0418,Kelem Wellega,ET04,Oromia,ET,2023,1,0,ETH,ET041811,0.0,0.0
ET041811,Lalo Kile,ET0418,Kelem Wellega,ET04,Oromia,ET,2023,9,1,ETH,ET041811,0.5,0.5
ET041811,Lalo Kile,ET0418,Kelem Wellega,ET04,Oromia,ET,2025,9,4,ETH,ET041811,2.0,2.0
ET041812,Sedi Chenka,ET0418,Kelem Wellega,ET04,Oromia,ET,2000,8,135,ETH,ET041812,67.5,67.5
ET041812,Sedi Chenka,ET0418,Kelem Wellega,ET04,Oromia,ET,2015,12,2,ETH,ET041812,1.0,1.0
ET041812,Sedi Chenka,ET0418,Kelem Wellega,ET04,Oromia,ET,2016,10,0,ETH,ET041812,0.0,0.0
ET041812,Sedi Chenka,ET0418,Kelem Wellega,ET04,Oromia,ET,2021,1,1,ETH,ET041812,0.5,0.5
ET041812,Sedi Chenka,ET0418,Kelem Wellega,ET04,Oromia,ET,2022,7,3,ETH,ET041812,1.5,1.5
ET041812,Sedi Chenka,ET0418,Kelem Wellega,ET04,Oromia,ET,2023,7,3,ETH,ET041812,1.5,1.5
ET041901,Horo,ET0419,Horo Gudru Wellega,ET04,Oromia,ET,2012,7,10,ETH,ET041901,5.0,5.0
ET041901,Horo,ET0419,Horo Gudru Wellega,ET04,Oromia,ET,2012,12,3,ETH,ET041901,1.5,1.5
ET041901,Horo,ET0419,Horo Gudru Wellega,ET04,Oromia,ET,2021,7,4,ETH,ET041901,2.0,2.0
ET041901,Horo,ET0419,Horo Gudru Wellega,ET04,Oromia,ET,2021,11,3,ETH,ET041901,1.5,1.5
ET041901,Horo,ET0419,Horo Gudru Wellega,ET04,Oromia,ET,2022,8,7,ETH,ET041901,3.5,3.5
ET041901,Horo,ET0419,Horo Gudru Wellega,ET04,Oromia,ET,2022,9,3,ETH,ET041901,1.5,1.5
ET041901,Horo,ET0419,Horo Gudru Wellega,ET04,Oromia,ET,2024,5,0,ETH,ET041901,0.0,0.0
ET041901,Horo,ET0419,Horo Gudru Wellega,ET04,Oromia,ET,2025,3,0,ETH,ET041901,0.0,0.0
ET041901,Horo,ET0419,Horo Gudru Wellega,ET04,Oromia,ET,2025,6,0,ETH,ET041901,0.0,0.0
ET041902,Shambu town,ET0419,Horo Gudru Wellega,ET04,Oromia,ET,2002,3,2,ETH,ET041902,1.0,1.0
ET041902,Shambu town,ET0419,Horo Gudru Wellega,ET04,Oromia,ET,2002,4,3,ETH,ET041902,1.5,1.5
ET041902,Shambu town,ET0419,Horo Gudru Wellega,ET04,Oromia,ET,2004,3,0,ETH,ET041902,0.0,0.0
ET041902,Shambu town,ET0419,Horo Gudru Wellega,ET04,Oromia,ET,2014,5,0,ETH,ET041902,0.0,0.0
ET041902,Shambu town,ET0419,Horo Gudru Wellega,ET04,Oromia,ET,2015,12,4,ETH,ET041902,2.0,2.0
ET041902,Shambu town,ET0419,Horo Gudru Wellega,ET04,Oromia,ET,2016,1,1,ETH,ET041902,0.5,0.5
ET041902,Shambu town,ET0419,Horo Gudru Wellega,ET04,Oromia,ET,2016,2,0,ETH,ET041902,0.0,0.0
ET041902,Shambu town,ET0419,Horo Gudru Wellega,ET04,Oromia,ET,2016,3,0,ETH,ET041902,0.0,0.0
ET041902,Shambu town,ET0419,Horo Gudru Wellega,ET04,Oromia,ET,2017,10,2,ETH,ET041902,1.0,1.0
ET041902,Shambu town,ET0419,Horo Gudru Wellega,ET04,Oromia,ET,2017,12,4,ETH,ET041902,2.0,2.0
ET041902,Shambu town,ET0419,Horo Gudru Wellega,ET04,Oromia,ET,2018,1,0,ETH,ET041902,0.0,0.0
ET041902,Shambu town,ET0419,Horo Gudru Wellega,ET04,Oromia,ET,2018,5,1,ETH,ET041902,0.5,0.5
ET041902,Shambu town,ET0419,Horo Gudru Wellega,ET04,Oromia,ET,2018,11,0,ETH,ET041902,0.0,0.0
ET041902,Shambu town,ET0419,Horo Gudru Wellega,ET04,Oromia,ET,2019,5,1,ETH,ET041902,0.5,0.5
ET041902,Shambu town,ET0419,Horo Gudru Wellega,ET04,Oromia,ET,2019,12,1,ETH,ET041902,0.5,0.5
ET041902,Shambu town,ET0419,Horo Gudru Wellega,ET04,Oromia,ET,2020,1,0,ETH,ET041902,0.0,0.0
ET041902,Shambu town,ET0419,Horo Gudru Wellega,ET04,Oromia,ET,2020,12,3,ETH,ET041902,1.5,1.5
ET041902,Shambu town,ET0419,Horo Gudru Wellega,ET04,Oromia,ET,2021,4,12,ETH,ET041902,6.0,6.0
ET041902,Shambu town,ET0419,Horo Gudru Wellega,ET04,Oromia,ET,2021,6,1,ETH,ET041902,0.5,0.5
ET041902,Shambu town,ET0419,Horo Gudru Wellega,ET04,Oromia,ET,2021,9,10,ETH,ET041902,5.0,5.0
ET041902,Shambu town,ET0419,Horo Gudru Wellega,ET04,Oromia,ET,2021,11,0,ETH,ET041902,0.0,0.0
ET041902,Shambu town,ET0419,Horo Gudru Wellega,ET04,Oromia,ET,2022,1,5,ETH,ET041902,2.5,2.5
ET041902,Shambu town,ET0419,Horo Gudru Wellega,ET04,Oromia,ET,2022,8,42,ETH,ET041902,21.0,21.0
ET041902,Shambu town,ET0419,Horo Gudru Wellega,ET04,Oromia,ET,2022,10,1,ETH,ET041902,0.5,0.5
ET041902,Shambu town,ET0419,Horo Gudru Wellega,ET04,Oromia,ET,2023,1,0,ETH,ET041902,0.0,0.0
ET041902,Shambu town,ET0419,Horo Gudru Wellega,ET04,Oromia,ET,2023,6,11,ETH,ET041902,5.5,5.5
ET041902,Shambu town,ET0419,Horo Gudru Wellega,ET04,Oromia,ET,2023,9,0,ETH,ET041902,0.0,0.0
ET041902,Shambu town,ET0419,Horo Gudru Wellega,ET04,Oromia,ET,2023,12,3,ETH,ET041902,1.5,1.5
ET041902,Shambu town,ET0419,Horo Gudru Wellega,ET04,Oromia,ET,2024,1,10,ETH,ET041902,5.0,5.0
ET041902,Shambu town,ET0419,Horo Gudru Wellega,ET04,Oromia,ET,2024,2,0,ETH,ET041902,0.0,0.0
ET041902,Shambu town,ET0419,Horo Gudru Wellega,ET04,Oromia,ET,2024,3,0,ETH,ET041902,0.0,0.0
ET041902,Shambu town,ET0419,Horo Gudru Wellega,ET04,Oromia,ET,2024,4,0,ETH,ET041902,0.0,0.0
ET041902,Shambu town,ET0419,Horo Gudru Wellega,ET04,Oromia,ET,2024,5,0,ETH,ET041902,0.0,0.0
ET041902,Shambu town,ET0419,Horo Gudru Wellega,ET04,Oromia,ET,2024,6,10,ETH,ET041902,5.0,5.0
ET041902,Shambu town,ET0419,Horo Gudru Wellega,ET04,Oromia,ET,2024,7,0,ETH,ET041902,0.0,0.0
ET041902,Shambu town,ET0419,Horo Gudru Wellega,ET04,Oromia,ET,2024,8,0,ETH,ET041902,0.0,0.0
ET041902,Shambu town,ET0419,Horo Gudru Wellega,ET04,Oromia,ET,2024,10,0,ETH,ET041902,0.0,0.0
ET041902,Shambu town,ET0419,Horo Gudru Wellega,ET04,Oromia,ET,2024,12,0,ETH,ET041902,0.0,0.0
ET041902,Shambu town,ET0419,Horo Gudru Wellega,ET04,Oromia,ET,2025,4,0,ETH,ET041902,0.0,0.0
ET041902,Shambu town,ET0419,Horo Gudru Wellega,ET04,Oromia,ET,2025,5,1,ETH,ET041902,0.5,0.5
ET041903,Guduru,ET0419,Horo Gudru Wellega,ET04,Oromia,ET,2002,12,10,ETH,ET041903,5.0,5.0
ET041903,Guduru,ET0419,Horo Gudru Wellega,ET04,Oromia,ET,2012,7,0,ETH,ET041903,0.0,0.0
ET041903,Guduru,ET0419,Horo Gudru Wellega,ET04,Oromia,ET,2015,12,2,ETH,ET041903,1.0,1.0
ET041903,Guduru,ET0419,Horo Gudru Wellega,ET04,Oromia,ET,2016,1,0,ETH,ET041903,0.0,0.0
ET041903,Guduru,ET0419,Horo Gudru Wellega,ET04,Oromia,ET,2016,2,0,ETH,ET041903,0.0,0.0
ET041903,Guduru,ET0419,Horo Gudru Wellega,ET04,Oromia,ET,2016,5,0,ETH,ET041903,0.0,0.0
ET041903,Guduru,ET0419,Horo Gudru Wellega,ET04,Oromia,ET,2017,7,1,ETH,ET041903,0.5,0.5
ET041903,Guduru,ET0419,Horo Gudru Wellega,ET04,Oromia,ET,2018,6,0,ETH,ET041903,0.0,0.0
ET041903,Guduru,ET0419,Horo Gudru Wellega,ET04,Oromia,ET,2021,4,3,ETH,ET041903,1.5,1.5
ET041903,Guduru,ET0419,Horo Gudru Wellega,ET04,Oromia,ET,2022,1,0,ETH,ET041903,0.0,0.0
ET041903,Guduru,ET0419,Horo Gudru Wellega,ET04,Oromia,ET,2022,5,3,ETH,ET041903,1.5,1.5
ET041903,Guduru,ET0419,Horo Gudru Wellega,ET04,Oromia,ET,2022,11,3,ETH,ET041903,1.5,1.5
ET041903,Guduru,ET0419,Horo Gudru Wellega,ET04,Oromia,ET,2023,5,1,ETH,ET041903,0.5,0.5
ET041903,Guduru,ET0419,Horo Gudru Wellega,ET04,Oromia,ET,2023,6,5,ETH,ET041903,2.5,2.5
ET041903,Guduru,ET0419,Horo Gudru Wellega,ET04,Oromia,ET,2023,10,8,ETH,ET041903,4.0,4.0
ET041903,Guduru,ET0419,Horo Gudru Wellega,ET04,Oromia,ET,2023,12,11,ETH,ET041903,5.5,5.5
ET041903,Guduru,ET0419,Horo Gudru Wellega,ET04,Oromia,ET,2024,1,4,ETH,ET041903,2.0,2.0
ET041903,Guduru,ET0419,Horo Gudru Wellega,ET04,Oromia,ET,2024,3,3,ETH,ET041903,1.5,1.5
ET041903,Guduru,ET0419,Horo Gudru Wellega,ET04,Oromia,ET,2024,4,0,ETH,ET041903,0.0,0.0
ET041903,Guduru,ET0419,Horo Gudru Wellega,ET04,Oromia,ET,2025,1,3,ETH,ET041903,1.5,1.5
ET041904,Ababo,ET0419,Horo Gudru Wellega,ET04,Oromia,ET,2018,2,0,ETH,ET041904,0.0,0.0
ET041904,Ababo,ET0419,Horo Gudru Wellega,ET04,Oromia,ET,2022,5,0,ETH,ET041904,0.0,0.0
ET041904,Ababo,ET0419,Horo Gudru Wellega,ET04,Oromia,ET,2023,5,1,ETH,ET041904,0.5,0.5
ET041904,Ababo,ET0419,Horo Gudru Wellega,ET04,Oromia,ET,2023,10,9,ETH,ET041904,4.5,4.5
ET041904,Ababo,ET0419,Horo Gudru Wellega,ET04,Oromia,ET,2023,12,0,ETH,ET041904,0.0,0.0
ET041904,Ababo,ET0419,Horo Gudru Wellega,ET04,Oromia,ET,2024,2,0,ETH,ET041904,0.0,0.0
ET041904,Ababo,ET0419,Horo Gudru Wellega,ET04,Oromia,ET,2024,3,0,ETH,ET041904,0.0,0.0
ET041904,Ababo,ET0419,Horo Gudru Wellega,ET04,Oromia,ET,2024,4,3,ETH,ET041904,1.5,1.5
ET041904,Ababo,ET0419,Horo Gudru Wellega,ET04,Oromia,ET,2024,5,32,ETH,ET041904,16.0,16.0
ET041904,Ababo,ET0419,Horo Gudru Wellega,ET04,Oromia,ET,2024,10,3,ETH,ET041904,1.5,1.5
ET041905,Abay Chomen,ET0419,Horo Gudru Wellega,ET04,Oromia,ET,2004,6,5,ETH,ET041905,2.5,2.5
ET041905,Abay Chomen,ET0419,Horo Gudru Wellega,ET04,Oromia,ET,2015,12,3,ETH,ET041905,1.5,1.5
ET041905,Abay Chomen,ET0419,Horo Gudru Wellega,ET04,Oromia,ET,2016,1,0,ETH,ET041905,0.0,0.0
ET041905,Abay Chomen,ET0419,Horo Gudru Wellega,ET04,Oromia,ET,2016,5,0,ETH,ET041905,0.0,0.0
ET041905,Abay Chomen,ET0419,Horo Gudru Wellega,ET04,Oromia,ET,2017,6,0,ETH,ET041905,0.0,0.0
ET041905,Abay Chomen,ET0419,Horo Gudru Wellega,ET04,Oromia,ET,2018,5,0,ETH,ET041905,0.0,0.0
ET041905,Abay Chomen,ET0419,Horo Gudru Wellega,ET04,Oromia,ET,2018,12,2,ETH,ET041905,1.0,1.0
ET041905,Abay Chomen,ET0419,Horo Gudru Wellega,ET04,Oromia,ET,2021,5,0,ETH,ET041905,0.0,0.0
ET041905,Abay Chomen,ET0419,Horo Gudru Wellega,ET04,Oromia,ET,2021,8,38,ETH,ET041905,19.0,19.0
ET041905,Abay Chomen,ET0419,Horo Gudru Wellega,ET04,Oromia,ET,2021,11,3,ETH,ET041905,1.5,1.5
ET041905,Abay Chomen,ET0419,Horo Gudru Wellega,ET04,Oromia,ET,2022,5,0,ETH,ET041905,0.0,0.0
ET041905,Abay Chomen,ET0419,Horo Gudru Wellega,ET04,Oromia,ET,2022,7,333,ETH,ET041905,166.5,166.5
ET041905,Abay Chomen,ET0419,Horo Gudru Wellega,ET04,Oromia,ET,2022,8,1,ETH,ET041905,0.5,0.5
ET041905,Abay Chomen,ET0419,Horo Gudru Wellega,ET04,Oromia,ET,2023,5,14,ETH,ET041905,7.0,7.0
ET041905,Abay Chomen,ET0419,Horo Gudru Wellega,ET04,Oromia,ET,2023,11,4,ETH,ET041905,2.0,2.0
ET041905,Abay Chomen,ET0419,Horo Gudru Wellega,ET04,Oromia,ET,2024,2,3,ETH,ET041905,1.5,1.5
ET041905,Abay Chomen,ET0419,Horo Gudru Wellega,ET04,Oromia,ET,2024,3,20,ETH,ET041905,10.0,10.0
ET041905,Abay Chomen,ET0419,Horo Gudru Wellega,ET04,Oromia,ET,2024,4,9,ETH,ET041905,4.5,4.5
ET041905,Abay Chomen,ET0419,Horo Gudru Wellega,ET04,Oromia,ET,2024,10,0,ETH,ET041905,0.0,0.0
ET041905,Abay Chomen,ET0419,Horo Gudru Wellega,ET04,Oromia,ET,2024,12,0,ETH,ET041905,0.0,0.0
ET041905,Abay Chomen,ET0419,Horo Gudru Wellega,ET04,Oromia,ET,2025,7,1,ETH,ET041905,0.5,0.5
ET041906,Jimma Genete,ET0419,Horo Gudru Wellega,ET04,Oromia,ET,2022,4,3,ETH,ET041906,1.5,1.5
ET041906,Jimma Genete,ET0419,Horo Gudru Wellega,ET04,Oromia,ET,2022,7,2,ETH,ET041906,1.0,1.0
ET041906,Jimma Genete,ET0419,Horo Gudru Wellega,ET04,Oromia,ET,2023,11,0,ETH,ET041906,0.0,0.0
ET041906,Jimma Genete,ET0419,Horo Gudru Wellega,ET04,Oromia,ET,2024,5,3,ETH,ET041906,1.5,1.5
ET041906,Jimma Genete,ET0419,Horo Gudru Wellega,ET04,Oromia,ET,2024,10,0,ETH,ET041906,0.0,0.0
ET041907,Jimma Rare,ET0419,Horo Gudru Wellega,ET04,Oromia,ET,2012,8,16,ETH,ET041907,8.0,8.0
ET041907,Jimma Rare,ET0419,Horo Gudru Wellega,ET04,Oromia,ET,2016,1,1,ETH,ET041907,0.5,0.5
ET041907,Jimma Rare,ET0419,Horo Gudru Wellega,ET04,Oromia,ET,2024,11,0,ETH,ET041907,0.0,0.0
ET041907,Jimma Rare,ET0419,Horo Gudru Wellega,ET04,Oromia,ET,2025,6,0,ETH,ET041907,0.0,0.0
ET041908,Jarte Jardega,ET0419,Horo Gudru Wellega,ET04,Oromia,ET,2014,4,3,ETH,ET041908,1.5,1.5
ET041908,Jarte Jardega,ET0419,Horo Gudru Wellega,ET04,Oromia,ET,2014,5,0,ETH,ET041908,0.0,0.0
ET041908,Jarte Jardega,ET0419,Horo Gudru Wellega,ET04,Oromia,ET,2015,12,2,ETH,ET041908,1.0,1.0
ET041908,Jarte Jardega,ET0419,Horo Gudru Wellega,ET04,Oromia,ET,2016,2,0,ETH,ET041908,0.0,0.0
ET041908,Jarte Jardega,ET0419,Horo Gudru Wellega,ET04,Oromia,ET,2016,3,0,ETH,ET041908,0.0,0.0
ET041908,Jarte Jardega,ET0419,Horo Gudru Wellega,ET04,Oromia,ET,2016,5,0,ETH,ET041908,0.0,0.0
ET041908,Jarte Jardega,ET0419,Horo Gudru Wellega,ET04,Oromia,ET,2021,3,21,ETH,ET041908,10.5,10.5
ET041908,Jarte Jardega,ET0419,Horo Gudru Wellega,ET04,Oromia,ET,2021,4,3,ETH,ET041908,1.5,1.5
ET041908,Jarte Jardega,ET0419,Horo Gudru Wellega,ET04,Oromia,ET,2021,6,28,ETH,ET041908,14.0,14.0
ET041908,Jarte Jardega,ET0419,Horo Gudru Wellega,ET04,Oromia,ET,2021,7,9,ETH,ET041908,4.5,4.5
ET041908,Jarte Jardega,ET0419,Horo Gudru Wellega,ET04,Oromia,ET,2021,10,2,ETH,ET041908,1.0,1.0
ET041908,Jarte Jardega,ET0419,Horo Gudru Wellega,ET04,Oromia,ET,2021,12,10,ETH,ET041908,5.0,5.0
ET041908,Jarte Jardega,ET0419,Horo Gudru Wellega,ET04,Oromia,ET,2022,1,9,ETH,ET041908,4.5,4.5
ET041908,Jarte Jardega,ET0419,Horo Gudru Wellega,ET04,Oromia,ET,2022,2,13,ETH,ET041908,6.5,6.5
ET041908,Jarte Jardega,ET0419,Horo Gudru Wellega,ET04,Oromia,ET,2022,4,4,ETH,ET041908,2.0,2.0
ET041908,Jarte Jardega,ET0419,Horo Gudru Wellega,ET04,Oromia,ET,2022,5,5,ETH,ET041908,2.5,2.5
ET041908,Jarte Jardega,ET0419,Horo Gudru Wellega,ET04,Oromia,ET,2022,7,5,ETH,ET041908,2.5,2.5
ET041908,Jarte Jardega,ET0419,Horo Gudru Wellega,ET04,Oromia,ET,2022,9,26,ETH,ET041908,13.0,13.0
ET041908,Jarte Jardega,ET0419,Horo Gudru Wellega,ET04,Oromia,ET,2022,11,12,ETH,ET041908,6.0,6.0
ET041908,Jarte Jardega,ET0419,Horo Gudru Wellega,ET04,Oromia,ET,2022,12,3,ETH,ET041908,1.5,1.5
ET041908,Jarte Jardega,ET0419,Horo Gudru Wellega,ET04,Oromia,ET,2023,8,1,ETH,ET041908,0.5,0.5
ET041908,Jarte Jardega,ET0419,Horo Gudru Wellega,ET04,Oromia,ET,2023,12,0,ETH,ET041908,0.0,0.0
ET041908,Jarte Jardega,ET0419,Horo Gudru Wellega,ET04,Oromia,ET,2024,2,40,ETH,ET041908,20.0,20.0
ET041908,Jarte Jardega,ET0419,Horo Gudru Wellega,ET04,Oromia,ET,2024,3,2,ETH,ET041908,1.0,1.0
ET041908,Jarte Jardega,ET0419,Horo Gudru Wellega,ET04,Oromia,ET,2024,4,7,ETH,ET041908,3.5,3.5
ET041908,Jarte Jardega,ET0419,Horo Gudru Wellega,ET04,Oromia,ET,2024,5,0,ETH,ET041908,0.0,0.0
ET041908,Jarte Jardega,ET0419,Horo Gudru Wellega,ET04,Oromia,ET,2024,7,0,ETH,ET041908,0.0,0.0
ET041908,Jarte Jardega,ET0419,Horo Gudru Wellega,ET04,Oromia,ET,2024,11,0,ETH,ET041908,0.0,0.0
ET041908,Jarte Jardega,ET0419,Horo Gudru Wellega,ET04,Oromia,ET,2025,1,0,ETH,ET041908,0.0,0.0
ET041908,Jarte Jardega,ET0419,Horo Gudru Wellega,ET04,Oromia,ET,2025,4,13,ETH,ET041908,6.5,6.5
ET041908,Jarte Jardega,ET0419,Horo Gudru Wellega,ET04,Oromia,ET,2025,8,5,ETH,ET041908,2.5,2.5
ET041909,Amuru,ET0419,Horo Gudru Wellega,ET04,Oromia,ET,2015,12,0,ETH,ET041909,0.0,0.0
ET041909,Amuru,ET0419,Horo Gudru Wellega,ET04,Oromia,ET,2016,2,0,ETH,ET041909,0.0,0.0
ET041909,Amuru,ET0419,Horo Gudru Wellega,ET04,Oromia,ET,2016,3,0,ETH,ET041909,0.0,0.0
ET041909,Amuru,ET0419,Horo Gudru Wellega,ET04,Oromia,ET,2016,7,0,ETH,ET041909,0.0,0.0
ET041909,Amuru,ET0419,Horo Gudru Wellega,ET04,Oromia,ET,2020,12,11,ETH,ET041909,5.5,5.5
ET041909,Amuru,ET0419,Horo Gudru Wellega,ET04,Oromia,ET,2021,4,15,ETH,ET041909,7.5,7.5
ET041909,Amuru,ET0419,Horo Gudru Wellega,ET04,Oromia,ET,2021,6,1,ETH,ET041909,0.5,0.5
ET041909,Amuru,ET0419,Horo Gudru Wellega,ET04,Oromia,ET,2021,7,3,ETH,ET041909,1.5,1.5
ET041909,Amuru,ET0419,Horo Gudru Wellega,ET04,Oromia,ET,2021,8,3,ETH,ET041909,1.5,1.5
ET041909,Amuru,ET0419,Horo Gudru Wellega,ET04,Oromia,ET,2021,12,3,ETH,ET041909,1.5,1.5
ET041909,Amuru,ET0419,Horo Gudru Wellega,ET04,Oromia,ET,2022,1,10,ETH,ET041909,5.0,5.0
ET041909,Amuru,ET0419,Horo Gudru Wellega,ET04,Oromia,ET,2022,2,19,ETH,ET041909,9.5,9.5
ET041909,Amuru,ET0419,Horo Gudru Wellega,ET04,Oromia,ET,2022,4,3,ETH,ET041909,1.5,1.5
ET041909,Amuru,ET0419,Horo Gudru Wellega,ET04,Oromia,ET,2022,5,4,ETH,ET041909,2.0,2.0
ET041909,Amuru,ET0419,Horo Gudru Wellega,ET04,Oromia,ET,2022,6,7,ETH,ET041909,3.5,3.5
ET041909,Amuru,ET0419,Horo Gudru Wellega,ET04,Oromia,ET,2022,7,3,ETH,ET041909,1.5,1.5
ET041909,Amuru,ET0419,Horo Gudru Wellega,ET04,Oromia,ET,2022,8,80,ETH,ET041909,40.0,40.0
ET041909,Amuru,ET0419,Horo Gudru Wellega,ET04,Oromia,ET,2022,9,40,ETH,ET041909,20.0,20.0
ET041909,Amuru,ET0419,Horo Gudru Wellega,ET04,Oromia,ET,2022,10,18,ETH,ET041909,9.0,9.0
ET041909,Amuru,ET0419,Horo Gudru Wellega,ET04,Oromia,ET,2022,12,5,ETH,ET041909,2.5,2.5
ET041909,Amuru,ET0419,Horo Gudru Wellega,ET04,Oromia,ET,2023,5,3,ETH,ET041909,1.5,1.5
ET041909,Amuru,ET0419,Horo Gudru Wellega,ET04,Oromia,ET,2023,6,19,ETH,ET041909,9.5,9.5
ET041909,Amuru,ET0419,Horo Gudru Wellega,ET04,Oromia,ET,2023,12,5,ETH,ET041909,2.5,2.5
ET041909,Amuru,ET0419,Horo Gudru Wellega,ET04,Oromia,ET,2024,1,10,ETH,ET041909,5.0,5.0
ET041909,Amuru,ET0419,Horo Gudru Wellega,ET04,Oromia,ET,2024,4,0,ETH,ET041909,0.0,0.0
ET041909,Amuru,ET0419,Horo Gudru Wellega,ET04,Oromia,ET,2024,5,0,ETH,ET041909,0.0,0.0
ET041909,Amuru,ET0419,Horo Gudru Wellega,ET04,Oromia,ET,2024,6,3,ETH,ET041909,1.5,1.5
ET041909,Amuru,ET0419,Horo Gudru Wellega,ET04,Oromia,ET,2024,7,0,ETH,ET041909,0.0,0.0
ET041909,Amuru,ET0419,Horo Gudru Wellega,ET04,Oromia,ET,2024,9,6,ETH,ET041909,3.0,3.0
ET041909,Amuru,ET0419,Horo Gudru Wellega,ET04,Oromia,ET,2024,10,0,ETH,ET041909,0.0,0.0
ET041909,Amuru,ET0419,Horo Gudru Wellega,ET04,Oromia,ET,2024,11,0,ETH,ET041909,0.0,0.0
ET041909,Amuru,ET0419,Horo Gudru Wellega,ET04,Oromia,ET,2024,12,6,ETH,ET041909,3.0,3.0
ET041909,Amuru,ET0419,Horo Gudru Wellega,ET04,Oromia,ET,2025,5,0,ETH,ET041909,0.0,0.0
ET041909,Amuru,ET0419,Horo Gudru Wellega,ET04,Oromia,ET,2025,7,4,ETH,ET041909,2.0,2.0
ET041909,Amuru,ET0419,Horo Gudru Wellega,ET04,Oromia,ET,2025,8,1,ETH,ET041909,0.5,0.5
ET041910,Abe Dongoro,ET0419,Horo Gudru Wellega,ET04,Oromia,ET,2012,8,1,ETH,ET041910,0.5,0.5
ET041910,Abe Dongoro,ET0419,Horo Gudru Wellega,ET04,Oromia,ET,2015,11,0,ETH,ET041910,0.0,0.0
ET041910,Abe Dongoro,ET0419,Horo Gudru Wellega,ET04,Oromia,ET,2018,8,2,ETH,ET041910,1.0,1.0
ET041910,Abe Dongoro,ET0419,Horo Gudru Wellega,ET04,Oromia,ET,2021,3,22,ETH,ET041910,11.0,11.0
ET041910,Abe Dongoro,ET0419,Horo Gudru Wellega,ET04,Oromia,ET,2021,4,47,ETH,ET041910,23.5,23.5
ET041910,Abe Dongoro,ET0419,Horo Gudru Wellega,ET04,Oromia,ET,2021,5,3,ETH,ET041910,1.5,1.5
ET041910,Abe Dongoro,ET0419,Horo Gudru Wellega,ET04,Oromia,ET,2021,6,9,ETH,ET041910,4.5,4.5
ET041910,Abe Dongoro,ET0419,Horo Gudru Wellega,ET04,Oromia,ET,2022,1,2,ETH,ET041910,1.0,1.0
ET041910,Abe Dongoro,ET0419,Horo Gudru Wellega,ET04,Oromia,ET,2022,2,10,ETH,ET041910,5.0,5.0
ET041910,Abe Dongoro,ET0419,Horo Gudru Wellega,ET04,Oromia,ET,2022,5,4,ETH,ET041910,2.0,2.0
ET041910,Abe Dongoro,ET0419,Horo Gudru Wellega,ET04,Oromia,ET,2022,11,3,ETH,ET041910,1.5,1.5
ET041910,Abe Dongoro,ET0419,Horo Gudru Wellega,ET04,Oromia,ET,2022,12,9,ETH,ET041910,4.5,4.5
ET041910,Abe Dongoro,ET0419,Horo Gudru Wellega,ET04,Oromia,ET,2023,3,1,ETH,ET041910,0.5,0.5
ET041910,Abe Dongoro,ET0419,Horo Gudru Wellega,ET04,Oromia,ET,2023,8,8,ETH,ET041910,4.0,4.0
ET041910,Abe Dongoro,ET0419,Horo Gudru Wellega,ET04,Oromia,ET,2023,10,9,ETH,ET041910,4.5,4.5
ET041910,Abe Dongoro,ET0419,Horo Gudru Wellega,ET04,Oromia,ET,2024,4,0,ETH,ET041910,0.0,0.0
ET041910,Abe Dongoro,ET0419,Horo Gudru Wellega,ET04,Oromia,ET,2024,5,6,ETH,ET041910,3.0,3.0
ET041910,Abe Dongoro,ET0419,Horo Gudru Wellega,ET04,Oromia,ET,2024,6,11,ETH,ET041910,5.5,5.5
ET041910,Abe Dongoro,ET0419,Horo Gudru Wellega,ET04,Oromia,ET,2024,7,12,ETH,ET041910,6.0,6.0
ET041910,Abe Dongoro,ET0419,Horo Gudru Wellega,ET04,Oromia,ET,2024,8,35,ETH,ET041910,17.5,17.5
ET041910,Abe Dongoro,ET0419,Horo Gudru Wellega,ET04,Oromia,ET,2024,9,4,ETH,ET041910,2.0,2.0
ET041910,Abe Dongoro,ET0419,Horo Gudru Wellega,ET04,Oromia,ET,2024,10,3,ETH,ET041910,1.5,1.5
ET041910,Abe Dongoro,ET0419,Horo Gudru Wellega,ET04,Oromia,ET,2024,11,2,ETH,ET041910,1.0,1.0
ET041910,Abe Dongoro,ET0419,Horo Gudru Wellega,ET04,Oromia,ET,2025,3,16,ETH,ET041910,8.0,8.0
ET041910,Abe Dongoro,ET0419,Horo Gudru Wellega,ET04,Oromia,ET,2025,4,7,ETH,ET041910,3.5,3.5
ET041910,Abe Dongoro,ET0419,Horo Gudru Wellega,ET04,Oromia,ET,2025,7,0,ETH,ET041910,0.0,0.0
ET041910,Abe Dongoro,ET0419,Horo Gudru Wellega,ET04,Oromia,ET,2025,8,31,ETH,ET041910,15.5,15.5
ET041910,Abe Dongoro,ET0419,Horo Gudru Wellega,ET04,Oromia,ET,2025,9,11,ETH,ET041910,5.5,5.5
ET041911,Choman Guduru,ET0419,Horo Gudru Wellega,ET04,Oromia,ET,2024,7,0,ETH,ET041911,0.0,0.0
ET041912,Horo Buluk,ET0419,Horo Gudru Wellega,ET04,Oromia,ET,2015,12,0,ETH,ET041912,0.0,0.0
ET041912,Horo Buluk,ET0419,Horo Gudru Wellega,ET04,Oromia,ET,2016,1,0,ETH,ET041912,0.0,0.0
ET041912,Horo Buluk,ET0419,Horo Gudru Wellega,ET04,Oromia,ET,2022,1,0,ETH,ET041912,0.0,0.0
ET041912,Horo Buluk,ET0419,Horo Gudru Wellega,ET04,Oromia,ET,2022,2,0,ETH,ET041912,0.0,0.0
ET041912,Horo Buluk,ET0419,Horo Gudru Wellega,ET04,Oromia,ET,2022,9,13,ETH,ET041912,6.5,6.5
ET041912,Horo Buluk,ET0419,Horo Gudru Wellega,ET04,Oromia,ET,2023,12,1,ETH,ET041912,0.5,0.5
ET041912,Horo Buluk,ET0419,Horo Gudru Wellega,ET04,Oromia,ET,2024,9,0,ETH,ET041912,0.0,0.0
ET041912,Horo Buluk,ET0419,Horo Gudru Wellega,ET04,Oromia,ET,2025,3,0,ETH,ET041912,0.0,0.0
ET041912,Horo Buluk,ET0419,Horo Gudru Wellega,ET04,Oromia,ET,2025,7,7,ETH,ET041912,3.5,3.5
ET042001,Burayu,ET0420,Finfine Special,ET04,Oromia,ET,2001,1,2,ETH,ET042001,1.0,1.0
ET042001,Burayu,ET0420,Finfine Special,ET04,Oromia,ET,2013,4,7,ETH,ET042001,3.5,3.5
ET042001,Burayu,ET0420,Finfine Special,ET04,Oromia,ET,2014,5,0,ETH,ET042001,0.0,0.0
ET042001,Burayu,ET0420,Finfine Special,ET04,Oromia,ET,2015,12,0,ETH,ET042001,0.0,0.0
ET042001,Burayu,ET0420,Finfine Special,ET04,Oromia,ET,2016,1,0,ETH,ET042001,0.0,0.0
ET042001,Burayu,ET0420,Finfine Special,ET04,Oromia,ET,2016,6,2,ETH,ET042001,1.0,1.0
ET042001,Burayu,ET0420,Finfine Special,ET04,Oromia,ET,2016,9,0,ETH,ET042001,0.0,0.0
ET042001,Burayu,ET0420,Finfine Special,ET04,Oromia,ET,2016,10,0,ETH,ET042001,0.0,0.0
ET042001,Burayu,ET0420,Finfine Special,ET04,Oromia,ET,2017,1,1,ETH,ET042001,0.5,0.5
ET042001,Burayu,ET0420,Finfine Special,ET04,Oromia,ET,2017,7,12,ETH,ET042001,6.0,6.0
ET042001,Burayu,ET0420,Finfine Special,ET04,Oromia,ET,2017,8,0,ETH,ET042001,0.0,0.0
ET042001,Burayu,ET0420,Finfine Special,ET04,Oromia,ET,2018,9,12,ETH,ET042001,6.0,6.0
ET042001,Burayu,ET0420,Finfine Special,ET04,Oromia,ET,2019,6,0,ETH,ET042001,0.0,0.0
ET042001,Burayu,ET0420,Finfine Special,ET04,Oromia,ET,2019,9,9,ETH,ET042001,4.5,4.5
ET042001,Burayu,ET0420,Finfine Special,ET04,Oromia,ET,2020,2,1,ETH,ET042001,0.5,0.5
ET042001,Burayu,ET0420,Finfine Special,ET04,Oromia,ET,2020,8,0,ETH,ET042001,0.0,0.0
ET042001,Burayu,ET0420,Finfine Special,ET04,Oromia,ET,2021,11,0,ETH,ET042001,0.0,0.0
ET042001,Burayu,ET0420,Finfine Special,ET04,Oromia,ET,2022,1,2,ETH,ET042001,1.0,1.0
ET042001,Burayu,ET0420,Finfine Special,ET04,Oromia,ET,2022,9,0,ETH,ET042001,0.0,0.0
ET042001,Burayu,ET0420,Finfine Special,ET04,Oromia,ET,2022,10,1,ETH,ET042001,0.5,0.5
ET042001,Burayu,ET0420,Finfine Special,ET04,Oromia,ET,2022,12,0,ETH,ET042001,0.0,0.0
ET042001,Burayu,ET0420,Finfine Special,ET04,Oromia,ET,2023,1,0,ETH,ET042001,0.0,0.0
ET042001,Burayu,ET0420,Finfine Special,ET04,Oromia,ET,2023,4,0,ETH,ET042001,0.0,0.0
ET042001,Burayu,ET0420,Finfine Special,ET04,Oromia,ET,2023,10,0,ETH,ET042001,0.0,0.0
ET042001,Burayu,ET0420,Finfine Special,ET04,Oromia,ET,2023,11,0,ETH,ET042001,0.0,0.0
ET042001,Burayu,ET0420,Finfine Special,ET04,Oromia,ET,2024,2,0,ETH,ET042001,0.0,0.0
ET042001,Burayu,ET0420,Finfine Special,ET04,Oromia,ET,2024,5,0,ETH,ET042001,0.0,0.0
ET042001,Burayu,ET0420,Finfine Special,ET04,Oromia,ET,2024,10,0,ETH,ET042001,0.0,0.0
ET042004,Lege Tafo-Lege Dadi town,ET0420,Finfine Special,ET04,Oromia,ET,2016,3,3,ETH,ET042004,1.5,1.5
ET042004,Lege Tafo-Lege Dadi town,ET0420,Finfine Special,ET04,Oromia,ET,2018,2,0,ETH,ET042004,0.0,0.0
ET042004,Lege Tafo-Lege Dadi town,ET0420,Finfine Special,ET04,Oromia,ET,2018,9,4,ETH,ET042004,2.0,2.0
ET042004,Lege Tafo-Lege Dadi town,ET0420,Finfine Special,ET04,Oromia,ET,2019,2,0,ETH,ET042004,0.0,0.0
ET042004,Lege Tafo-Lege Dadi town,ET0420,Finfine Special,ET04,Oromia,ET,2021,11,0,ETH,ET042004,0.0,0.0
ET042004,Lege Tafo-Lege Dadi town,ET0420,Finfine Special,ET04,Oromia,ET,2023,2,2,ETH,ET042004,1.0,1.0
ET042004,Lege Tafo-Lege Dadi town,ET0420,Finfine Special,ET04,Oromia,ET,2023,3,0,ETH,ET042004,0.0,0.0
ET042004,Lege Tafo-Lege Dadi town,ET0420,Finfine Special,ET04,Oromia,ET,2023,11,2,ETH,ET042004,1.0,1.0
ET042005,Sululta town,ET0420,Finfine Special,ET04,Oromia,ET,2015,12,2,ETH,ET042005,1.0,1.0
ET042005,Sululta town,ET0420,Finfine Special,ET04,Oromia,ET,2016,1,0,ETH,ET042005,0.0,0.0
ET042005,Sululta town,ET0420,Finfine Special,ET04,Oromia,ET,2016,2,0,ETH,ET042005,0.0,0.0
ET042005,Sululta town,ET0420,Finfine Special,ET04,Oromia,ET,2016,4,0,ETH,ET042005,0.0,0.0
ET042005,Sululta town,ET0420,Finfine Special,ET04,Oromia,ET,2016,8,0,ETH,ET042005,0.0,0.0
ET042005,Sululta town,ET0420,Finfine Special,ET04,Oromia,ET,2016,9,0,ETH,ET042005,0.0,0.0
ET042005,Sululta town,ET0420,Finfine Special,ET04,Oromia,ET,2017,10,0,ETH,ET042005,0.0,0.0
ET042005,Sululta town,ET0420,Finfine Special,ET04,Oromia,ET,2019,10,0,ETH,ET042005,0.0,0.0
ET042005,Sululta town,ET0420,Finfine Special,ET04,Oromia,ET,2022,5,10,ETH,ET042005,5.0,5.0
ET042005,Sululta town,ET0420,Finfine Special,ET04,Oromia,ET,2022,11,0,ETH,ET042005,0.0,0.0
ET042005,Sululta town,ET0420,Finfine Special,ET04,Oromia,ET,2023,5,1,ETH,ET042005,0.5,0.5
ET042005,Sululta town,ET0420,Finfine Special,ET04,Oromia,ET,2023,6,0,ETH,ET042005,0.0,0.0
ET042005,Sululta town,ET0420,Finfine Special,ET04,Oromia,ET,2023,10,0,ETH,ET042005,0.0,0.0
ET042005,Sululta town,ET0420,Finfine Special,ET04,Oromia,ET,2023,11,5,ETH,ET042005,2.5,2.5
ET042005,Sululta town,ET0420,Finfine Special,ET04,Oromia,ET,2024,8,0,ETH,ET042005,0.0,0.0
ET042005,Sululta town,ET0420,Finfine Special,ET04,Oromia,ET,2025,2,5,ETH,ET042005,2.5,2.5
ET042005,Sululta town,ET0420,Finfine Special,ET04,Oromia,ET,2025,3,0,ETH,ET042005,0.0,0.0
ET042006,Sebeta Hawas,ET0420,Finfine Special,ET04,Oromia,ET,2014,4,1,ETH,ET042006,0.5,0.5
ET042006,Sebeta Hawas,ET0420,Finfine Special,ET04,Oromia,ET,2016,2,0,ETH,ET042006,0.0,0.0
ET042006,Sebeta Hawas,ET0420,Finfine Special,ET04,Oromia,ET,2016,3,0,ETH,ET042006,0.0,0.0
ET042006,Sebeta Hawas,ET0420,Finfine Special,ET04,Oromia,ET,2017,11,0,ETH,ET042006,0.0,0.0
ET042006,Sebeta Hawas,ET0420,Finfine Special,ET04,Oromia,ET,2018,5,0,ETH,ET042006,0.0,0.0
ET042006,Sebeta Hawas,ET0420,Finfine Special,ET04,Oromia,ET,2022,12,0,ETH,ET042006,0.0,0.0
ET042006,Sebeta Hawas,ET0420,Finfine Special,ET04,Oromia,ET,2023,1,0,ETH,ET042006,0.0,0.0
ET042006,Sebeta Hawas,ET0420,Finfine Special,ET04,Oromia,ET,2024,4,6,ETH,ET042006,3.0,3.0
ET042006,Sebeta Hawas,ET0420,Finfine Special,ET04,Oromia,ET,2024,7,3,ETH,ET042006,1.5,1.5
ET042009,Sebeta town,ET0420,Finfine Special,ET04,Oromia,ET,1998,6,0,ETH,ET042009,0.0,0.0
ET042009,Sebeta town,ET0420,Finfine Special,ET04,Oromia,ET,2014,5,0,ETH,ET042009,0.0,0.0
ET042009,Sebeta town,ET0420,Finfine Special,ET04,Oromia,ET,2016,3,0,ETH,ET042009,0.0,0.0
ET042009,Sebeta town,ET0420,Finfine Special,ET04,Oromia,ET,2016,4,0,ETH,ET042009,0.0,0.0
ET042009,Sebeta town,ET0420,Finfine Special,ET04,Oromia,ET,2016,8,0,ETH,ET042009,0.0,0.0
ET042009,Sebeta town,ET0420,Finfine Special,ET04,Oromia,ET,2016,9,0,ETH,ET042009,0.0,0.0
ET042009,Sebeta town,ET0420,Finfine Special,ET04,Oromia,ET,2016,10,0,ETH,ET042009,0.0,0.0
ET042009,Sebeta town,ET0420,Finfine Special,ET04,Oromia,ET,2016,11,0,ETH,ET042009,0.0,0.0
ET042009,Sebeta town,ET0420,Finfine Special,ET04,Oromia,ET,2018,9,6,ETH,ET042009,3.0,3.0
ET042009,Sebeta town,ET0420,Finfine Special,ET04,Oromia,ET,2018,12,0,ETH,ET042009,0.0,0.0
ET042009,Sebeta town,ET0420,Finfine Special,ET04,Oromia,ET,2019,9,0,ETH,ET042009,0.0,0.0
ET042009,Sebeta town,ET0420,Finfine Special,ET04,Oromia,ET,2020,10,1,ETH,ET042009,0.5,0.5
ET042009,Sebeta town,ET0420,Finfine Special,ET04,Oromia,ET,2020,11,0,ETH,ET042009,0.0,0.0
ET042009,Sebeta town,ET0420,Finfine Special,ET04,Oromia,ET,2023,1,0,ETH,ET042009,0.0,0.0
ET042009,Sebeta town,ET0420,Finfine Special,ET04,Oromia,ET,2023,2,3,ETH,ET042009,1.5,1.5
ET042009,Sebeta town,ET0420,Finfine Special,ET04,Oromia,ET,2023,3,3,ETH,ET042009,1.5,1.5
ET042009,Sebeta town,ET0420,Finfine Special,ET04,Oromia,ET,2023,5,3,ETH,ET042009,1.5,1.5
ET042009,Sebeta town,ET0420,Finfine Special,ET04,Oromia,ET,2024,7,0,ETH,ET042009,0.0,0.0
ET042011,Bereh,ET0420,Finfine Special,ET04,Oromia,ET,2002,8,0,ETH,ET042011,0.0,0.0
ET042011,Bereh,ET0420,Finfine Special,ET04,Oromia,ET,2004,6,6,ETH,ET042011,3.0,3.0
ET042011,Bereh,ET0420,Finfine Special,ET04,Oromia,ET,2012,6,7,ETH,ET042011,3.5,3.5
ET042011,Bereh,ET0420,Finfine Special,ET04,Oromia,ET,2023,1,0,ETH,ET042011,0.0,0.0
ET042012,Akaki,ET0420,Finfine Special,ET04,Oromia,ET,2003,2,3,ETH,ET042012,1.5,1.5
ET042012,Akaki,ET0420,Finfine Special,ET04,Oromia,ET,2003,10,1,ETH,ET042012,0.5,0.5
ET042012,Akaki,ET0420,Finfine Special,ET04,Oromia,ET,2016,7,0,ETH,ET042012,0.0,0.0
ET042012,Akaki,ET0420,Finfine Special,ET04,Oromia,ET,2016,9,0,ETH,ET042012,0.0,0.0
ET042012,Akaki,ET0420,Finfine Special,ET04,Oromia,ET,2022,4,1,ETH,ET042012,0.5,0.5
ET042012,Akaki,ET0420,Finfine Special,ET04,Oromia,ET,2024,6,0,ETH,ET042012,0.0,0.0
ET042012,Akaki,ET0420,Finfine Special,ET04,Oromia,ET,2024,11,3,ETH,ET042012,1.5,1.5
ET042013,Sululta,ET0420,Finfine Special,ET04,Oromia,ET,2002,3,12,ETH,ET042013,6.0,6.0
ET042013,Sululta,ET0420,Finfine Special,ET04,Oromia,ET,2007,12,213,ETH,ET042013,106.5,106.5
ET042013,Sululta,ET0420,Finfine Special,ET04,Oromia,ET,2015,11,0,ETH,ET042013,0.0,0.0
ET042013,Sululta,ET0420,Finfine Special,ET04,Oromia,ET,2015,12,0,ETH,ET042013,0.0,0.0
ET042013,Sululta,ET0420,Finfine Special,ET04,Oromia,ET,2016,2,0,ETH,ET042013,0.0,0.0
ET042013,Sululta,ET0420,Finfine Special,ET04,Oromia,ET,2022,2,0,ETH,ET042013,0.0,0.0
ET042013,Sululta,ET0420,Finfine Special,ET04,Oromia,ET,2022,6,3,ETH,ET042013,1.5,1.5
ET042013,Sululta,ET0420,Finfine Special,ET04,Oromia,ET,2022,7,0,ETH,ET042013,0.0,0.0
ET042013,Sululta,ET0420,Finfine Special,ET04,Oromia,ET,2022,8,2,ETH,ET042013,1.0,1.0
ET042013,Sululta,ET0420,Finfine Special,ET04,Oromia,ET,2023,6,5,ETH,ET042013,2.5,2.5
ET042013,Sululta,ET0420,Finfine Special,ET04,Oromia,ET,2023,10,0,ETH,ET042013,0.0,0.0
ET042013,Sululta,ET0420,Finfine Special,ET04,Oromia,ET,2024,5,0,ETH,ET042013,0.0,0.0
ET042013,Sululta,ET0420,Finfine Special,ET04,Oromia,ET,2024,8,0,ETH,ET042013,0.0,0.0
ET042013,Sululta,ET0420,Finfine Special,ET04,Oromia,ET,2024,10,0,ETH,ET042013,0.0,0.0
ET042013,Sululta,ET0420,Finfine Special,ET04,Oromia,ET,2024,12,3,ETH,ET042013,1.5,1.5
ET042013,Sululta,ET0420,Finfine Special,ET04,Oromia,ET,2025,7,3,ETH,ET042013,1.5,1.5
ET042013,Sululta,ET0420,Finfine Special,ET04,Oromia,ET,2025,8,1,ETH,ET042013,0.5,0.5
ET042016,Mulo,ET0420,Finfine Special,ET04,Oromia,ET,2011,5,13,ETH,ET042016,6.5,6.5
ET042016,Mulo,ET0420,Finfine Special,ET04,Oromia,ET,2016,2,0,ETH,ET042016,0.0,0.0
ET042016,Mulo,ET0420,Finfine Special,ET04,Oromia,ET,2023,2,1,ETH,ET042016,0.5,0.5
ET042016,Mulo,ET0420,Finfine Special,ET04,Oromia,ET,2023,9,0,ETH,ET042016,0.0,0.0
ET042016,Mulo,ET0420,Finfine Special,ET04,Oromia,ET,2024,7,0,ETH,ET042016,0.0,0.0
ET042016,Mulo,ET0420,Finfine Special,ET04,Oromia,ET,2025,8,14,ETH,ET042016,7.0,7.0
ET042020,Holeta town,ET0420,Finfine Special,ET04,Oromia,ET,2015,12,0,ETH,ET042020,0.0,0.0
ET042020,Holeta town,ET0420,Finfine Special,ET04,Oromia,ET,2016,8,0,ETH,ET042020,0.0,0.0
ET042020,Holeta town,ET0420,Finfine Special,ET04,Oromia,ET,2016,9,0,ETH,ET042020,0.0,0.0
ET042020,Holeta town,ET0420,Finfine Special,ET04,Oromia,ET,2016,10,1,ETH,ET042020,0.5,0.5
ET042020,Holeta town,ET0420,Finfine Special,ET04,Oromia,ET,2017,8,0,ETH,ET042020,0.0,0.0
ET042020,Holeta town,ET0420,Finfine Special,ET04,Oromia,ET,2017,10,0,ETH,ET042020,0.0,0.0
ET042020,Holeta town,ET0420,Finfine Special,ET04,Oromia,ET,2018,2,0,ETH,ET042020,0.0,0.0
ET042020,Holeta town,ET0420,Finfine Special,ET04,Oromia,ET,2018,9,5,ETH,ET042020,2.5,2.5
ET042020,Holeta town,ET0420,Finfine Special,ET04,Oromia,ET,2018,12,0,ETH,ET042020,0.0,0.0
ET042020,Holeta town,ET0420,Finfine Special,ET04,Oromia,ET,2019,3,0,ETH,ET042020,0.0,0.0
ET042020,Holeta town,ET0420,Finfine Special,ET04,Oromia,ET,2020,7,0,ETH,ET042020,0.0,0.0
ET042020,Holeta town,ET0420,Finfine Special,ET04,Oromia,ET,2022,12,0,ETH,ET042020,0.0,0.0
ET042020,Holeta town,ET0420,Finfine Special,ET04,Oromia,ET,2023,12,4,ETH,ET042020,2.0,2.0
ET042098,Gelana (Finfine),ET0420,Finfine Special,ET04,Oromia,ET,2023,8,0,ETH,ET042098,0.0,0.0
ET042098,Gelana (Finfine),ET0420,Finfine Special,ET04,Oromia,ET,2023,9,0,ETH,ET042098,0.0,0.0
ET042101,Gololcha Bale,ET0421,East Bale,ET04,Oromia,ET,1999,7,1172,ETH,ET042101,586.0,586.0
ET042101,Gololcha Bale,ET0421,East Bale,ET04,Oromia,ET,2018,10,5,ETH,ET042101,2.5,2.5
ET042102,Lege Hida,ET0421,East Bale,ET04,Oromia,ET,2010,12,3,ETH,ET042102,1.5,1.5
ET042102,Lege Hida,ET0421,East Bale,ET04,Oromia,ET,2012,2,0,ETH,ET042102,0.0,0.0
ET042102,Lege Hida,ET0421,East Bale,ET04,Oromia,ET,2017,2,20,ETH,ET042102,10.0,10.0
ET042102,Lege Hida,ET0421,East Bale,ET04,Oromia,ET,2017,3,1,ETH,ET042102,0.5,0.5
ET042102,Lege Hida,ET0421,East Bale,ET04,Oromia,ET,2017,4,1,ETH,ET042102,0.5,0.5
ET042102,Lege Hida,ET0421,East Bale,ET04,Oromia,ET,2017,9,0,ETH,ET042102,0.0,0.0
ET042102,Lege Hida,ET0421,East Bale,ET04,Oromia,ET,2018,4,5,ETH,ET042102,2.5,2.5
ET042102,Lege Hida,ET0421,East Bale,ET04,Oromia,ET,2018,5,5,ETH,ET042102,2.5,2.5
ET042102,Lege Hida,ET0421,East Bale,ET04,Oromia,ET,2021,3,1,ETH,ET042102,0.5,0.5
ET042102,Lege Hida,ET0421,East Bale,ET04,Oromia,ET,2022,4,0,ETH,ET042102,0.0,0.0
ET042104,Rayitu,ET0421,East Bale,ET04,Oromia,ET,2002,8,4,ETH,ET042104,2.0,2.0
ET042104,Rayitu,ET0421,East Bale,ET04,Oromia,ET,2010,3,0,ETH,ET042104,0.0,0.0
ET042104,Rayitu,ET0421,East Bale,ET04,Oromia,ET,2016,8,9,ETH,ET042104,4.5,4.5
ET042104,Rayitu,ET0421,East Bale,ET04,Oromia,ET,2016,12,1,ETH,ET042104,0.5,0.5
ET042104,Rayitu,ET0421,East Bale,ET04,Oromia,ET,2017,2,0,ETH,ET042104,0.0,0.0
ET042104,Rayitu,ET0421,East Bale,ET04,Oromia,ET,2017,3,0,ETH,ET042104,0.0,0.0
ET042104,Rayitu,ET0421,East Bale,ET04,Oromia,ET,2017,9,36,ETH,ET042104,18.0,18.0
ET042105,Seweyna,ET0421,East Bale,ET04,Oromia,ET,1999,8,25,ETH,ET042105,12.5,12.5
ET042105,Seweyna,ET0421,East Bale,ET04,Oromia,ET,2013,4,3,ETH,ET042105,1.5,1.5
ET042105,Seweyna,ET0421,East Bale,ET04,Oromia,ET,2017,2,17,ETH,ET042105,8.5,8.5
ET042105,Seweyna,ET0421,East Bale,ET04,Oromia,ET,2017,3,16,ETH,ET042105,8.0,8.0
ET042105,Seweyna,ET0421,East Bale,ET04,Oromia,ET,2017,9,0,ETH,ET042105,0.0,0.0
ET042105,Seweyna,ET0421,East Bale,ET04,Oromia,ET,2018,3,10,ETH,ET042105,5.0,5.0
ET042105,Seweyna,ET0421,East Bale,ET04,Oromia,ET,2020,4,1,ETH,ET042105,0.5,0.5
ET042105,Seweyna,ET0421,East Bale,ET04,Oromia,ET,2020,5,12,ETH,ET042105,6.0,6.0
ET042107,Ginir town,ET0421,East Bale,ET04,Oromia,ET,1999,8,30,ETH,ET042107,15.0,15.0
ET042107,Ginir town,ET0421,East Bale,ET04,Oromia,ET,2015,10,8,ETH,ET042107,4.0,4.0
ET042107,Ginir town,ET0421,East Bale,ET04,Oromia,ET,2016,2,0,ETH,ET042107,0.0,0.0
ET042107,Ginir town,ET0421,East Bale,ET04,Oromia,ET,2016,8,0,ETH,ET042107,0.0,0.0
ET042107,Ginir town,ET0421,East Bale,ET04,Oromia,ET,2016,9,0,ETH,ET042107,0.0,0.0
ET042107,Ginir town,ET0421,East Bale,ET04,Oromia,ET,2017,11,5,ETH,ET042107,2.5,2.5
ET042107,Ginir town,ET0421,East Bale,ET04,Oromia,ET,2020,8,0,ETH,ET042107,0.0,0.0
ET042107,Ginir town,ET0421,East Bale,ET04,Oromia,ET,2021,2,0,ETH,ET042107,0.0,0.0
ET050101,Ayisha,ET0501,Siti,ET05,Somali,ET,2004,2,1,ETH,ET050101,0.5,0.5
ET050101,Ayisha,ET0501,Siti,ET05,Somali,ET,2004,8,2,ETH,ET050101,1.0,1.0
ET050101,Ayisha,ET0501,Siti,ET05,Somali,ET,2009,9,4,ETH,ET050101,2.0,2.0
ET050101,Ayisha,ET0501,Siti,ET05,Somali,ET,2010,4,11,ETH,ET050101,5.5,5.5
ET050101,Ayisha,ET0501,Siti,ET05,Somali,ET,2012,12,1,ETH,ET050101,0.5,0.5
ET050101,Ayisha,ET0501,Siti,ET05,Somali,ET,2018,4,0,ETH,ET050101,0.0,0.0
ET050101,Ayisha,ET0501,Siti,ET05,Somali,ET,2018,5,0,ETH,ET050101,0.0,0.0
ET050101,Ayisha,ET0501,Siti,ET05,Somali,ET,2021,4,0,ETH,ET050101,0.0,0.0
ET050101,Ayisha,ET0501,Siti,ET05,Somali,ET,2022,1,0,ETH,ET050101,0.0,0.0
ET050101,Ayisha,ET0501,Siti,ET05,Somali,ET,2023,3,3,ETH,ET050101,1.5,1.5
ET050102,Dembel,ET0501,Siti,ET05,Somali,ET,1999,10,18,ETH,ET050102,9.0,9.0
ET050102,Dembel,ET0501,Siti,ET05,Somali,ET,2002,9,7,ETH,ET050102,3.5,3.5
ET050102,Dembel,ET0501,Siti,ET05,Somali,ET,2002,10,2,ETH,ET050102,1.0,1.0
ET050102,Dembel,ET0501,Siti,ET05,Somali,ET,2010,1,0,ETH,ET050102,0.0,0.0
ET050102,Dembel,ET0501,Siti,ET05,Somali,ET,2010,4,34,ETH,ET050102,17.0,17.0
ET050102,Dembel,ET0501,Siti,ET05,Somali,ET,2010,9,74,ETH,ET050102,37.0,37.0
ET050102,Dembel,ET0501,Siti,ET05,Somali,ET,2015,9,10,ETH,ET050102,5.0,5.0
ET050102,Dembel,ET0501,Siti,ET05,Somali,ET,2018,5,6,ETH,ET050102,3.0,3.0
ET050103,Shinile,ET0501,Siti,ET05,Somali,ET,2000,6,13,ETH,ET050103,6.5,6.5
ET050103,Shinile,ET0501,Siti,ET05,Somali,ET,2000,10,31,ETH,ET050103,15.5,15.5
ET050103,Shinile,ET0501,Siti,ET05,Somali,ET,2002,12,0,ETH,ET050103,0.0,0.0
ET050103,Shinile,ET0501,Siti,ET05,Somali,ET,2009,9,2,ETH,ET050103,1.0,1.0
ET050103,Shinile,ET0501,Siti,ET05,Somali,ET,2016,9,4,ETH,ET050103,2.0,2.0
ET050103,Shinile,ET0501,Siti,ET05,Somali,ET,2018,4,0,ETH,ET050103,0.0,0.0
ET050103,Shinile,ET0501,Siti,ET05,Somali,ET,2018,5,0,ETH,ET050103,0.0,0.0
ET050103,Shinile,ET0501,Siti,ET05,Somali,ET,2019,1,0,ETH,ET050103,0.0,0.0
ET050103,Shinile,ET0501,Siti,ET05,Somali,ET,2019,10,1,ETH,ET050103,0.5,0.5
ET050103,Shinile,ET0501,Siti,ET05,Somali,ET,2020,2,0,ETH,ET050103,0.0,0.0
ET050103,Shinile,ET0501,Siti,ET05,Somali,ET,2020,3,1,ETH,ET050103,0.5,0.5
ET050103,Shinile,ET0501,Siti,ET05,Somali,ET,2020,4,0,ETH,ET050103,0.0,0.0
ET050103,Shinile,ET0501,Siti,ET05,Somali,ET,2020,5,11,ETH,ET050103,5.5,5.5
ET050103,Shinile,ET0501,Siti,ET05,Somali,ET,2020,10,27,ETH,ET050103,13.5,13.5
ET050103,Shinile,ET0501,Siti,ET05,Somali,ET,2021,4,0,ETH,ET050103,0.0,0.0
ET050103,Shinile,ET0501,Siti,ET05,Somali,ET,2021,5,6,ETH,ET050103,3.0,3.0
ET050103,Shinile,ET0501,Siti,ET05,Somali,ET,2021,7,0,ETH,ET050103,0.0,0.0
ET050103,Shinile,ET0501,Siti,ET05,Somali,ET,2024,3,22,ETH,ET050103,11.0,11.0
ET050103,Shinile,ET0501,Siti,ET05,Somali,ET,2024,4,3,ETH,ET050103,1.5,1.5
ET050103,Shinile,ET0501,Siti,ET05,Somali,ET,2025,9,1,ETH,ET050103,0.5,0.5
ET050104,Erer (SM),ET0501,Siti,ET05,Somali,ET,2002,5,0,ETH,ET050104,0.0,0.0
ET050104,Erer (SM),ET0501,Siti,ET05,Somali,ET,2002,8,22,ETH,ET050104,11.0,11.0
ET050104,Erer (SM),ET0501,Siti,ET05,Somali,ET,2002,12,0,ETH,ET050104,0.0,0.0
ET050104,Erer (SM),ET0501,Siti,ET05,Somali,ET,2005,7,5,ETH,ET050104,2.5,2.5
ET050104,Erer (SM),ET0501,Siti,ET05,Somali,ET,2009,7,6,ETH,ET050104,3.0,3.0
ET050104,Erer (SM),ET0501,Siti,ET05,Somali,ET,2009,8,16,ETH,ET050104,8.0,8.0
ET050104,Erer (SM),ET0501,Siti,ET05,Somali,ET,2012,12,2,ETH,ET050104,1.0,1.0
ET050104,Erer (SM),ET0501,Siti,ET05,Somali,ET,2013,12,5,ETH,ET050104,2.5,2.5
ET050104,Erer (SM),ET0501,Siti,ET05,Somali,ET,2018,4,1,ETH,ET050104,0.5,0.5
ET050104,Erer (SM),ET0501,Siti,ET05,Somali,ET,2018,5,0,ETH,ET050104,0.0,0.0
ET050104,Erer (SM),ET0501,Siti,ET05,Somali,ET,2019,5,11,ETH,ET050104,5.5,5.5
ET050104,Erer (SM),ET0501,Siti,ET05,Somali,ET,2021,3,0,ETH,ET050104,0.0,0.0
ET050104,Erer (SM),ET0501,Siti,ET05,Somali,ET,2021,6,1,ETH,ET050104,0.5,0.5
ET050104,Erer (SM),ET0501,Siti,ET05,Somali,ET,2023,2,35,ETH,ET050104,17.5,17.5
ET050104,Erer (SM),ET0501,Siti,ET05,Somali,ET,2024,6,20,ETH,ET050104,10.0,10.0
ET050105,Afdem,ET0501,Siti,ET05,Somali,ET,2021,8,20,ETH,ET050105,10.0,10.0
ET050106,Hadhagala,ET0501,Siti,ET05,Somali,ET,2004,2,4,ETH,ET050106,2.0,2.0
ET050106,Hadhagala,ET0501,Siti,ET05,Somali,ET,2010,9,76,ETH,ET050106,38.0,38.0
ET050106,Hadhagala,ET0501,Siti,ET05,Somali,ET,2018,4,0,ETH,ET050106,0.0,0.0
ET050106,Hadhagala,ET0501,Siti,ET05,Somali,ET,2018,5,0,ETH,ET050106,0.0,0.0
ET050106,Hadhagala,ET0501,Siti,ET05,Somali,ET,2019,1,4,ETH,ET050106,2.0,2.0
ET050107,Miesso,ET0501,Siti,ET05,Somali,ET,2018,4,0,ETH,ET050107,0.0,0.0
ET050107,Miesso,ET0501,Siti,ET05,Somali,ET,2020,12,39,ETH,ET050107,19.5,19.5
ET050107,Miesso,ET0501,Siti,ET05,Somali,ET,2022,8,3,ETH,ET050107,1.5,1.5
ET050107,Miesso,ET0501,Siti,ET05,Somali,ET,2023,4,3,ETH,ET050107,1.5,1.5
ET050107,Miesso,ET0501,Siti,ET05,Somali,ET,2024,6,3,ETH,ET050107,1.5,1.5
ET050198,Gota-Biki,ET0501,Siti,ET05,Somali,ET,2002,12,0,ETH,ET050198,0.0,0.0
ET050198,Gota-Biki,ET0501,Siti,ET05,Somali,ET,2018,4,0,ETH,ET050198,0.0,0.0
ET050198,Gota-Biki,ET0501,Siti,ET05,Somali,ET,2018,5,0,ETH,ET050198,0.0,0.0
ET050198,Gota-Biki,ET0501,Siti,ET05,Somali,ET,2021,4,0,ETH,ET050198,0.0,0.0
ET050198,Gota-Biki,ET0501,Siti,ET05,Somali,ET,2022,8,0,ETH,ET050198,0.0,0.0
ET050198,Gota-Biki,ET0501,Siti,ET05,Somali,ET,2022,11,9,ETH,ET050198,4.5,4.5
ET050202,Gursum (SM),ET0502,Fafan,ET05,Somali,ET,2002,12,4,ETH,ET050202,2.0,2.0
ET050202,Gursum (SM),ET0502,Fafan,ET05,Somali,ET,2003,10,3,ETH,ET050202,1.5,1.5
ET050202,Gursum (SM),ET0502,Fafan,ET05,Somali,ET,2022,3,11,ETH,ET050202,5.5,5.5
ET050202,Gursum (SM),ET0502,Fafan,ET05,Somali,ET,2025,7,0,ETH,ET050202,0.0,0.0
ET050203,Babile (SM),ET0502,Fafan,ET05,Somali,ET,2009,8,10,ETH,ET050203,5.0,5.0
ET050204,Shabeeley,ET0502,Fafan,ET05,Somali,ET,2018,4,0,ETH,ET050204,0.0,0.0
ET050205,Aw-Bare,ET0502,Fafan,ET05,Somali,ET,2012,12,2,ETH,ET050205,1.0,1.0
ET050205,Aw-Bare,ET0502,Fafan,ET05,Somali,ET,2022,2,2,ETH,ET050205,1.0,1.0
ET050206,Kebribeyah,ET0502,Fafan,ET05,Somali,ET,2009,9,7,ETH,ET050206,3.5,3.5
ET050206,Kebribeyah,ET0502,Fafan,ET05,Somali,ET,2009,10,57,ETH,ET050206,28.5,28.5
ET050206,Kebribeyah,ET0502,Fafan,ET05,Somali,ET,2010,3,0,ETH,ET050206,0.0,0.0
ET050206,Kebribeyah,ET0502,Fafan,ET05,Somali,ET,2010,4,5,ETH,ET050206,2.5,2.5
ET050206,Kebribeyah,ET0502,Fafan,ET05,Somali,ET,2012,4,0,ETH,ET050206,0.0,0.0
ET050206,Kebribeyah,ET0502,Fafan,ET05,Somali,ET,2015,8,4,ETH,ET050206,2.0,2.0
ET050207,Harshin,ET0502,Fafan,ET05,Somali,ET,2010,6,0,ETH,ET050207,0.0,0.0
ET050207,Harshin,ET0502,Fafan,ET05,Somali,ET,2010,7,12,ETH,ET050207,6.0,6.0
ET050207,Harshin,ET0502,Fafan,ET05,Somali,ET,2024,12,56,ETH,ET050207,28.0,28.0
ET050283,Tuliguled,ET0502,Fafan,ET05,Somali,ET,2018,6,1,ETH,ET050283,0.5,0.5
ET050283,Tuliguled,ET0502,Fafan,ET05,Somali,ET,2023,1,3,ETH,ET050283,1.5,1.5
ET050293,Jigjiga town,ET0502,Fafan,ET05,Somali,ET,1999,3,168,ETH,ET050293,84.0,84.0
ET050293,Jigjiga town,ET0502,Fafan,ET05,Somali,ET,1999,10,62,ETH,ET050293,31.0,31.0
ET050293,Jigjiga town,ET0502,Fafan,ET05,Somali,ET,2000,6,14,ETH,ET050293,7.0,7.0
ET050293,Jigjiga town,ET0502,Fafan,ET05,Somali,ET,2001,1,11,ETH,ET050293,5.5,5.5
ET050293,Jigjiga town,ET0502,Fafan,ET05,Somali,ET,2001,7,7,ETH,ET050293,3.5,3.5
ET050293,Jigjiga town,ET0502,Fafan,ET05,Somali,ET,2002,5,102,ETH,ET050293,51.0,51.0
ET050293,Jigjiga town,ET0502,Fafan,ET05,Somali,ET,2002,6,7,ETH,ET050293,3.5,3.5
ET050293,Jigjiga town,ET0502,Fafan,ET05,Somali,ET,2002,8,0,ETH,ET050293,0.0,0.0
ET050293,Jigjiga town,ET0502,Fafan,ET05,Somali,ET,2002,11,8,ETH,ET050293,4.0,4.0
ET050293,Jigjiga town,ET0502,Fafan,ET05,Somali,ET,2002,12,10,ETH,ET050293,5.0,5.0
ET050293,Jigjiga town,ET0502,Fafan,ET05,Somali,ET,2003,1,2,ETH,ET050293,1.0,1.0
ET050293,Jigjiga town,ET0502,Fafan,ET05,Somali,ET,2003,2,4,ETH,ET050293,2.0,2.0
ET050293,Jigjiga town,ET0502,Fafan,ET05,Somali,ET,2003,5,5,ETH,ET050293,2.5,2.5
ET050293,Jigjiga town,ET0502,Fafan,ET05,Somali,ET,2003,6,17,ETH,ET050293,8.5,8.5
ET050293,Jigjiga town,ET0502,Fafan,ET05,Somali,ET,2003,10,28,ETH,ET050293,14.0,14.0
ET050293,Jigjiga town,ET0502,Fafan,ET05,Somali,ET,2004,2,7,ETH,ET050293,3.5,3.5
ET050293,Jigjiga town,ET0502,Fafan,ET05,Somali,ET,2004,3,0,ETH,ET050293,0.0,0.0
ET050293,Jigjiga town,ET0502,Fafan,ET05,Somali,ET,2004,4,11,ETH,ET050293,5.5,5.5
ET050293,Jigjiga town,ET0502,Fafan,ET05,Somali,ET,2004,5,7,ETH,ET050293,3.5,3.5
ET050293,Jigjiga town,ET0502,Fafan,ET05,Somali,ET,2004,6,4,ETH,ET050293,2.0,2.0
ET050293,Jigjiga town,ET0502,Fafan,ET05,Somali,ET,2004,7,5,ETH,ET050293,2.5,2.5
ET050293,Jigjiga town,ET0502,Fafan,ET05,Somali,ET,2004,8,3,ETH,ET050293,1.5,1.5
ET050293,Jigjiga town,ET0502,Fafan,ET05,Somali,ET,2004,9,32,ETH,ET050293,16.0,16.0
ET050293,Jigjiga town,ET0502,Fafan,ET05,Somali,ET,2004,10,17,ETH,ET050293,8.5,8.5
ET050293,Jigjiga town,ET0502,Fafan,ET05,Somali,ET,2005,1,8,ETH,ET050293,4.0,4.0
ET050293,Jigjiga town,ET0502,Fafan,ET05,Somali,ET,2005,4,31,ETH,ET050293,15.5,15.5
ET050293,Jigjiga town,ET0502,Fafan,ET05,Somali,ET,2005,6,135,ETH,ET050293,67.5,67.5
ET050293,Jigjiga town,ET0502,Fafan,ET05,Somali,ET,2005,7,8,ETH,ET050293,4.0,4.0
ET050293,Jigjiga town,ET0502,Fafan,ET05,Somali,ET,2005,9,40,ETH,ET050293,20.0,20.0
ET050293,Jigjiga town,ET0502,Fafan,ET05,Somali,ET,2005,10,66,ETH,ET050293,33.0,33.0
ET050293,Jigjiga town,ET0502,Fafan,ET05,Somali,ET,2005,11,0,ETH,ET050293,0.0,0.0
ET050293,Jigjiga town,ET0502,Fafan,ET05,Somali,ET,2006,1,0,ETH,ET050293,0.0,0.0
ET050293,Jigjiga town,ET0502,Fafan,ET05,Somali,ET,2006,4,0,ETH,ET050293,0.0,0.0
ET050293,Jigjiga town,ET0502,Fafan,ET05,Somali,ET,2006,5,0,ETH,ET050293,0.0,0.0
ET050293,Jigjiga town,ET0502,Fafan,ET05,Somali,ET,2006,9,5,ETH,ET050293,2.5,2.5
ET050293,Jigjiga town,ET0502,Fafan,ET05,Somali,ET,2006,11,0,ETH,ET050293,0.0,0.0
ET050293,Jigjiga town,ET0502,Fafan,ET05,Somali,ET,2006,12,2,ETH,ET050293,1.0,1.0
ET050293,Jigjiga town,ET0502,Fafan,ET05,Somali,ET,2007,4,0,ETH,ET050293,0.0,0.0
ET050293,Jigjiga town,ET0502,Fafan,ET05,Somali,ET,2007,6,1,ETH,ET050293,0.5,0.5
ET050293,Jigjiga town,ET0502,Fafan,ET05,Somali,ET,2007,7,0,ETH,ET050293,0.0,0.0
ET050293,Jigjiga town,ET0502,Fafan,ET05,Somali,ET,2007,8,22,ETH,ET050293,11.0,11.0
ET050293,Jigjiga town,ET0502,Fafan,ET05,Somali,ET,2007,9,0,ETH,ET050293,0.0,0.0
ET050293,Jigjiga town,ET0502,Fafan,ET05,Somali,ET,2007,10,269,ETH,ET050293,134.5,134.5
ET050293,Jigjiga town,ET0502,Fafan,ET05,Somali,ET,2007,11,100,ETH,ET050293,50.0,50.0
ET050293,Jigjiga town,ET0502,Fafan,ET05,Somali,ET,2008,1,0,ETH,ET050293,0.0,0.0
ET050293,Jigjiga town,ET0502,Fafan,ET05,Somali,ET,2008,2,37,ETH,ET050293,18.5,18.5
ET050293,Jigjiga town,ET0502,Fafan,ET05,Somali,ET,2008,4,0,ETH,ET050293,0.0,0.0
ET050293,Jigjiga town,ET0502,Fafan,ET05,Somali,ET,2008,7,0,ETH,ET050293,0.0,0.0
ET050293,Jigjiga town,ET0502,Fafan,ET05,Somali,ET,2008,9,0,ETH,ET050293,0.0,0.0
ET050293,Jigjiga town,ET0502,Fafan,ET05,Somali,ET,2008,10,3,ETH,ET050293,1.5,1.5
ET050293,Jigjiga town,ET0502,Fafan,ET05,Somali,ET,2008,12,0,ETH,ET050293,0.0,0.0
ET050293,Jigjiga town,ET0502,Fafan,ET05,Somali,ET,2009,3,0,ETH,ET050293,0.0,0.0
ET050293,Jigjiga town,ET0502,Fafan,ET05,Somali,ET,2009,6,57,ETH,ET050293,28.5,28.5
ET050293,Jigjiga town,ET0502,Fafan,ET05,Somali,ET,2009,7,50,ETH,ET050293,25.0,25.0
ET050293,Jigjiga town,ET0502,Fafan,ET05,Somali,ET,2009,8,2,ETH,ET050293,1.0,1.0
ET050293,Jigjiga town,ET0502,Fafan,ET05,Somali,ET,2009,9,14,ETH,ET050293,7.0,7.0
ET050293,Jigjiga town,ET0502,Fafan,ET05,Somali,ET,2009,10,74,ETH,ET050293,37.0,37.0
ET050293,Jigjiga town,ET0502,Fafan,ET05,Somali,ET,2009,11,481,ETH,ET050293,240.5,240.5
ET050293,Jigjiga town,ET0502,Fafan,ET05,Somali,ET,2010,2,0,ETH,ET050293,0.0,0.0
ET050293,Jigjiga town,ET0502,Fafan,ET05,Somali,ET,2010,3,0,ETH,ET050293,0.0,0.0
ET050293,Jigjiga town,ET0502,Fafan,ET05,Somali,ET,2010,5,224,ETH,ET050293,112.0,112.0
ET050293,Jigjiga town,ET0502,Fafan,ET05,Somali,ET,2010,6,0,ETH,ET050293,0.0,0.0
ET050293,Jigjiga town,ET0502,Fafan,ET05,Somali,ET,2010,7,17,ETH,ET050293,8.5,8.5
ET050293,Jigjiga town,ET0502,Fafan,ET05,Somali,ET,2010,8,22,ETH,ET050293,11.0,11.0
ET050293,Jigjiga town,ET0502,Fafan,ET05,Somali,ET,2010,9,181,ETH,ET050293,90.5,90.5
ET050293,Jigjiga town,ET0502,Fafan,ET05,Somali,ET,2010,10,3,ETH,ET050293,1.5,1.5
ET050293,Jigjiga town,ET0502,Fafan,ET05,Somali,ET,2010,11,30,ETH,ET050293,15.0,15.0
ET050293,Jigjiga town,ET0502,Fafan,ET05,Somali,ET,2011,5,100,ETH,ET050293,50.0,50.0
ET050293,Jigjiga town,ET0502,Fafan,ET05,Somali,ET,2011,6,15,ETH,ET050293,7.5,7.5
ET050293,Jigjiga town,ET0502,Fafan,ET05,Somali,ET,2011,8,0,ETH,ET050293,0.0,0.0
ET050293,Jigjiga town,ET0502,Fafan,ET05,Somali,ET,2011,9,25,ETH,ET050293,12.5,12.5
ET050293,Jigjiga town,ET0502,Fafan,ET05,Somali,ET,2011,10,87,ETH,ET050293,43.5,43.5
ET050293,Jigjiga town,ET0502,Fafan,ET05,Somali,ET,2011,11,1,ETH,ET050293,0.5,0.5
ET050293,Jigjiga town,ET0502,Fafan,ET05,Somali,ET,2011,12,9,ETH,ET050293,4.5,4.5
ET050293,Jigjiga town,ET0502,Fafan,ET05,Somali,ET,2012,2,1,ETH,ET050293,0.5,0.5
ET050293,Jigjiga town,ET0502,Fafan,ET05,Somali,ET,2012,4,5,ETH,ET050293,2.5,2.5
ET050293,Jigjiga town,ET0502,Fafan,ET05,Somali,ET,2012,5,19,ETH,ET050293,9.5,9.5
ET050293,Jigjiga town,ET0502,Fafan,ET05,Somali,ET,2012,7,21,ETH,ET050293,10.5,10.5
ET050293,Jigjiga town,ET0502,Fafan,ET05,Somali,ET,2012,9,55,ETH,ET050293,27.5,27.5
ET050293,Jigjiga town,ET0502,Fafan,ET05,Somali,ET,2012,10,0,ETH,ET050293,0.0,0.0
ET050293,Jigjiga town,ET0502,Fafan,ET05,Somali,ET,2012,11,8,ETH,ET050293,4.0,4.0
ET050293,Jigjiga town,ET0502,Fafan,ET05,Somali,ET,2012,12,3,ETH,ET050293,1.5,1.5
ET050293,Jigjiga town,ET0502,Fafan,ET05,Somali,ET,2013,11,21,ETH,ET050293,10.5,10.5
ET050293,Jigjiga town,ET0502,Fafan,ET05,Somali,ET,2013,12,45,ETH,ET050293,22.5,22.5
ET050293,Jigjiga town,ET0502,Fafan,ET05,Somali,ET,2015,12,0,ETH,ET050293,0.0,0.0
ET050293,Jigjiga town,ET0502,Fafan,ET05,Somali,ET,2016,3,0,ETH,ET050293,0.0,0.0
ET050293,Jigjiga town,ET0502,Fafan,ET05,Somali,ET,2016,6,0,ETH,ET050293,0.0,0.0
ET050293,Jigjiga town,ET0502,Fafan,ET05,Somali,ET,2016,10,1,ETH,ET050293,0.5,0.5
ET050293,Jigjiga town,ET0502,Fafan,ET05,Somali,ET,2017,3,0,ETH,ET050293,0.0,0.0
ET050293,Jigjiga town,ET0502,Fafan,ET05,Somali,ET,2017,9,1,ETH,ET050293,0.5,0.5
ET050293,Jigjiga town,ET0502,Fafan,ET05,Somali,ET,2017,10,0,ETH,ET050293,0.0,0.0
ET050293,Jigjiga town,ET0502,Fafan,ET05,Somali,ET,2017,11,11,ETH,ET050293,5.5,5.5
ET050293,Jigjiga town,ET0502,Fafan,ET05,Somali,ET,2018,4,0,ETH,ET050293,0.0,0.0
ET050293,Jigjiga town,ET0502,Fafan,ET05,Somali,ET,2018,5,2,ETH,ET050293,1.0,1.0
ET050293,Jigjiga town,ET0502,Fafan,ET05,Somali,ET,2018,6,0,ETH,ET050293,0.0,0.0
ET050293,Jigjiga town,ET0502,Fafan,ET05,Somali,ET,2018,7,3,ETH,ET050293,1.5,1.5
ET050293,Jigjiga town,ET0502,Fafan,ET05,Somali,ET,2018,8,33,ETH,ET050293,16.5,16.5
ET050293,Jigjiga town,ET0502,Fafan,ET05,Somali,ET,2018,9,0,ETH,ET050293,0.0,0.0
ET050293,Jigjiga town,ET0502,Fafan,ET05,Somali,ET,2018,10,3,ETH,ET050293,1.5,1.5
ET050293,Jigjiga town,ET0502,Fafan,ET05,Somali,ET,2018,11,0,ETH,ET050293,0.0,0.0
ET050293,Jigjiga town,ET0502,Fafan,ET05,Somali,ET,2019,1,0,ETH,ET050293,0.0,0.0
ET050293,Jigjiga town,ET0502,Fafan,ET05,Somali,ET,2019,2,0,ETH,ET050293,0.0,0.0
ET050293,Jigjiga town,ET0502,Fafan,ET05,Somali,ET,2019,5,0,ETH,ET050293,0.0,0.0
ET050293,Jigjiga town,ET0502,Fafan,ET05,Somali,ET,2019,8,1,ETH,ET050293,0.5,0.5
ET050293,Jigjiga town,ET0502,Fafan,ET05,Somali,ET,2019,10,0,ETH,ET050293,0.0,0.0
ET050293,Jigjiga town,ET0502,Fafan,ET05,Somali,ET,2019,12,0,ETH,ET050293,0.0,0.0
ET050293,Jigjiga town,ET0502,Fafan,ET05,Somali,ET,2020,1,0,ETH,ET050293,0.0,0.0
ET050293,Jigjiga town,ET0502,Fafan,ET05,Somali,ET,2020,2,1,ETH,ET050293,0.5,0.5
ET050293,Jigjiga town,ET0502,Fafan,ET05,Somali,ET,2020,4,0,ETH,ET050293,0.0,0.0
ET050293,Jigjiga town,ET0502,Fafan,ET05,Somali,ET,2020,6,0,ETH,ET050293,0.0,0.0
ET050293,Jigjiga town,ET0502,Fafan,ET05,Somali,ET,2021,4,0,ETH,ET050293,0.0,0.0
ET050293,Jigjiga town,ET0502,Fafan,ET05,Somali,ET,2021,6,0,ETH,ET050293,0.0,0.0
ET050293,Jigjiga town,ET0502,Fafan,ET05,Somali,ET,2021,7,0,ETH,ET050293,0.0,0.0
ET050293,Jigjiga town,ET0502,Fafan,ET05,Somali,ET,2021,11,0,ETH,ET050293,0.0,0.0
ET050293,Jigjiga town,ET0502,Fafan,ET05,Somali,ET,2022,4,0,ETH,ET050293,0.0,0.0
ET050293,Jigjiga town,ET0502,Fafan,ET05,Somali,ET,2022,10,1,ETH,ET050293,0.5,0.5
ET050293,Jigjiga town,ET0502,Fafan,ET05,Somali,ET,2023,8,0,ETH,ET050293,0.0,0.0
ET050293,Jigjiga town,ET0502,Fafan,ET05,Somali,ET,2023,12,0,ETH,ET050293,0.0,0.0
ET050293,Jigjiga town,ET0502,Fafan,ET05,Somali,ET,2024,11,0,ETH,ET050293,0.0,0.0
ET050293,Jigjiga town,ET0502,Fafan,ET05,Somali,ET,2024,12,0,ETH,ET050293,0.0,0.0
ET050293,Jigjiga town,ET0502,Fafan,ET05,Somali,ET,2025,4,0,ETH,ET050293,0.0,0.0
ET050293,Jigjiga town,ET0502,Fafan,ET05,Somali,ET,2025,5,0,ETH,ET050293,0.0,0.0
ET050293,Jigjiga town,ET0502,Fafan,ET05,Somali,ET,2025,6,0,ETH,ET050293,0.0,0.0
ET050293,Jigjiga town,ET0502,Fafan,ET05,Somali,ET,2025,8,0,ETH,ET050293,0.0,0.0
ET050293,Jigjiga town,ET0502,Fafan,ET05,Somali,ET,2025,9,0,ETH,ET050293,0.0,0.0
ET050295,Wajale town,ET0502,Fafan,ET05,Somali,ET,2016,5,0,ETH,ET050295,0.0,0.0
ET050295,Wajale town,ET0502,Fafan,ET05,Somali,ET,2018,5,3,ETH,ET050295,1.5,1.5
ET050295,Wajale town,ET0502,Fafan,ET05,Somali,ET,2018,8,0,ETH,ET050295,0.0,0.0
ET050295,Wajale town,ET0502,Fafan,ET05,Somali,ET,2024,7,0,ETH,ET050295,0.0,0.0
ET050296,Kebribayah town,ET0502,Fafan,ET05,Somali,ET,2002,5,0,ETH,ET050296,0.0,0.0
ET050296,Kebribayah town,ET0502,Fafan,ET05,Somali,ET,2010,8,0,ETH,ET050296,0.0,0.0
ET050296,Kebribayah town,ET0502,Fafan,ET05,Somali,ET,2011,9,0,ETH,ET050296,0.0,0.0
ET050296,Kebribayah town,ET0502,Fafan,ET05,Somali,ET,2013,12,5,ETH,ET050296,2.5,2.5
ET050297,Koran /Mulla,ET0502,Fafan,ET05,Somali,ET,2010,4,30,ETH,ET050297,15.0,15.0
ET050297,Koran /Mulla,ET0502,Fafan,ET05,Somali,ET,2010,8,0,ETH,ET050297,0.0,0.0
ET050298,Haroreys,ET0502,Fafan,ET05,Somali,ET,2002,3,20,ETH,ET050298,10.0,10.0
ET050298,Haroreys,ET0502,Fafan,ET05,Somali,ET,2002,7,27,ETH,ET050298,13.5,13.5
ET050298,Haroreys,ET0502,Fafan,ET05,Somali,ET,2002,8,9,ETH,ET050298,4.5,4.5
ET050298,Haroreys,ET0502,Fafan,ET05,Somali,ET,2004,4,2,ETH,ET050298,1.0,1.0
ET050298,Haroreys,ET0502,Fafan,ET05,Somali,ET,2011,8,0,ETH,ET050298,0.0,0.0
ET050298,Haroreys,ET0502,Fafan,ET05,Somali,ET,2016,9,10,ETH,ET050298,5.0,5.0
ET050298,Haroreys,ET0502,Fafan,ET05,Somali,ET,2025,7,0,ETH,ET050298,0.0,0.0
ET050299,Harawo,ET0502,Fafan,ET05,Somali,ET,1999,10,24,ETH,ET050299,12.0,12.0
ET050301,Degehamedo,ET0503,Jarar,ET05,Somali,ET,2002,4,0,ETH,ET050301,0.0,0.0
ET050301,Degehamedo,ET0503,Jarar,ET05,Somali,ET,2003,8,11,ETH,ET050301,5.5,5.5
ET050301,Degehamedo,ET0503,Jarar,ET05,Somali,ET,2004,8,50,ETH,ET050301,25.0,25.0
ET050301,Degehamedo,ET0503,Jarar,ET05,Somali,ET,2010,1,21,ETH,ET050301,10.5,10.5
ET050301,Degehamedo,ET0503,Jarar,ET05,Somali,ET,2011,8,0,ETH,ET050301,0.0,0.0
ET050301,Degehamedo,ET0503,Jarar,ET05,Somali,ET,2011,12,0,ETH,ET050301,0.0,0.0
ET050301,Degehamedo,ET0503,Jarar,ET05,Somali,ET,2014,1,7,ETH,ET050301,3.5,3.5
ET050301,Degehamedo,ET0503,Jarar,ET05,Somali,ET,2015,8,4,ETH,ET050301,2.0,2.0
ET050301,Degehamedo,ET0503,Jarar,ET05,Somali,ET,2022,11,9,ETH,ET050301,4.5,4.5
ET050302,Degehabur,ET0503,Jarar,ET05,Somali,ET,2003,2,4,ETH,ET050302,2.0,2.0
ET050302,Degehabur,ET0503,Jarar,ET05,Somali,ET,2003,4,7,ETH,ET050302,3.5,3.5
ET050302,Degehabur,ET0503,Jarar,ET05,Somali,ET,2012,12,10,ETH,ET050302,5.0,5.0
ET050303,Aware,ET0503,Jarar,ET05,Somali,ET,2000,3,99,ETH,ET050303,49.5,49.5
ET050303,Aware,ET0503,Jarar,ET05,Somali,ET,2002,10,60,ETH,ET050303,30.0,30.0
ET050303,Aware,ET0503,Jarar,ET05,Somali,ET,2003,1,9,ETH,ET050303,4.5,4.5
ET050303,Aware,ET0503,Jarar,ET05,Somali,ET,2003,2,9,ETH,ET050303,4.5,4.5
ET050303,Aware,ET0503,Jarar,ET05,Somali,ET,2003,4,8,ETH,ET050303,4.0,4.0
ET050303,Aware,ET0503,Jarar,ET05,Somali,ET,2003,10,2,ETH,ET050303,1.0,1.0
ET050303,Aware,ET0503,Jarar,ET05,Somali,ET,2003,11,30,ETH,ET050303,15.0,15.0
ET050303,Aware,ET0503,Jarar,ET05,Somali,ET,2006,9,0,ETH,ET050303,0.0,0.0
ET050303,Aware,ET0503,Jarar,ET05,Somali,ET,2008,10,0,ETH,ET050303,0.0,0.0
ET050303,Aware,ET0503,Jarar,ET05,Somali,ET,2010,7,5,ETH,ET050303,2.5,2.5
ET050303,Aware,ET0503,Jarar,ET05,Somali,ET,2011,9,4,ETH,ET050303,2.0,2.0
ET050303,Aware,ET0503,Jarar,ET05,Somali,ET,2012,2,0,ETH,ET050303,0.0,0.0
ET050303,Aware,ET0503,Jarar,ET05,Somali,ET,2012,10,5,ETH,ET050303,2.5,2.5
ET050303,Aware,ET0503,Jarar,ET05,Somali,ET,2012,12,11,ETH,ET050303,5.5,5.5
ET050303,Aware,ET0503,Jarar,ET05,Somali,ET,2013,9,7,ETH,ET050303,3.5,3.5
ET050303,Aware,ET0503,Jarar,ET05,Somali,ET,2013,10,3,ETH,ET050303,1.5,1.5
ET050303,Aware,ET0503,Jarar,ET05,Somali,ET,2015,8,23,ETH,ET050303,11.5,11.5
ET050303,Aware,ET0503,Jarar,ET05,Somali,ET,2015,9,4,ETH,ET050303,2.0,2.0
ET050303,Aware,ET0503,Jarar,ET05,Somali,ET,2015,10,10,ETH,ET050303,5.0,5.0
ET050303,Aware,ET0503,Jarar,ET05,Somali,ET,2016,2,5,ETH,ET050303,2.5,2.5
ET050303,Aware,ET0503,Jarar,ET05,Somali,ET,2016,5,10,ETH,ET050303,5.0,5.0
ET050304,Gashamo,ET0503,Jarar,ET05,Somali,ET,1998,4,0,ETH,ET050304,0.0,0.0
ET050304,Gashamo,ET0503,Jarar,ET05,Somali,ET,1998,5,87,ETH,ET050304,43.5,43.5
ET050304,Gashamo,ET0503,Jarar,ET05,Somali,ET,1999,4,0,ETH,ET050304,0.0,0.0
ET050304,Gashamo,ET0503,Jarar,ET05,Somali,ET,2002,5,100,ETH,ET050304,50.0,50.0
ET050304,Gashamo,ET0503,Jarar,ET05,Somali,ET,2007,7,256,ETH,ET050304,128.0,128.0
ET050304,Gashamo,ET0503,Jarar,ET05,Somali,ET,2007,8,22,ETH,ET050304,11.0,11.0
ET050304,Gashamo,ET0503,Jarar,ET05,Somali,ET,2008,1,0,ETH,ET050304,0.0,0.0
ET050304,Gashamo,ET0503,Jarar,ET05,Somali,ET,2008,2,0,ETH,ET050304,0.0,0.0
ET050304,Gashamo,ET0503,Jarar,ET05,Somali,ET,2008,12,0,ETH,ET050304,0.0,0.0
ET050304,Gashamo,ET0503,Jarar,ET05,Somali,ET,2009,2,1,ETH,ET050304,0.5,0.5
ET050304,Gashamo,ET0503,Jarar,ET05,Somali,ET,2009,6,2,ETH,ET050304,1.0,1.0
ET050304,Gashamo,ET0503,Jarar,ET05,Somali,ET,2009,7,2,ETH,ET050304,1.0,1.0
ET050304,Gashamo,ET0503,Jarar,ET05,Somali,ET,2010,4,1,ETH,ET050304,0.5,0.5
ET050304,Gashamo,ET0503,Jarar,ET05,Somali,ET,2010,9,0,ETH,ET050304,0.0,0.0
ET050304,Gashamo,ET0503,Jarar,ET05,Somali,ET,2011,1,0,ETH,ET050304,0.0,0.0
ET050304,Gashamo,ET0503,Jarar,ET05,Somali,ET,2012,2,5,ETH,ET050304,2.5,2.5
ET050304,Gashamo,ET0503,Jarar,ET05,Somali,ET,2012,3,20,ETH,ET050304,10.0,10.0
ET050304,Gashamo,ET0503,Jarar,ET05,Somali,ET,2014,5,0,ETH,ET050304,0.0,0.0
ET050304,Gashamo,ET0503,Jarar,ET05,Somali,ET,2016,6,27,ETH,ET050304,13.5,13.5
ET050304,Gashamo,ET0503,Jarar,ET05,Somali,ET,2023,12,0,ETH,ET050304,0.0,0.0
ET050305,Gunagado,ET0503,Jarar,ET05,Somali,ET,2002,10,9,ETH,ET050305,4.5,4.5
ET050305,Gunagado,ET0503,Jarar,ET05,Somali,ET,2010,3,5,ETH,ET050305,2.5,2.5
ET050305,Gunagado,ET0503,Jarar,ET05,Somali,ET,2010,4,69,ETH,ET050305,34.5,34.5
ET050305,Gunagado,ET0503,Jarar,ET05,Somali,ET,2013,1,25,ETH,ET050305,12.5,12.5
ET050305,Gunagado,ET0503,Jarar,ET05,Somali,ET,2014,6,10,ETH,ET050305,5.0,5.0
ET050306,Bilcil-Bur,ET0503,Jarar,ET05,Somali,ET,2011,8,0,ETH,ET050306,0.0,0.0
ET050306,Bilcil-Bur,ET0503,Jarar,ET05,Somali,ET,2012,5,98,ETH,ET050306,49.0,49.0
ET050307,Degahabur town,ET0503,Jarar,ET05,Somali,ET,1997,9,2,ETH,ET050307,1.0,1.0
ET050307,Degahabur town,ET0503,Jarar,ET05,Somali,ET,1998,6,0,ETH,ET050307,0.0,0.0
ET050307,Degahabur town,ET0503,Jarar,ET05,Somali,ET,1998,11,0,ETH,ET050307,0.0,0.0
ET050307,Degahabur town,ET0503,Jarar,ET05,Somali,ET,1999,7,0,ETH,ET050307,0.0,0.0
ET050307,Degahabur town,ET0503,Jarar,ET05,Somali,ET,2000,3,98,ETH,ET050307,49.0,49.0
ET050307,Degahabur town,ET0503,Jarar,ET05,Somali,ET,2000,12,17,ETH,ET050307,8.5,8.5
ET050307,Degahabur town,ET0503,Jarar,ET05,Somali,ET,2002,4,13,ETH,ET050307,6.5,6.5
ET050307,Degahabur town,ET0503,Jarar,ET05,Somali,ET,2002,5,36,ETH,ET050307,18.0,18.0
ET050307,Degahabur town,ET0503,Jarar,ET05,Somali,ET,2002,6,23,ETH,ET050307,11.5,11.5
ET050307,Degahabur town,ET0503,Jarar,ET05,Somali,ET,2002,7,13,ETH,ET050307,6.5,6.5
ET050307,Degahabur town,ET0503,Jarar,ET05,Somali,ET,2002,8,30,ETH,ET050307,15.0,15.0
ET050307,Degahabur town,ET0503,Jarar,ET05,Somali,ET,2002,10,65,ETH,ET050307,32.5,32.5
ET050307,Degahabur town,ET0503,Jarar,ET05,Somali,ET,2002,11,50,ETH,ET050307,25.0,25.0
ET050307,Degahabur town,ET0503,Jarar,ET05,Somali,ET,2002,12,26,ETH,ET050307,13.0,13.0
ET050307,Degahabur town,ET0503,Jarar,ET05,Somali,ET,2003,1,4,ETH,ET050307,2.0,2.0
ET050307,Degahabur town,ET0503,Jarar,ET05,Somali,ET,2003,2,45,ETH,ET050307,22.5,22.5
ET050307,Degahabur town,ET0503,Jarar,ET05,Somali,ET,2003,4,14,ETH,ET050307,7.0,7.0
ET050307,Degahabur town,ET0503,Jarar,ET05,Somali,ET,2003,5,22,ETH,ET050307,11.0,11.0
ET050307,Degahabur town,ET0503,Jarar,ET05,Somali,ET,2003,8,6,ETH,ET050307,3.0,3.0
ET050307,Degahabur town,ET0503,Jarar,ET05,Somali,ET,2003,9,12,ETH,ET050307,6.0,6.0
ET050307,Degahabur town,ET0503,Jarar,ET05,Somali,ET,2003,12,3,ETH,ET050307,1.5,1.5
ET050307,Degahabur town,ET0503,Jarar,ET05,Somali,ET,2004,2,7,ETH,ET050307,3.5,3.5
ET050307,Degahabur town,ET0503,Jarar,ET05,Somali,ET,2004,3,0,ETH,ET050307,0.0,0.0
ET050307,Degahabur town,ET0503,Jarar,ET05,Somali,ET,2004,4,15,ETH,ET050307,7.5,7.5
ET050307,Degahabur town,ET0503,Jarar,ET05,Somali,ET,2004,5,5,ETH,ET050307,2.5,2.5
ET050307,Degahabur town,ET0503,Jarar,ET05,Somali,ET,2004,6,8,ETH,ET050307,4.0,4.0
ET050307,Degahabur town,ET0503,Jarar,ET05,Somali,ET,2004,7,35,ETH,ET050307,17.5,17.5
ET050307,Degahabur town,ET0503,Jarar,ET05,Somali,ET,2004,10,5,ETH,ET050307,2.5,2.5
ET050307,Degahabur town,ET0503,Jarar,ET05,Somali,ET,2004,11,12,ETH,ET050307,6.0,6.0
ET050307,Degahabur town,ET0503,Jarar,ET05,Somali,ET,2005,1,4,ETH,ET050307,2.0,2.0
ET050307,Degahabur town,ET0503,Jarar,ET05,Somali,ET,2005,7,1,ETH,ET050307,0.5,0.5
ET050307,Degahabur town,ET0503,Jarar,ET05,Somali,ET,2005,9,7,ETH,ET050307,3.5,3.5
ET050307,Degahabur town,ET0503,Jarar,ET05,Somali,ET,2005,11,0,ETH,ET050307,0.0,0.0
ET050307,Degahabur town,ET0503,Jarar,ET05,Somali,ET,2007,6,0,ETH,ET050307,0.0,0.0
ET050307,Degahabur town,ET0503,Jarar,ET05,Somali,ET,2009,6,57,ETH,ET050307,28.5,28.5
ET050307,Degahabur town,ET0503,Jarar,ET05,Somali,ET,2010,1,0,ETH,ET050307,0.0,0.0
ET050307,Degahabur town,ET0503,Jarar,ET05,Somali,ET,2010,3,5,ETH,ET050307,2.5,2.5
ET050307,Degahabur town,ET0503,Jarar,ET05,Somali,ET,2010,4,2,ETH,ET050307,1.0,1.0
ET050307,Degahabur town,ET0503,Jarar,ET05,Somali,ET,2010,5,18,ETH,ET050307,9.0,9.0
ET050307,Degahabur town,ET0503,Jarar,ET05,Somali,ET,2010,7,0,ETH,ET050307,0.0,0.0
ET050307,Degahabur town,ET0503,Jarar,ET05,Somali,ET,2010,8,15,ETH,ET050307,7.5,7.5
ET050307,Degahabur town,ET0503,Jarar,ET05,Somali,ET,2010,10,4,ETH,ET050307,2.0,2.0
ET050307,Degahabur town,ET0503,Jarar,ET05,Somali,ET,2010,11,35,ETH,ET050307,17.5,17.5
ET050307,Degahabur town,ET0503,Jarar,ET05,Somali,ET,2011,8,0,ETH,ET050307,0.0,0.0
ET050307,Degahabur town,ET0503,Jarar,ET05,Somali,ET,2011,9,69,ETH,ET050307,34.5,34.5
ET050307,Degahabur town,ET0503,Jarar,ET05,Somali,ET,2011,11,12,ETH,ET050307,6.0,6.0
ET050307,Degahabur town,ET0503,Jarar,ET05,Somali,ET,2012,2,30,ETH,ET050307,15.0,15.0
ET050307,Degahabur town,ET0503,Jarar,ET05,Somali,ET,2012,4,12,ETH,ET050307,6.0,6.0
ET050307,Degahabur town,ET0503,Jarar,ET05,Somali,ET,2012,5,18,ETH,ET050307,9.0,9.0
ET050307,Degahabur town,ET0503,Jarar,ET05,Somali,ET,2012,6,0,ETH,ET050307,0.0,0.0
ET050307,Degahabur town,ET0503,Jarar,ET05,Somali,ET,2012,10,0,ETH,ET050307,0.0,0.0
ET050307,Degahabur town,ET0503,Jarar,ET05,Somali,ET,2012,12,73,ETH,ET050307,36.5,36.5
ET050307,Degahabur town,ET0503,Jarar,ET05,Somali,ET,2013,7,4,ETH,ET050307,2.0,2.0
ET050307,Degahabur town,ET0503,Jarar,ET05,Somali,ET,2014,6,5,ETH,ET050307,2.5,2.5
ET050307,Degahabur town,ET0503,Jarar,ET05,Somali,ET,2015,8,18,ETH,ET050307,9.0,9.0
ET050307,Degahabur town,ET0503,Jarar,ET05,Somali,ET,2015,11,15,ETH,ET050307,7.5,7.5
ET050307,Degahabur town,ET0503,Jarar,ET05,Somali,ET,2016,1,7,ETH,ET050307,3.5,3.5
ET050307,Degahabur town,ET0503,Jarar,ET05,Somali,ET,2016,9,10,ETH,ET050307,5.0,5.0
ET050307,Degahabur town,ET0503,Jarar,ET05,Somali,ET,2018,1,11,ETH,ET050307,5.5,5.5
ET050307,Degahabur town,ET0503,Jarar,ET05,Somali,ET,2018,4,0,ETH,ET050307,0.0,0.0
ET050307,Degahabur town,ET0503,Jarar,ET05,Somali,ET,2020,3,0,ETH,ET050307,0.0,0.0
ET050307,Degahabur town,ET0503,Jarar,ET05,Somali,ET,2020,8,1,ETH,ET050307,0.5,0.5
ET050307,Degahabur town,ET0503,Jarar,ET05,Somali,ET,2021,7,0,ETH,ET050307,0.0,0.0
ET050307,Degahabur town,ET0503,Jarar,ET05,Somali,ET,2023,8,1,ETH,ET050307,0.5,0.5
ET050382,Yocale,ET0503,Jarar,ET05,Somali,ET,2024,12,3,ETH,ET050382,1.5,1.5
ET050392,Daror,ET0503,Jarar,ET05,Somali,ET,1997,9,2,ETH,ET050392,1.0,1.0
ET050392,Daror,ET0503,Jarar,ET05,Somali,ET,2012,3,0,ETH,ET050392,0.0,0.0
ET050394,Burqod,ET0503,Jarar,ET05,Somali,ET,2000,6,13,ETH,ET050394,6.5,6.5
ET050394,Burqod,ET0503,Jarar,ET05,Somali,ET,2003,1,7,ETH,ET050394,3.5,3.5
ET050394,Burqod,ET0503,Jarar,ET05,Somali,ET,2003,10,3,ETH,ET050394,1.5,1.5
ET050394,Burqod,ET0503,Jarar,ET05,Somali,ET,2004,7,4,ETH,ET050394,2.0,2.0
ET050394,Burqod,ET0503,Jarar,ET05,Somali,ET,2004,12,4,ETH,ET050394,2.0,2.0
ET050394,Burqod,ET0503,Jarar,ET05,Somali,ET,2009,10,10,ETH,ET050394,5.0,5.0
ET050394,Burqod,ET0503,Jarar,ET05,Somali,ET,2010,8,5,ETH,ET050394,2.5,2.5
ET050394,Burqod,ET0503,Jarar,ET05,Somali,ET,2012,5,50,ETH,ET050394,25.0,25.0
ET050394,Burqod,ET0503,Jarar,ET05,Somali,ET,2014,6,5,ETH,ET050394,2.5,2.5
ET050394,Burqod,ET0503,Jarar,ET05,Somali,ET,2017,4,17,ETH,ET050394,8.5,8.5
ET050394,Burqod,ET0503,Jarar,ET05,Somali,ET,2019,9,0,ETH,ET050394,0.0,0.0
ET050399,Dig,ET0503,Jarar,ET05,Somali,ET,2002,10,10,ETH,ET050399,5.0,5.0
ET050399,Dig,ET0503,Jarar,ET05,Somali,ET,2004,4,11,ETH,ET050399,5.5,5.5
ET050399,Dig,ET0503,Jarar,ET05,Somali,ET,2012,6,0,ETH,ET050399,0.0,0.0
ET050399,Dig,ET0503,Jarar,ET05,Somali,ET,2015,8,4,ETH,ET050399,2.0,2.0
ET050399,Dig,ET0503,Jarar,ET05,Somali,ET,2016,3,5,ETH,ET050399,2.5,2.5
ET050399,Dig,ET0503,Jarar,ET05,Somali,ET,2016,9,6,ETH,ET050399,3.0,3.0
ET050402,Fik,ET0504,Erer,ET05,Somali,ET,2002,8,21,ETH,ET050402,10.5,10.5
ET050402,Fik,ET0504,Erer,ET05,Somali,ET,2003,9,1,ETH,ET050402,0.5,0.5
ET050402,Fik,ET0504,Erer,ET05,Somali,ET,2004,7,5,ETH,ET050402,2.5,2.5
ET050402,Fik,ET0504,Erer,ET05,Somali,ET,2005,1,0,ETH,ET050402,0.0,0.0
ET050402,Fik,ET0504,Erer,ET05,Somali,ET,2005,7,0,ETH,ET050402,0.0,0.0
ET050402,Fik,ET0504,Erer,ET05,Somali,ET,2005,10,24,ETH,ET050402,12.0,12.0
ET050402,Fik,ET0504,Erer,ET05,Somali,ET,2008,1,0,ETH,ET050402,0.0,0.0
ET050402,Fik,ET0504,Erer,ET05,Somali,ET,2009,2,166,ETH,ET050402,83.0,83.0
ET050402,Fik,ET0504,Erer,ET05,Somali,ET,2009,11,10,ETH,ET050402,5.0,5.0
ET050402,Fik,ET0504,Erer,ET05,Somali,ET,2012,12,3,ETH,ET050402,1.5,1.5
ET050402,Fik,ET0504,Erer,ET05,Somali,ET,2013,12,11,ETH,ET050402,5.5,5.5
ET050402,Fik,ET0504,Erer,ET05,Somali,ET,2014,6,5,ETH,ET050402,2.5,2.5
ET050402,Fik,ET0504,Erer,ET05,Somali,ET,2015,8,28,ETH,ET050402,14.0,14.0
ET050402,Fik,ET0504,Erer,ET05,Somali,ET,2015,10,17,ETH,ET050402,8.5,8.5
ET050402,Fik,ET0504,Erer,ET05,Somali,ET,2015,11,16,ETH,ET050402,8.0,8.0
ET050402,Fik,ET0504,Erer,ET05,Somali,ET,2016,3,5,ETH,ET050402,2.5,2.5
ET050402,Fik,ET0504,Erer,ET05,Somali,ET,2016,9,3,ETH,ET050402,1.5,1.5
ET050402,Fik,ET0504,Erer,ET05,Somali,ET,2021,10,1,ETH,ET050402,0.5,0.5
ET050499,Wangey,ET0504,Erer,ET05,Somali,ET,2002,8,25,ETH,ET050499,12.5,12.5
ET050499,Wangey,ET0504,Erer,ET05,Somali,ET,2005,10,4,ETH,ET050499,2.0,2.0
ET050499,Wangey,ET0504,Erer,ET05,Somali,ET,2009,11,80,ETH,ET050499,40.0,40.0
ET050499,Wangey,ET0504,Erer,ET05,Somali,ET,2010,7,6,ETH,ET050499,3.0,3.0
ET050499,Wangey,ET0504,Erer,ET05,Somali,ET,2011,2,0,ETH,ET050499,0.0,0.0
ET050499,Wangey,ET0504,Erer,ET05,Somali,ET,2012,12,3,ETH,ET050499,1.5,1.5
ET050499,Wangey,ET0504,Erer,ET05,Somali,ET,2014,6,5,ETH,ET050499,2.5,2.5
ET050499,Wangey,ET0504,Erer,ET05,Somali,ET,2017,6,10,ETH,ET050499,5.0,5.0
ET050501,Shaygosh,ET0505,Korahe,ET05,Somali,ET,1998,7,0,ETH,ET050501,0.0,0.0
ET050501,Shaygosh,ET0505,Korahe,ET05,Somali,ET,2002,12,25,ETH,ET050501,12.5,12.5
ET050501,Shaygosh,ET0505,Korahe,ET05,Somali,ET,2003,10,4,ETH,ET050501,2.0,2.0
ET050501,Shaygosh,ET0505,Korahe,ET05,Somali,ET,2003,11,4,ETH,ET050501,2.0,2.0
ET050501,Shaygosh,ET0505,Korahe,ET05,Somali,ET,2009,11,83,ETH,ET050501,41.5,41.5
ET050501,Shaygosh,ET0505,Korahe,ET05,Somali,ET,2013,12,4,ETH,ET050501,2.0,2.0
ET050502,Kebridehar,ET0505,Korahe,ET05,Somali,ET,2002,3,4,ETH,ET050502,2.0,2.0
ET050502,Kebridehar,ET0505,Korahe,ET05,Somali,ET,2002,4,15,ETH,ET050502,7.5,7.5
ET050502,Kebridehar,ET0505,Korahe,ET05,Somali,ET,2002,7,13,ETH,ET050502,6.5,6.5
ET050502,Kebridehar,ET0505,Korahe,ET05,Somali,ET,2002,11,5,ETH,ET050502,2.5,2.5
ET050502,Kebridehar,ET0505,Korahe,ET05,Somali,ET,2002,12,9,ETH,ET050502,4.5,4.5
ET050502,Kebridehar,ET0505,Korahe,ET05,Somali,ET,2003,1,6,ETH,ET050502,3.0,3.0
ET050502,Kebridehar,ET0505,Korahe,ET05,Somali,ET,2003,2,17,ETH,ET050502,8.5,8.5
ET050502,Kebridehar,ET0505,Korahe,ET05,Somali,ET,2003,11,8,ETH,ET050502,4.0,4.0
ET050502,Kebridehar,ET0505,Korahe,ET05,Somali,ET,2003,12,6,ETH,ET050502,3.0,3.0
ET050502,Kebridehar,ET0505,Korahe,ET05,Somali,ET,2004,2,5,ETH,ET050502,2.5,2.5
ET050502,Kebridehar,ET0505,Korahe,ET05,Somali,ET,2004,4,12,ETH,ET050502,6.0,6.0
ET050502,Kebridehar,ET0505,Korahe,ET05,Somali,ET,2004,5,3,ETH,ET050502,1.5,1.5
ET050502,Kebridehar,ET0505,Korahe,ET05,Somali,ET,2004,8,80,ETH,ET050502,40.0,40.0
ET050502,Kebridehar,ET0505,Korahe,ET05,Somali,ET,2004,10,2,ETH,ET050502,1.0,1.0
ET050502,Kebridehar,ET0505,Korahe,ET05,Somali,ET,2005,4,0,ETH,ET050502,0.0,0.0
ET050502,Kebridehar,ET0505,Korahe,ET05,Somali,ET,2005,6,7,ETH,ET050502,3.5,3.5
ET050502,Kebridehar,ET0505,Korahe,ET05,Somali,ET,2005,7,3,ETH,ET050502,1.5,1.5
ET050502,Kebridehar,ET0505,Korahe,ET05,Somali,ET,2009,6,6,ETH,ET050502,3.0,3.0
ET050502,Kebridehar,ET0505,Korahe,ET05,Somali,ET,2009,9,8,ETH,ET050502,4.0,4.0
ET050502,Kebridehar,ET0505,Korahe,ET05,Somali,ET,2009,10,15,ETH,ET050502,7.5,7.5
ET050502,Kebridehar,ET0505,Korahe,ET05,Somali,ET,2010,3,7,ETH,ET050502,3.5,3.5
ET050502,Kebridehar,ET0505,Korahe,ET05,Somali,ET,2010,4,42,ETH,ET050502,21.0,21.0
ET050502,Kebridehar,ET0505,Korahe,ET05,Somali,ET,2010,7,29,ETH,ET050502,14.5,14.5
ET050502,Kebridehar,ET0505,Korahe,ET05,Somali,ET,2010,8,7,ETH,ET050502,3.5,3.5
ET050502,Kebridehar,ET0505,Korahe,ET05,Somali,ET,2013,7,0,ETH,ET050502,0.0,0.0
ET050502,Kebridehar,ET0505,Korahe,ET05,Somali,ET,2020,1,1,ETH,ET050502,0.5,0.5
ET050503,Shilabo,ET0505,Korahe,ET05,Somali,ET,2000,6,13,ETH,ET050503,6.5,6.5
ET050503,Shilabo,ET0505,Korahe,ET05,Somali,ET,2005,4,41,ETH,ET050503,20.5,20.5
ET050503,Shilabo,ET0505,Korahe,ET05,Somali,ET,2005,5,40,ETH,ET050503,20.0,20.0
ET050503,Shilabo,ET0505,Korahe,ET05,Somali,ET,2005,6,6,ETH,ET050503,3.0,3.0
ET050503,Shilabo,ET0505,Korahe,ET05,Somali,ET,2007,7,290,ETH,ET050503,145.0,145.0
ET050503,Shilabo,ET0505,Korahe,ET05,Somali,ET,2008,2,0,ETH,ET050503,0.0,0.0
ET050503,Shilabo,ET0505,Korahe,ET05,Somali,ET,2009,10,15,ETH,ET050503,7.5,7.5
ET050503,Shilabo,ET0505,Korahe,ET05,Somali,ET,2010,7,3,ETH,ET050503,1.5,1.5
ET050503,Shilabo,ET0505,Korahe,ET05,Somali,ET,2010,8,22,ETH,ET050503,11.0,11.0
ET050503,Shilabo,ET0505,Korahe,ET05,Somali,ET,2011,3,0,ETH,ET050503,0.0,0.0
ET050503,Shilabo,ET0505,Korahe,ET05,Somali,ET,2011,10,0,ETH,ET050503,0.0,0.0
ET050503,Shilabo,ET0505,Korahe,ET05,Somali,ET,2015,10,6,ETH,ET050503,3.0,3.0
ET050503,Shilabo,ET0505,Korahe,ET05,Somali,ET,2015,11,7,ETH,ET050503,3.5,3.5
ET050503,Shilabo,ET0505,Korahe,ET05,Somali,ET,2018,1,3,ETH,ET050503,1.5,1.5
ET050503,Shilabo,ET0505,Korahe,ET05,Somali,ET,2021,6,2,ETH,ET050503,1.0,1.0
ET050503,Shilabo,ET0505,Korahe,ET05,Somali,ET,2021,9,4,ETH,ET050503,2.0,2.0
ET050503,Shilabo,ET0505,Korahe,ET05,Somali,ET,2022,4,5,ETH,ET050503,2.5,2.5
ET050503,Shilabo,ET0505,Korahe,ET05,Somali,ET,2022,8,10,ETH,ET050503,5.0,5.0
ET050503,Shilabo,ET0505,Korahe,ET05,Somali,ET,2022,12,2,ETH,ET050503,1.0,1.0
ET050503,Shilabo,ET0505,Korahe,ET05,Somali,ET,2023,9,14,ETH,ET050503,7.0,7.0
ET050503,Shilabo,ET0505,Korahe,ET05,Somali,ET,2025,7,10,ETH,ET050503,5.0,5.0
ET050592,Kebridehar town,ET0505,Korahe,ET05,Somali,ET,1999,10,24,ETH,ET050592,12.0,12.0
ET050592,Kebridehar town,ET0505,Korahe,ET05,Somali,ET,2001,1,5,ETH,ET050592,2.5,2.5
ET050592,Kebridehar town,ET0505,Korahe,ET05,Somali,ET,2002,6,8,ETH,ET050592,4.0,4.0
ET050592,Kebridehar town,ET0505,Korahe,ET05,Somali,ET,2002,7,5,ETH,ET050592,2.5,2.5
ET050592,Kebridehar town,ET0505,Korahe,ET05,Somali,ET,2002,8,25,ETH,ET050592,12.5,12.5
ET050592,Kebridehar town,ET0505,Korahe,ET05,Somali,ET,2002,9,0,ETH,ET050592,0.0,0.0
ET050592,Kebridehar town,ET0505,Korahe,ET05,Somali,ET,2002,11,6,ETH,ET050592,3.0,3.0
ET050592,Kebridehar town,ET0505,Korahe,ET05,Somali,ET,2003,1,5,ETH,ET050592,2.5,2.5
ET050592,Kebridehar town,ET0505,Korahe,ET05,Somali,ET,2003,9,3,ETH,ET050592,1.5,1.5
ET050592,Kebridehar town,ET0505,Korahe,ET05,Somali,ET,2003,10,2,ETH,ET050592,1.0,1.0
ET050592,Kebridehar town,ET0505,Korahe,ET05,Somali,ET,2003,12,4,ETH,ET050592,2.0,2.0
ET050592,Kebridehar town,ET0505,Korahe,ET05,Somali,ET,2004,2,4,ETH,ET050592,2.0,2.0
ET050592,Kebridehar town,ET0505,Korahe,ET05,Somali,ET,2004,3,4,ETH,ET050592,2.0,2.0
ET050592,Kebridehar town,ET0505,Korahe,ET05,Somali,ET,2004,4,12,ETH,ET050592,6.0,6.0
ET050592,Kebridehar town,ET0505,Korahe,ET05,Somali,ET,2005,1,5,ETH,ET050592,2.5,2.5
ET050592,Kebridehar town,ET0505,Korahe,ET05,Somali,ET,2005,4,0,ETH,ET050592,0.0,0.0
ET050592,Kebridehar town,ET0505,Korahe,ET05,Somali,ET,2005,9,2,ETH,ET050592,1.0,1.0
ET050592,Kebridehar town,ET0505,Korahe,ET05,Somali,ET,2005,10,144,ETH,ET050592,72.0,72.0
ET050592,Kebridehar town,ET0505,Korahe,ET05,Somali,ET,2005,11,36,ETH,ET050592,18.0,18.0
ET050592,Kebridehar town,ET0505,Korahe,ET05,Somali,ET,2008,9,0,ETH,ET050592,0.0,0.0
ET050592,Kebridehar town,ET0505,Korahe,ET05,Somali,ET,2008,12,12,ETH,ET050592,6.0,6.0
ET050592,Kebridehar town,ET0505,Korahe,ET05,Somali,ET,2009,6,57,ETH,ET050592,28.5,28.5
ET050592,Kebridehar town,ET0505,Korahe,ET05,Somali,ET,2009,12,1,ETH,ET050592,0.5,0.5
ET050592,Kebridehar town,ET0505,Korahe,ET05,Somali,ET,2010,7,0,ETH,ET050592,0.0,0.0
ET050592,Kebridehar town,ET0505,Korahe,ET05,Somali,ET,2010,12,3,ETH,ET050592,1.5,1.5
ET050592,Kebridehar town,ET0505,Korahe,ET05,Somali,ET,2011,2,1,ETH,ET050592,0.5,0.5
ET050592,Kebridehar town,ET0505,Korahe,ET05,Somali,ET,2011,8,0,ETH,ET050592,0.0,0.0
ET050592,Kebridehar town,ET0505,Korahe,ET05,Somali,ET,2011,12,7,ETH,ET050592,3.5,3.5
ET050592,Kebridehar town,ET0505,Korahe,ET05,Somali,ET,2012,2,10,ETH,ET050592,5.0,5.0
ET050592,Kebridehar town,ET0505,Korahe,ET05,Somali,ET,2012,4,1,ETH,ET050592,0.5,0.5
ET050592,Kebridehar town,ET0505,Korahe,ET05,Somali,ET,2012,6,1,ETH,ET050592,0.5,0.5
ET050592,Kebridehar town,ET0505,Korahe,ET05,Somali,ET,2012,9,0,ETH,ET050592,0.0,0.0
ET050592,Kebridehar town,ET0505,Korahe,ET05,Somali,ET,2012,12,19,ETH,ET050592,9.5,9.5
ET050592,Kebridehar town,ET0505,Korahe,ET05,Somali,ET,2013,1,25,ETH,ET050592,12.5,12.5
ET050592,Kebridehar town,ET0505,Korahe,ET05,Somali,ET,2013,12,6,ETH,ET050592,3.0,3.0
ET050592,Kebridehar town,ET0505,Korahe,ET05,Somali,ET,2014,6,50,ETH,ET050592,25.0,25.0
ET050592,Kebridehar town,ET0505,Korahe,ET05,Somali,ET,2015,8,7,ETH,ET050592,3.5,3.5
ET050592,Kebridehar town,ET0505,Korahe,ET05,Somali,ET,2015,9,6,ETH,ET050592,3.0,3.0
ET050592,Kebridehar town,ET0505,Korahe,ET05,Somali,ET,2016,3,3,ETH,ET050592,1.5,1.5
ET050592,Kebridehar town,ET0505,Korahe,ET05,Somali,ET,2016,8,0,ETH,ET050592,0.0,0.0
ET050592,Kebridehar town,ET0505,Korahe,ET05,Somali,ET,2016,9,6,ETH,ET050592,3.0,3.0
ET050592,Kebridehar town,ET0505,Korahe,ET05,Somali,ET,2016,12,6,ETH,ET050592,3.0,3.0
ET050592,Kebridehar town,ET0505,Korahe,ET05,Somali,ET,2018,5,1,ETH,ET050592,0.5,0.5
ET050592,Kebridehar town,ET0505,Korahe,ET05,Somali,ET,2020,3,0,ETH,ET050592,0.0,0.0
ET050592,Kebridehar town,ET0505,Korahe,ET05,Somali,ET,2020,6,0,ETH,ET050592,0.0,0.0
ET050592,Kebridehar town,ET0505,Korahe,ET05,Somali,ET,2021,7,0,ETH,ET050592,0.0,0.0
ET050592,Kebridehar town,ET0505,Korahe,ET05,Somali,ET,2022,12,0,ETH,ET050592,0.0,0.0
ET050592,Kebridehar town,ET0505,Korahe,ET05,Somali,ET,2023,6,5,ETH,ET050592,2.5,2.5
ET050599,Bodaley,ET0505,Korahe,ET05,Somali,ET,2010,8,10,ETH,ET050599,5.0,5.0
ET050599,Bodaley,ET0505,Korahe,ET05,Somali,ET,2010,9,24,ETH,ET050599,12.0,12.0
ET050599,Bodaley,ET0505,Korahe,ET05,Somali,ET,2013,11,2,ETH,ET050599,1.0,1.0
ET050602,Adadle,ET0506,Shabelle,ET05,Somali,ET,2009,10,0,ETH,ET050602,0.0,0.0
ET050602,Adadle,ET0506,Shabelle,ET05,Somali,ET,2010,4,9,ETH,ET050602,4.5,4.5
ET050603,Danan,ET0506,Shabelle,ET05,Somali,ET,2004,8,4,ETH,ET050603,2.0,2.0
ET050603,Danan,ET0506,Shabelle,ET05,Somali,ET,2005,10,0,ETH,ET050603,0.0,0.0
ET050603,Danan,ET0506,Shabelle,ET05,Somali,ET,2005,12,0,ETH,ET050603,0.0,0.0
ET050603,Danan,ET0506,Shabelle,ET05,Somali,ET,2009,1,0,ETH,ET050603,0.0,0.0
ET050603,Danan,ET0506,Shabelle,ET05,Somali,ET,2009,9,0,ETH,ET050603,0.0,0.0
ET050603,Danan,ET0506,Shabelle,ET05,Somali,ET,2009,10,10,ETH,ET050603,5.0,5.0
ET050603,Danan,ET0506,Shabelle,ET05,Somali,ET,2010,8,22,ETH,ET050603,11.0,11.0
ET050603,Danan,ET0506,Shabelle,ET05,Somali,ET,2011,9,3,ETH,ET050603,1.5,1.5
ET050603,Danan,ET0506,Shabelle,ET05,Somali,ET,2014,2,1,ETH,ET050603,0.5,0.5
ET050603,Danan,ET0506,Shabelle,ET05,Somali,ET,2014,6,5,ETH,ET050603,2.5,2.5
ET050603,Danan,ET0506,Shabelle,ET05,Somali,ET,2015,10,4,ETH,ET050603,2.0,2.0
ET050603,Danan,ET0506,Shabelle,ET05,Somali,ET,2016,5,25,ETH,ET050603,12.5,12.5
ET050603,Danan,ET0506,Shabelle,ET05,Somali,ET,2016,8,7,ETH,ET050603,3.5,3.5
ET050603,Danan,ET0506,Shabelle,ET05,Somali,ET,2016,9,3,ETH,ET050603,1.5,1.5
ET050603,Danan,ET0506,Shabelle,ET05,Somali,ET,2025,8,4,ETH,ET050603,2.0,2.0
ET050606,Mustahil,ET0506,Shabelle,ET05,Somali,ET,2007,6,4,ETH,ET050606,2.0,2.0
ET050606,Mustahil,ET0506,Shabelle,ET05,Somali,ET,2009,3,49,ETH,ET050606,24.5,24.5
ET050606,Mustahil,ET0506,Shabelle,ET05,Somali,ET,2009,5,0,ETH,ET050606,0.0,0.0
ET050606,Mustahil,ET0506,Shabelle,ET05,Somali,ET,2009,6,10,ETH,ET050606,5.0,5.0
ET050606,Mustahil,ET0506,Shabelle,ET05,Somali,ET,2013,12,8,ETH,ET050606,4.0,4.0
ET050606,Mustahil,ET0506,Shabelle,ET05,Somali,ET,2014,6,13,ETH,ET050606,6.5,6.5
ET050606,Mustahil,ET0506,Shabelle,ET05,Somali,ET,2021,7,1,ETH,ET050606,0.5,0.5
ET050607,Ferfer,ET0506,Shabelle,ET05,Somali,ET,2005,4,21,ETH,ET050607,10.5,10.5
ET050607,Ferfer,ET0506,Shabelle,ET05,Somali,ET,2010,4,34,ETH,ET050607,17.0,17.0
ET050607,Ferfer,ET0506,Shabelle,ET05,Somali,ET,2022,7,85,ETH,ET050607,42.5,42.5
ET050608,Berocano,ET0506,Shabelle,ET05,Somali,ET,2002,12,4,ETH,ET050608,2.0,2.0
ET050696,Godey town,ET0506,Shabelle,ET05,Somali,ET,1998,6,0,ETH,ET050696,0.0,0.0
ET050696,Godey town,ET0506,Shabelle,ET05,Somali,ET,1999,5,47,ETH,ET050696,23.5,23.5
ET050696,Godey town,ET0506,Shabelle,ET05,Somali,ET,1999,7,40,ETH,ET050696,20.0,20.0
ET050696,Godey town,ET0506,Shabelle,ET05,Somali,ET,2001,1,0,ETH,ET050696,0.0,0.0
ET050696,Godey town,ET0506,Shabelle,ET05,Somali,ET,2001,6,23,ETH,ET050696,11.5,11.5
ET050696,Godey town,ET0506,Shabelle,ET05,Somali,ET,2002,12,0,ETH,ET050696,0.0,0.0
ET050696,Godey town,ET0506,Shabelle,ET05,Somali,ET,2003,10,3,ETH,ET050696,1.5,1.5
ET050696,Godey town,ET0506,Shabelle,ET05,Somali,ET,2004,4,8,ETH,ET050696,4.0,4.0
ET050696,Godey town,ET0506,Shabelle,ET05,Somali,ET,2004,7,3,ETH,ET050696,1.5,1.5
ET050696,Godey town,ET0506,Shabelle,ET05,Somali,ET,2005,6,0,ETH,ET050696,0.0,0.0
ET050696,Godey town,ET0506,Shabelle,ET05,Somali,ET,2009,3,0,ETH,ET050696,0.0,0.0
ET050696,Godey town,ET0506,Shabelle,ET05,Somali,ET,2010,1,0,ETH,ET050696,0.0,0.0
ET050696,Godey town,ET0506,Shabelle,ET05,Somali,ET,2010,6,0,ETH,ET050696,0.0,0.0
ET050696,Godey town,ET0506,Shabelle,ET05,Somali,ET,2010,8,22,ETH,ET050696,11.0,11.0
ET050696,Godey town,ET0506,Shabelle,ET05,Somali,ET,2012,9,2,ETH,ET050696,1.0,1.0
ET050696,Godey town,ET0506,Shabelle,ET05,Somali,ET,2014,6,50,ETH,ET050696,25.0,25.0
ET050696,Godey town,ET0506,Shabelle,ET05,Somali,ET,2017,5,11,ETH,ET050696,5.5,5.5
ET050696,Godey town,ET0506,Shabelle,ET05,Somali,ET,2020,5,1,ETH,ET050696,0.5,0.5
ET050696,Godey town,ET0506,Shabelle,ET05,Somali,ET,2020,7,3,ETH,ET050696,1.5,1.5
ET050696,Godey town,ET0506,Shabelle,ET05,Somali,ET,2021,2,0,ETH,ET050696,0.0,0.0
ET050696,Godey town,ET0506,Shabelle,ET05,Somali,ET,2021,7,0,ETH,ET050696,0.0,0.0
ET050698,Elale,ET0506,Shabelle,ET05,Somali,ET,2010,5,0,ETH,ET050698,0.0,0.0
ET050699,Aba-Korow,ET0506,Shabelle,ET05,Somali,ET,2008,6,0,ETH,ET050699,0.0,0.0
ET050699,Aba-Korow,ET0506,Shabelle,ET05,Somali,ET,2010,1,2,ETH,ET050699,1.0,1.0
ET050699,Aba-Korow,ET0506,Shabelle,ET05,Somali,ET,2015,10,10,ETH,ET050699,5.0,5.0
ET050701,Danod,ET0507,Doolo,ET05,Somali,ET,2002,4,7,ETH,ET050701,3.5,3.5
ET050701,Danod,ET0507,Doolo,ET05,Somali,ET,2003,2,6,ETH,ET050701,3.0,3.0
ET050701,Danod,ET0507,Doolo,ET05,Somali,ET,2010,1,0,ETH,ET050701,0.0,0.0
ET050701,Danod,ET0507,Doolo,ET05,Somali,ET,2010,4,3,ETH,ET050701,1.5,1.5
ET050701,Danod,ET0507,Doolo,ET05,Somali,ET,2013,7,5,ETH,ET050701,2.5,2.5
ET050701,Danod,ET0507,Doolo,ET05,Somali,ET,2016,5,10,ETH,ET050701,5.0,5.0
ET050703,Galadi,ET0507,Doolo,ET05,Somali,ET,2024,11,1,ETH,ET050703,0.5,0.5
ET050704,Warder,ET0507,Doolo,ET05,Somali,ET,2000,6,13,ETH,ET050704,6.5,6.5
ET050704,Warder,ET0507,Doolo,ET05,Somali,ET,2000,12,17,ETH,ET050704,8.5,8.5
ET050704,Warder,ET0507,Doolo,ET05,Somali,ET,2003,11,9,ETH,ET050704,4.5,4.5
ET050704,Warder,ET0507,Doolo,ET05,Somali,ET,2004,7,10,ETH,ET050704,5.0,5.0
ET050704,Warder,ET0507,Doolo,ET05,Somali,ET,2004,10,14,ETH,ET050704,7.0,7.0
ET050704,Warder,ET0507,Doolo,ET05,Somali,ET,2004,12,40,ETH,ET050704,20.0,20.0
ET050704,Warder,ET0507,Doolo,ET05,Somali,ET,2005,1,0,ETH,ET050704,0.0,0.0
ET050704,Warder,ET0507,Doolo,ET05,Somali,ET,2005,6,15,ETH,ET050704,7.5,7.5
ET050704,Warder,ET0507,Doolo,ET05,Somali,ET,2005,10,0,ETH,ET050704,0.0,0.0
ET050704,Warder,ET0507,Doolo,ET05,Somali,ET,2007,6,0,ETH,ET050704,0.0,0.0
ET050704,Warder,ET0507,Doolo,ET05,Somali,ET,2007,10,153,ETH,ET050704,76.5,76.5
ET050704,Warder,ET0507,Doolo,ET05,Somali,ET,2008,12,0,ETH,ET050704,0.0,0.0
ET050704,Warder,ET0507,Doolo,ET05,Somali,ET,2009,2,13,ETH,ET050704,6.5,6.5
ET050704,Warder,ET0507,Doolo,ET05,Somali,ET,2009,7,2,ETH,ET050704,1.0,1.0
ET050704,Warder,ET0507,Doolo,ET05,Somali,ET,2010,1,3,ETH,ET050704,1.5,1.5
ET050704,Warder,ET0507,Doolo,ET05,Somali,ET,2011,9,4,ETH,ET050704,2.0,2.0
ET050704,Warder,ET0507,Doolo,ET05,Somali,ET,2012,9,14,ETH,ET050704,7.0,7.0
ET050704,Warder,ET0507,Doolo,ET05,Somali,ET,2012,12,5,ETH,ET050704,2.5,2.5
ET050704,Warder,ET0507,Doolo,ET05,Somali,ET,2013,7,11,ETH,ET050704,5.5,5.5
ET050704,Warder,ET0507,Doolo,ET05,Somali,ET,2015,9,17,ETH,ET050704,8.5,8.5
ET050704,Warder,ET0507,Doolo,ET05,Somali,ET,2016,8,15,ETH,ET050704,7.5,7.5
ET050704,Warder,ET0507,Doolo,ET05,Somali,ET,2018,12,22,ETH,ET050704,11.0,11.0
ET050704,Warder,ET0507,Doolo,ET05,Somali,ET,2020,2,0,ETH,ET050704,0.0,0.0
ET050704,Warder,ET0507,Doolo,ET05,Somali,ET,2020,4,0,ETH,ET050704,0.0,0.0
ET050704,Warder,ET0507,Doolo,ET05,Somali,ET,2021,2,0,ETH,ET050704,0.0,0.0
ET050704,Warder,ET0507,Doolo,ET05,Somali,ET,2022,3,10,ETH,ET050704,5.0,5.0
ET050704,Warder,ET0507,Doolo,ET05,Somali,ET,2024,6,3,ETH,ET050704,1.5,1.5
ET050704,Warder,ET0507,Doolo,ET05,Somali,ET,2024,9,6,ETH,ET050704,3.0,3.0
ET050704,Warder,ET0507,Doolo,ET05,Somali,ET,2025,7,4,ETH,ET050704,2.0,2.0
ET050802,Charati,ET0508,Afder,ET05,Somali,ET,1999,8,53,ETH,ET050802,26.5,26.5
ET050804,Elkare /Serer,ET0508,Afder,ET05,Somali,ET,1999,7,16,ETH,ET050804,8.0,8.0
ET050804,Elkare /Serer,ET0508,Afder,ET05,Somali,ET,2000,7,17,ETH,ET050804,8.5,8.5
ET050804,Elkare /Serer,ET0508,Afder,ET05,Somali,ET,2002,4,8,ETH,ET050804,4.0,4.0
ET050804,Elkare /Serer,ET0508,Afder,ET05,Somali,ET,2002,7,6,ETH,ET050804,3.0,3.0
ET050804,Elkare /Serer,ET0508,Afder,ET05,Somali,ET,2002,11,3,ETH,ET050804,1.5,1.5
ET050804,Elkare /Serer,ET0508,Afder,ET05,Somali,ET,2002,12,0,ETH,ET050804,0.0,0.0
ET050804,Elkare /Serer,ET0508,Afder,ET05,Somali,ET,2004,6,3,ETH,ET050804,1.5,1.5
ET050804,Elkare /Serer,ET0508,Afder,ET05,Somali,ET,2016,1,4,ETH,ET050804,2.0,2.0
ET050804,Elkare /Serer,ET0508,Afder,ET05,Somali,ET,2016,3,38,ETH,ET050804,19.0,19.0
ET050804,Elkare /Serer,ET0508,Afder,ET05,Somali,ET,2016,4,9,ETH,ET050804,4.5,4.5
ET050804,Elkare /Serer,ET0508,Afder,ET05,Somali,ET,2016,6,10,ETH,ET050804,5.0,5.0
ET050804,Elkare /Serer,ET0508,Afder,ET05,Somali,ET,2022,7,3,ETH,ET050804,1.5,1.5
ET050805,West Imi,ET0508,Afder,ET05,Somali,ET,2002,7,7,ETH,ET050805,3.5,3.5
ET050805,West Imi,ET0508,Afder,ET05,Somali,ET,2003,9,1,ETH,ET050805,0.5,0.5
ET050805,West Imi,ET0508,Afder,ET05,Somali,ET,2004,1,0,ETH,ET050805,0.0,0.0
ET050805,West Imi,ET0508,Afder,ET05,Somali,ET,2004,7,9,ETH,ET050805,4.5,4.5
ET050805,West Imi,ET0508,Afder,ET05,Somali,ET,2012,12,6,ETH,ET050805,3.0,3.0
ET050806,Hargele,ET0508,Afder,ET05,Somali,ET,2003,8,14,ETH,ET050806,7.0,7.0
ET050806,Hargele,ET0508,Afder,ET05,Somali,ET,2009,3,25,ETH,ET050806,12.5,12.5
ET050806,Hargele,ET0508,Afder,ET05,Somali,ET,2020,5,5,ETH,ET050806,2.5,2.5
ET050806,Hargele,ET0508,Afder,ET05,Somali,ET,2021,7,0,ETH,ET050806,0.0,0.0
ET050806,Hargele,ET0508,Afder,ET05,Somali,ET,2022,7,126,ETH,ET050806,63.0,63.0
ET050806,Hargele,ET0508,Afder,ET05,Somali,ET,2023,7,0,ETH,ET050806,0.0,0.0
ET050806,Hargele,ET0508,Afder,ET05,Somali,ET,2025,7,0,ETH,ET050806,0.0,0.0
ET050807,Barey,ET0508,Afder,ET05,Somali,ET,2002,4,3,ETH,ET050807,1.5,1.5
ET050807,Barey,ET0508,Afder,ET05,Somali,ET,2002,7,11,ETH,ET050807,5.5,5.5
ET050809,Raso,ET0508,Afder,ET05,Somali,ET,2020,9,5,ETH,ET050809,2.5,2.5
ET050901,Filtu,ET0509,Liban,ET05,Somali,ET,1999,1,15,ETH,ET050901,7.5,7.5
ET050901,Filtu,ET0509,Liban,ET05,Somali,ET,2002,4,30,ETH,ET050901,15.0,15.0
ET050901,Filtu,ET0509,Liban,ET05,Somali,ET,2002,10,20,ETH,ET050901,10.0,10.0
ET050901,Filtu,ET0509,Liban,ET05,Somali,ET,2003,11,0,ETH,ET050901,0.0,0.0
ET050901,Filtu,ET0509,Liban,ET05,Somali,ET,2007,10,0,ETH,ET050901,0.0,0.0
ET050901,Filtu,ET0509,Liban,ET05,Somali,ET,2011,2,5,ETH,ET050901,2.5,2.5
ET050901,Filtu,ET0509,Liban,ET05,Somali,ET,2011,9,4,ETH,ET050901,2.0,2.0
ET050901,Filtu,ET0509,Liban,ET05,Somali,ET,2013,7,13,ETH,ET050901,6.5,6.5
ET050901,Filtu,ET0509,Liban,ET05,Somali,ET,2020,6,4,ETH,ET050901,2.0,2.0
ET050901,Filtu,ET0509,Liban,ET05,Somali,ET,2020,8,4,ETH,ET050901,2.0,2.0
ET050901,Filtu,ET0509,Liban,ET05,Somali,ET,2020,11,4,ETH,ET050901,2.0,2.0
ET050901,Filtu,ET0509,Liban,ET05,Somali,ET,2021,7,0,ETH,ET050901,0.0,0.0
ET050902,Dolo Ado,ET0509,Liban,ET05,Somali,ET,2002,8,7,ETH,ET050902,3.5,3.5
ET050902,Dolo Ado,ET0509,Liban,ET05,Somali,ET,2003,1,6,ETH,ET050902,3.0,3.0
ET050902,Dolo Ado,ET0509,Liban,ET05,Somali,ET,2003,2,3,ETH,ET050902,1.5,1.5
ET050902,Dolo Ado,ET0509,Liban,ET05,Somali,ET,2003,10,7,ETH,ET050902,3.5,3.5
ET050902,Dolo Ado,ET0509,Liban,ET05,Somali,ET,2004,5,0,ETH,ET050902,0.0,0.0
ET050902,Dolo Ado,ET0509,Liban,ET05,Somali,ET,2005,4,0,ETH,ET050902,0.0,0.0
ET050902,Dolo Ado,ET0509,Liban,ET05,Somali,ET,2005,9,9,ETH,ET050902,4.5,4.5
ET050902,Dolo Ado,ET0509,Liban,ET05,Somali,ET,2009,8,1,ETH,ET050902,0.5,0.5
ET050902,Dolo Ado,ET0509,Liban,ET05,Somali,ET,2009,9,4,ETH,ET050902,2.0,2.0
ET050902,Dolo Ado,ET0509,Liban,ET05,Somali,ET,2010,2,0,ETH,ET050902,0.0,0.0
ET050902,Dolo Ado,ET0509,Liban,ET05,Somali,ET,2010,4,68,ETH,ET050902,34.0,34.0
ET050902,Dolo Ado,ET0509,Liban,ET05,Somali,ET,2012,6,0,ETH,ET050902,0.0,0.0
ET050902,Dolo Ado,ET0509,Liban,ET05,Somali,ET,2014,6,15,ETH,ET050902,7.5,7.5
ET050902,Dolo Ado,ET0509,Liban,ET05,Somali,ET,2015,9,6,ETH,ET050902,3.0,3.0
ET050902,Dolo Ado,ET0509,Liban,ET05,Somali,ET,2017,9,3,ETH,ET050902,1.5,1.5
ET050902,Dolo Ado,ET0509,Liban,ET05,Somali,ET,2018,5,3,ETH,ET050902,1.5,1.5
ET050902,Dolo Ado,ET0509,Liban,ET05,Somali,ET,2021,5,2,ETH,ET050902,1.0,1.0
ET050902,Dolo Ado,ET0509,Liban,ET05,Somali,ET,2023,10,0,ETH,ET050902,0.0,0.0
ET050903,Goro Baqaqsa,ET0509,Liban,ET05,Somali,ET,2003,8,4,ETH,ET050903,2.0,2.0
ET050999,Bokolmayo,ET0509,Liban,ET05,Somali,ET,2013,10,0,ETH,ET050999,0.0,0.0
ET051002,Elwayne,ET0510,Nogob,ET05,Somali,ET,2025,6,0,ETH,ET051002,0.0,0.0
ET051003,Garbo,ET0510,Nogob,ET05,Somali,ET,2025,4,0,ETH,ET051003,0.0,0.0
ET051005,Sagag,ET0510,Nogob,ET05,Somali,ET,2010,3,4,ETH,ET051005,2.0,2.0
ET051005,Sagag,ET0510,Nogob,ET05,Somali,ET,2013,7,0,ETH,ET051005,0.0,0.0
ET051005,Sagag,ET0510,Nogob,ET05,Somali,ET,2015,9,10,ETH,ET051005,5.0,5.0
ET051006,Dihun,ET0510,Nogob,ET05,Somali,ET,2005,7,6,ETH,ET051006,3.0,3.0
ET051006,Dihun,ET0510,Nogob,ET05,Somali,ET,2005,9,1,ETH,ET051006,0.5,0.5
ET051006,Dihun,ET0510,Nogob,ET05,Somali,ET,2011,12,7,ETH,ET051006,3.5,3.5
ET051006,Dihun,ET0510,Nogob,ET05,Somali,ET,2012,11,8,ETH,ET051006,4.0,4.0
ET051006,Dihun,ET0510,Nogob,ET05,Somali,ET,2012,12,1,ETH,ET051006,0.5,0.5
ET051006,Dihun,ET0510,Nogob,ET05,Somali,ET,2014,1,14,ETH,ET051006,7.0,7.0
ET051006,Dihun,ET0510,Nogob,ET05,Somali,ET,2014,6,10,ETH,ET051006,5.0,5.0
ET051006,Dihun,ET0510,Nogob,ET05,Somali,ET,2015,10,10,ETH,ET051006,5.0,5.0
ET051006,Dihun,ET0510,Nogob,ET05,Somali,ET,2016,5,20,ETH,ET051006,10.0,10.0
ET051006,Dihun,ET0510,Nogob,ET05,Somali,ET,2016,9,4,ETH,ET051006,2.0,2.0
ET051096,Hararey,ET0510,Nogob,ET05,Somali,ET,2002,7,5,ETH,ET051096,2.5,2.5
ET051104,Hudet,ET0511,Daawa,ET05,Somali,ET,2016,9,0,ETH,ET051104,0.0,0.0
ET051104,Hudet,ET0511,Daawa,ET05,Somali,ET,2025,8,3,ETH,ET051104,1.5,1.5
ET051187,Mubarek,ET0511,Daawa,ET05,Somali,ET,2000,11,8,ETH,ET051187,4.0,4.0
ET051187,Mubarek,ET0511,Daawa,ET05,Somali,ET,2002,4,4,ETH,ET051187,2.0,2.0
ET051187,Mubarek,ET0511,Daawa,ET05,Somali,ET,2004,1,4,ETH,ET051187,2.0,2.0
ET051187,Mubarek,ET0511,Daawa,ET05,Somali,ET,2004,5,6,ETH,ET051187,3.0,3.0
ET051187,Mubarek,ET0511,Daawa,ET05,Somali,ET,2006,4,0,ETH,ET051187,0.0,0.0
ET051187,Mubarek,ET0511,Daawa,ET05,Somali,ET,2006,8,0,ETH,ET051187,0.0,0.0
ET051187,Mubarek,ET0511,Daawa,ET05,Somali,ET,2024,8,3,ETH,ET051187,1.5,1.5
ET051198,Qada Duma,ET0511,Daawa,ET05,Somali,ET,2000,10,31,ETH,ET051198,15.5,15.5
ET051198,Qada Duma,ET0511,Daawa,ET05,Somali,ET,2019,3,1,ETH,ET051198,0.5,0.5
ET060201,Dangur,ET0602,Metekel,ET06,Benishangul Gumz,ET,2019,12,4,ETH,ET060201,2.0,2.0
ET060201,Dangur,ET0602,Metekel,ET06,Benishangul Gumz,ET,2021,4,0,ETH,ET060201,0.0,0.0
ET060201,Dangur,ET0602,Metekel,ET06,Benishangul Gumz,ET,2021,9,17,ETH,ET060201,8.5,8.5
ET060201,Dangur,ET0602,Metekel,ET06,Benishangul Gumz,ET,2021,10,3,ETH,ET060201,1.5,1.5
ET060201,Dangur,ET0602,Metekel,ET06,Benishangul Gumz,ET,2022,4,3,ETH,ET060201,1.5,1.5
ET060201,Dangur,ET0602,Metekel,ET06,Benishangul Gumz,ET,2022,7,2,ETH,ET060201,1.0,1.0
ET060201,Dangur,ET0602,Metekel,ET06,Benishangul Gumz,ET,2022,10,0,ETH,ET060201,0.0,0.0
ET060201,Dangur,ET0602,Metekel,ET06,Benishangul Gumz,ET,2023,2,11,ETH,ET060201,5.5,5.5
ET060201,Dangur,ET0602,Metekel,ET06,Benishangul Gumz,ET,2024,4,1,ETH,ET060201,0.5,0.5
ET060201,Dangur,ET0602,Metekel,ET06,Benishangul Gumz,ET,2025,5,8,ETH,ET060201,4.0,4.0
ET060201,Dangur,ET0602,Metekel,ET06,Benishangul Gumz,ET,2025,6,12,ETH,ET060201,6.0,6.0
ET060202,Guba,ET0602,Metekel,ET06,Benishangul Gumz,ET,2018,9,7,ETH,ET060202,3.5,3.5
ET060202,Guba,ET0602,Metekel,ET06,Benishangul Gumz,ET,2019,6,64,ETH,ET060202,32.0,32.0
ET060202,Guba,ET0602,Metekel,ET06,Benishangul Gumz,ET,2019,7,12,ETH,ET060202,6.0,6.0
ET060202,Guba,ET0602,Metekel,ET06,Benishangul Gumz,ET,2020,7,14,ETH,ET060202,7.0,7.0
ET060202,Guba,ET0602,Metekel,ET06,Benishangul Gumz,ET,2020,8,35,ETH,ET060202,17.5,17.5
ET060202,Guba,ET0602,Metekel,ET06,Benishangul Gumz,ET,2021,1,11,ETH,ET060202,5.5,5.5
ET060202,Guba,ET0602,Metekel,ET06,Benishangul Gumz,ET,2021,2,1,ETH,ET060202,0.5,0.5
ET060202,Guba,ET0602,Metekel,ET06,Benishangul Gumz,ET,2021,4,3,ETH,ET060202,1.5,1.5
ET060202,Guba,ET0602,Metekel,ET06,Benishangul Gumz,ET,2021,5,10,ETH,ET060202,5.0,5.0
ET060202,Guba,ET0602,Metekel,ET06,Benishangul Gumz,ET,2021,8,180,ETH,ET060202,90.0,90.0
ET060202,Guba,ET0602,Metekel,ET06,Benishangul Gumz,ET,2021,9,50,ETH,ET060202,25.0,25.0
ET060202,Guba,ET0602,Metekel,ET06,Benishangul Gumz,ET,2022,3,64,ETH,ET060202,32.0,32.0
ET060202,Guba,ET0602,Metekel,ET06,Benishangul Gumz,ET,2024,6,0,ETH,ET060202,0.0,0.0
ET060202,Guba,ET0602,Metekel,ET06,Benishangul Gumz,ET,2025,8,0,ETH,ET060202,0.0,0.0
ET060203,Wembera,ET0602,Metekel,ET06,Benishangul Gumz,ET,2020,1,8,ETH,ET060203,4.0,4.0
ET060203,Wembera,ET0602,Metekel,ET06,Benishangul Gumz,ET,2020,9,0,ETH,ET060203,0.0,0.0
ET060203,Wembera,ET0602,Metekel,ET06,Benishangul Gumz,ET,2021,1,16,ETH,ET060203,8.0,8.0
ET060203,Wembera,ET0602,Metekel,ET06,Benishangul Gumz,ET,2021,2,13,ETH,ET060203,6.5,6.5
ET060203,Wembera,ET0602,Metekel,ET06,Benishangul Gumz,ET,2021,7,0,ETH,ET060203,0.0,0.0
ET060203,Wembera,ET0602,Metekel,ET06,Benishangul Gumz,ET,2025,7,0,ETH,ET060203,0.0,0.0
ET060204,Mandura,ET0602,Metekel,ET06,Benishangul Gumz,ET,2020,10,12,ETH,ET060204,6.0,6.0
ET060204,Mandura,ET0602,Metekel,ET06,Benishangul Gumz,ET,2020,11,2,ETH,ET060204,1.0,1.0
ET060204,Mandura,ET0602,Metekel,ET06,Benishangul Gumz,ET,2021,3,17,ETH,ET060204,8.5,8.5
ET060204,Mandura,ET0602,Metekel,ET06,Benishangul Gumz,ET,2021,4,17,ETH,ET060204,8.5,8.5
ET060204,Mandura,ET0602,Metekel,ET06,Benishangul Gumz,ET,2021,8,6,ETH,ET060204,3.0,3.0
ET060204,Mandura,ET0602,Metekel,ET06,Benishangul Gumz,ET,2021,10,3,ETH,ET060204,1.5,1.5
ET060204,Mandura,ET0602,Metekel,ET06,Benishangul Gumz,ET,2021,11,23,ETH,ET060204,11.5,11.5
ET060204,Mandura,ET0602,Metekel,ET06,Benishangul Gumz,ET,2022,4,3,ETH,ET060204,1.5,1.5
ET060204,Mandura,ET0602,Metekel,ET06,Benishangul Gumz,ET,2022,10,9,ETH,ET060204,4.5,4.5
ET060204,Mandura,ET0602,Metekel,ET06,Benishangul Gumz,ET,2023,10,10,ETH,ET060204,5.0,5.0
ET060204,Mandura,ET0602,Metekel,ET06,Benishangul Gumz,ET,2023,11,1,ETH,ET060204,0.5,0.5
ET060204,Mandura,ET0602,Metekel,ET06,Benishangul Gumz,ET,2023,12,1,ETH,ET060204,0.5,0.5
ET060204,Mandura,ET0602,Metekel,ET06,Benishangul Gumz,ET,2024,5,1,ETH,ET060204,0.5,0.5
ET060204,Mandura,ET0602,Metekel,ET06,Benishangul Gumz,ET,2025,1,1,ETH,ET060204,0.5,0.5
ET060205,Dibate,ET0602,Metekel,ET06,Benishangul Gumz,ET,2002,8,4,ETH,ET060205,2.0,2.0
ET060205,Dibate,ET0602,Metekel,ET06,Benishangul Gumz,ET,2020,11,56,ETH,ET060205,28.0,28.0
ET060205,Dibate,ET0602,Metekel,ET06,Benishangul Gumz,ET,2020,12,12,ETH,ET060205,6.0,6.0
ET060205,Dibate,ET0602,Metekel,ET06,Benishangul Gumz,ET,2021,1,110,ETH,ET060205,55.0,55.0
ET060205,Dibate,ET0602,Metekel,ET06,Benishangul Gumz,ET,2021,2,42,ETH,ET060205,21.0,21.0
ET060205,Dibate,ET0602,Metekel,ET06,Benishangul Gumz,ET,2021,4,7,ETH,ET060205,3.5,3.5
ET060205,Dibate,ET0602,Metekel,ET06,Benishangul Gumz,ET,2021,6,1,ETH,ET060205,0.5,0.5
ET060205,Dibate,ET0602,Metekel,ET06,Benishangul Gumz,ET,2021,9,0,ETH,ET060205,0.0,0.0
ET060205,Dibate,ET0602,Metekel,ET06,Benishangul Gumz,ET,2021,10,9,ETH,ET060205,4.5,4.5
ET060205,Dibate,ET0602,Metekel,ET06,Benishangul Gumz,ET,2022,1,1,ETH,ET060205,0.5,0.5
ET060205,Dibate,ET0602,Metekel,ET06,Benishangul Gumz,ET,2022,3,7,ETH,ET060205,3.5,3.5
ET060205,Dibate,ET0602,Metekel,ET06,Benishangul Gumz,ET,2022,4,0,ETH,ET060205,0.0,0.0
ET060205,Dibate,ET0602,Metekel,ET06,Benishangul Gumz,ET,2022,5,2,ETH,ET060205,1.0,1.0
ET060205,Dibate,ET0602,Metekel,ET06,Benishangul Gumz,ET,2022,6,21,ETH,ET060205,10.5,10.5
ET060205,Dibate,ET0602,Metekel,ET06,Benishangul Gumz,ET,2022,7,1,ETH,ET060205,0.5,0.5
ET060205,Dibate,ET0602,Metekel,ET06,Benishangul Gumz,ET,2023,5,1,ETH,ET060205,0.5,0.5
ET060205,Dibate,ET0602,Metekel,ET06,Benishangul Gumz,ET,2023,12,3,ETH,ET060205,1.5,1.5
ET060205,Dibate,ET0602,Metekel,ET06,Benishangul Gumz,ET,2024,4,1,ETH,ET060205,0.5,0.5
ET060205,Dibate,ET0602,Metekel,ET06,Benishangul Gumz,ET,2024,5,11,ETH,ET060205,5.5,5.5
ET060205,Dibate,ET0602,Metekel,ET06,Benishangul Gumz,ET,2025,1,2,ETH,ET060205,1.0,1.0
ET060205,Dibate,ET0602,Metekel,ET06,Benishangul Gumz,ET,2025,6,0,ETH,ET060205,0.0,0.0
ET060205,Dibate,ET0602,Metekel,ET06,Benishangul Gumz,ET,2025,7,1,ETH,ET060205,0.5,0.5
ET060205,Dibate,ET0602,Metekel,ET06,Benishangul Gumz,ET,2025,9,7,ETH,ET060205,3.5,3.5
ET060206,Pawe,ET0602,Metekel,ET06,Benishangul Gumz,ET,2020,9,14,ETH,ET060206,7.0,7.0
ET060206,Pawe,ET0602,Metekel,ET06,Benishangul Gumz,ET,2020,11,0,ETH,ET060206,0.0,0.0
ET060206,Pawe,ET0602,Metekel,ET06,Benishangul Gumz,ET,2020,12,342,ETH,ET060206,171.0,171.0
ET060206,Pawe,ET0602,Metekel,ET06,Benishangul Gumz,ET,2021,1,0,ETH,ET060206,0.0,0.0
ET060206,Pawe,ET0602,Metekel,ET06,Benishangul Gumz,ET,2021,4,10,ETH,ET060206,5.0,5.0
ET060206,Pawe,ET0602,Metekel,ET06,Benishangul Gumz,ET,2021,7,12,ETH,ET060206,6.0,6.0
ET060206,Pawe,ET0602,Metekel,ET06,Benishangul Gumz,ET,2021,9,3,ETH,ET060206,1.5,1.5
ET060206,Pawe,ET0602,Metekel,ET06,Benishangul Gumz,ET,2021,11,0,ETH,ET060206,0.0,0.0
ET060206,Pawe,ET0602,Metekel,ET06,Benishangul Gumz,ET,2022,10,0,ETH,ET060206,0.0,0.0
ET060206,Pawe,ET0602,Metekel,ET06,Benishangul Gumz,ET,2022,12,0,ETH,ET060206,0.0,0.0
ET060206,Pawe,ET0602,Metekel,ET06,Benishangul Gumz,ET,2023,5,0,ETH,ET060206,0.0,0.0
ET060206,Pawe,ET0602,Metekel,ET06,Benishangul Gumz,ET,2023,7,9,ETH,ET060206,4.5,4.5
ET060206,Pawe,ET0602,Metekel,ET06,Benishangul Gumz,ET,2023,11,1,ETH,ET060206,0.5,0.5
ET060206,Pawe,ET0602,Metekel,ET06,Benishangul Gumz,ET,2023,12,1,ETH,ET060206,0.5,0.5
ET060206,Pawe,ET0602,Metekel,ET06,Benishangul Gumz,ET,2024,3,2,ETH,ET060206,1.0,1.0
ET060206,Pawe,ET0602,Metekel,ET06,Benishangul Gumz,ET,2024,4,3,ETH,ET060206,1.5,1.5
ET060206,Pawe,ET0602,Metekel,ET06,Benishangul Gumz,ET,2024,5,3,ETH,ET060206,1.5,1.5
ET060206,Pawe,ET0602,Metekel,ET06,Benishangul Gumz,ET,2024,10,3,ETH,ET060206,1.5,1.5
ET060206,Pawe,ET0602,Metekel,ET06,Benishangul Gumz,ET,2024,11,5,ETH,ET060206,2.5,2.5
ET060206,Pawe,ET0602,Metekel,ET06,Benishangul Gumz,ET,2025,1,1,ETH,ET060206,0.5,0.5
ET060206,Pawe,ET0602,Metekel,ET06,Benishangul Gumz,ET,2025,6,0,ETH,ET060206,0.0,0.0
ET060207,Bulen,ET0602,Metekel,ET06,Benishangul Gumz,ET,2020,9,4,ETH,ET060207,2.0,2.0
ET060207,Bulen,ET0602,Metekel,ET06,Benishangul Gumz,ET,2020,11,3,ETH,ET060207,1.5,1.5
ET060207,Bulen,ET0602,Metekel,ET06,Benishangul Gumz,ET,2020,12,207,ETH,ET060207,103.5,103.5
ET060207,Bulen,ET0602,Metekel,ET06,Benishangul Gumz,ET,2021,7,17,ETH,ET060207,8.5,8.5
ET060207,Bulen,ET0602,Metekel,ET06,Benishangul Gumz,ET,2021,8,5,ETH,ET060207,2.5,2.5
ET060207,Bulen,ET0602,Metekel,ET06,Benishangul Gumz,ET,2022,2,3,ETH,ET060207,1.5,1.5
ET060207,Bulen,ET0602,Metekel,ET06,Benishangul Gumz,ET,2022,4,3,ETH,ET060207,1.5,1.5
ET060207,Bulen,ET0602,Metekel,ET06,Benishangul Gumz,ET,2022,6,22,ETH,ET060207,11.0,11.0
ET060207,Bulen,ET0602,Metekel,ET06,Benishangul Gumz,ET,2023,7,0,ETH,ET060207,0.0,0.0
ET060207,Bulen,ET0602,Metekel,ET06,Benishangul Gumz,ET,2025,1,4,ETH,ET060207,2.0,2.0
ET060207,Bulen,ET0602,Metekel,ET06,Benishangul Gumz,ET,2025,2,3,ETH,ET060207,1.5,1.5
ET060207,Bulen,ET0602,Metekel,ET06,Benishangul Gumz,ET,2025,3,3,ETH,ET060207,1.5,1.5
ET060207,Bulen,ET0602,Metekel,ET06,Benishangul Gumz,ET,2025,6,10,ETH,ET060207,5.0,5.0
ET060207,Bulen,ET0602,Metekel,ET06,Benishangul Gumz,ET,2025,9,7,ETH,ET060207,3.5,3.5
ET060301,Menge,ET0603,Assosa,ET06,Benishangul Gumz,ET,2021,7,3,ETH,ET060301,1.5,1.5
ET060301,Menge,ET0603,Assosa,ET06,Benishangul Gumz,ET,2021,11,15,ETH,ET060301,7.5,7.5
ET060301,Menge,ET0603,Assosa,ET06,Benishangul Gumz,ET,2025,3,3,ETH,ET060301,1.5,1.5
ET060302,Kurmuk,ET0603,Assosa,ET06,Benishangul Gumz,ET,2021,8,0,ETH,ET060302,0.0,0.0
ET060302,Kurmuk,ET0603,Assosa,ET06,Benishangul Gumz,ET,2023,10,0,ETH,ET060302,0.0,0.0
ET060302,Kurmuk,ET0603,Assosa,ET06,Benishangul Gumz,ET,2024,4,0,ETH,ET060302,0.0,0.0
ET060302,Kurmuk,ET0603,Assosa,ET06,Benishangul Gumz,ET,2024,7,1,ETH,ET060302,0.5,0.5
ET060302,Kurmuk,ET0603,Assosa,ET06,Benishangul Gumz,ET,2024,8,0,ETH,ET060302,0.0,0.0
ET060303,Assosa,ET0603,Assosa,ET06,Benishangul Gumz,ET,2002,6,0,ETH,ET060303,0.0,0.0
ET060303,Assosa,ET0603,Assosa,ET06,Benishangul Gumz,ET,2003,5,0,ETH,ET060303,0.0,0.0
ET060303,Assosa,ET0603,Assosa,ET06,Benishangul Gumz,ET,2014,5,12,ETH,ET060303,6.0,6.0
ET060303,Assosa,ET0603,Assosa,ET06,Benishangul Gumz,ET,2017,1,18,ETH,ET060303,9.0,9.0
ET060303,Assosa,ET0603,Assosa,ET06,Benishangul Gumz,ET,2017,3,13,ETH,ET060303,6.5,6.5
ET060303,Assosa,ET0603,Assosa,ET06,Benishangul Gumz,ET,2017,10,3,ETH,ET060303,1.5,1.5
ET060303,Assosa,ET0603,Assosa,ET06,Benishangul Gumz,ET,2017,11,2,ETH,ET060303,1.0,1.0
ET060303,Assosa,ET0603,Assosa,ET06,Benishangul Gumz,ET,2017,12,2,ETH,ET060303,1.0,1.0
ET060303,Assosa,ET0603,Assosa,ET06,Benishangul Gumz,ET,2018,1,2,ETH,ET060303,1.0,1.0
ET060303,Assosa,ET0603,Assosa,ET06,Benishangul Gumz,ET,2018,2,2,ETH,ET060303,1.0,1.0
ET060303,Assosa,ET0603,Assosa,ET06,Benishangul Gumz,ET,2018,3,2,ETH,ET060303,1.0,1.0
ET060303,Assosa,ET0603,Assosa,ET06,Benishangul Gumz,ET,2018,4,1,ETH,ET060303,0.5,0.5
ET060303,Assosa,ET0603,Assosa,ET06,Benishangul Gumz,ET,2018,6,14,ETH,ET060303,7.0,7.0
ET060303,Assosa,ET0603,Assosa,ET06,Benishangul Gumz,ET,2018,7,0,ETH,ET060303,0.0,0.0
ET060303,Assosa,ET0603,Assosa,ET06,Benishangul Gumz,ET,2018,8,0,ETH,ET060303,0.0,0.0
ET060303,Assosa,ET0603,Assosa,ET06,Benishangul Gumz,ET,2018,9,10,ETH,ET060303,5.0,5.0
ET060303,Assosa,ET0603,Assosa,ET06,Benishangul Gumz,ET,2018,10,3,ETH,ET060303,1.5,1.5
ET060303,Assosa,ET0603,Assosa,ET06,Benishangul Gumz,ET,2018,11,3,ETH,ET060303,1.5,1.5
ET060303,Assosa,ET0603,Assosa,ET06,Benishangul Gumz,ET,2018,12,8,ETH,ET060303,4.0,4.0
ET060303,Assosa,ET0603,Assosa,ET06,Benishangul Gumz,ET,2019,1,0,ETH,ET060303,0.0,0.0
ET060303,Assosa,ET0603,Assosa,ET06,Benishangul Gumz,ET,2019,4,18,ETH,ET060303,9.0,9.0
ET060303,Assosa,ET0603,Assosa,ET06,Benishangul Gumz,ET,2019,10,0,ETH,ET060303,0.0,0.0
ET060303,Assosa,ET0603,Assosa,ET06,Benishangul Gumz,ET,2020,1,0,ETH,ET060303,0.0,0.0
ET060303,Assosa,ET0603,Assosa,ET06,Benishangul Gumz,ET,2020,7,0,ETH,ET060303,0.0,0.0
ET060303,Assosa,ET0603,Assosa,ET06,Benishangul Gumz,ET,2020,8,0,ETH,ET060303,0.0,0.0
ET060303,Assosa,ET0603,Assosa,ET06,Benishangul Gumz,ET,2020,9,2,ETH,ET060303,1.0,1.0
ET060303,Assosa,ET0603,Assosa,ET06,Benishangul Gumz,ET,2021,3,1,ETH,ET060303,0.5,0.5
ET060303,Assosa,ET0603,Assosa,ET06,Benishangul Gumz,ET,2021,5,0,ETH,ET060303,0.0,0.0
ET060303,Assosa,ET0603,Assosa,ET06,Benishangul Gumz,ET,2021,11,3,ETH,ET060303,1.5,1.5
ET060303,Assosa,ET0603,Assosa,ET06,Benishangul Gumz,ET,2021,12,3,ETH,ET060303,1.5,1.5
ET060303,Assosa,ET0603,Assosa,ET06,Benishangul Gumz,ET,2022,7,0,ETH,ET060303,0.0,0.0
ET060303,Assosa,ET0603,Assosa,ET06,Benishangul Gumz,ET,2022,10,0,ETH,ET060303,0.0,0.0
ET060303,Assosa,ET0603,Assosa,ET06,Benishangul Gumz,ET,2023,1,1,ETH,ET060303,0.5,0.5
ET060303,Assosa,ET0603,Assosa,ET06,Benishangul Gumz,ET,2023,6,0,ETH,ET060303,0.0,0.0
ET060303,Assosa,ET0603,Assosa,ET06,Benishangul Gumz,ET,2024,1,0,ETH,ET060303,0.0,0.0
ET060303,Assosa,ET0603,Assosa,ET06,Benishangul Gumz,ET,2024,6,0,ETH,ET060303,0.0,0.0
ET060303,Assosa,ET0603,Assosa,ET06,Benishangul Gumz,ET,2024,11,0,ETH,ET060303,0.0,0.0
ET060303,Assosa,ET0603,Assosa,ET06,Benishangul Gumz,ET,2025,3,0,ETH,ET060303,0.0,0.0
ET060303,Assosa,ET0603,Assosa,ET06,Benishangul Gumz,ET,2025,6,0,ETH,ET060303,0.0,0.0
ET060304,Sherkole,ET0603,Assosa,ET06,Benishangul Gumz,ET,2014,4,9,ETH,ET060304,4.5,4.5
ET060304,Sherkole,ET0603,Assosa,ET06,Benishangul Gumz,ET,2017,1,40,ETH,ET060304,20.0,20.0
ET060304,Sherkole,ET0603,Assosa,ET06,Benishangul Gumz,ET,2017,2,4,ETH,ET060304,2.0,2.0
ET060304,Sherkole,ET0603,Assosa,ET06,Benishangul Gumz,ET,2021,2,1,ETH,ET060304,0.5,0.5
ET060304,Sherkole,ET0603,Assosa,ET06,Benishangul Gumz,ET,2021,7,100,ETH,ET060304,50.0,50.0
ET060304,Sherkole,ET0603,Assosa,ET06,Benishangul Gumz,ET,2021,11,15,ETH,ET060304,7.5,7.5
ET060304,Sherkole,ET0603,Assosa,ET06,Benishangul Gumz,ET,2022,1,3,ETH,ET060304,1.5,1.5
ET060304,Sherkole,ET0603,Assosa,ET06,Benishangul Gumz,ET,2022,3,30,ETH,ET060304,15.0,15.0
ET060304,Sherkole,ET0603,Assosa,ET06,Benishangul Gumz,ET,2022,8,23,ETH,ET060304,11.5,11.5
ET060305,Bambasi,ET0603,Assosa,ET06,Benishangul Gumz,ET,2020,6,3,ETH,ET060305,1.5,1.5
ET060305,Bambasi,ET0603,Assosa,ET06,Benishangul Gumz,ET,2022,4,0,ETH,ET060305,0.0,0.0
ET060305,Bambasi,ET0603,Assosa,ET06,Benishangul Gumz,ET,2022,10,0,ETH,ET060305,0.0,0.0
ET060305,Bambasi,ET0603,Assosa,ET06,Benishangul Gumz,ET,2022,12,0,ETH,ET060305,0.0,0.0
ET060305,Bambasi,ET0603,Assosa,ET06,Benishangul Gumz,ET,2023,8,0,ETH,ET060305,0.0,0.0
ET060305,Bambasi,ET0603,Assosa,ET06,Benishangul Gumz,ET,2025,2,0,ETH,ET060305,0.0,0.0
ET060306,Bilidigilu,ET0603,Assosa,ET06,Benishangul Gumz,ET,2023,11,17,ETH,ET060306,8.5,8.5
ET060307,Homosha,ET0603,Assosa,ET06,Benishangul Gumz,ET,2024,7,0,ETH,ET060307,0.0,0.0
ET060307,Homosha,ET0603,Assosa,ET06,Benishangul Gumz,ET,2024,8,1,ETH,ET060307,0.5,0.5
ET060401,Zayi,ET0604,Kamashi,ET06,Benishangul Gumz,ET,2002,4,0,ETH,ET060401,0.0,0.0
ET060401,Zayi,ET0604,Kamashi,ET06,Benishangul Gumz,ET,2013,12,10,ETH,ET060401,5.0,5.0
ET060401,Zayi,ET0604,Kamashi,ET06,Benishangul Gumz,ET,2018,9,10,ETH,ET060401,5.0,5.0
ET060401,Zayi,ET0604,Kamashi,ET06,Benishangul Gumz,ET,2018,10,47,ETH,ET060401,23.5,23.5
ET060401,Zayi,ET0604,Kamashi,ET06,Benishangul Gumz,ET,2018,11,5,ETH,ET060401,2.5,2.5
ET060401,Zayi,ET0604,Kamashi,ET06,Benishangul Gumz,ET,2023,3,0,ETH,ET060401,0.0,0.0
ET060401,Zayi,ET0604,Kamashi,ET06,Benishangul Gumz,ET,2025,9,0,ETH,ET060401,0.0,0.0
ET060402,Sedal,ET0604,Kamashi,ET06,Benishangul Gumz,ET,2021,4,7,ETH,ET060402,3.5,3.5
ET060402,Sedal,ET0604,Kamashi,ET06,Benishangul Gumz,ET,2021,8,0,ETH,ET060402,0.0,0.0
ET060402,Sedal,ET0604,Kamashi,ET06,Benishangul Gumz,ET,2021,9,2,ETH,ET060402,1.0,1.0
ET060402,Sedal,ET0604,Kamashi,ET06,Benishangul Gumz,ET,2022,1,31,ETH,ET060402,15.5,15.5
ET060404,Dembe,ET0604,Kamashi,ET06,Benishangul Gumz,ET,2017,1,13,ETH,ET060404,6.5,6.5
ET060404,Dembe,ET0604,Kamashi,ET06,Benishangul Gumz,ET,2017,10,9,ETH,ET060404,4.5,4.5
ET060404,Dembe,ET0604,Kamashi,ET06,Benishangul Gumz,ET,2019,10,1,ETH,ET060404,0.5,0.5
ET060404,Dembe,ET0604,Kamashi,ET06,Benishangul Gumz,ET,2021,2,1,ETH,ET060404,0.5,0.5
ET060404,Dembe,ET0604,Kamashi,ET06,Benishangul Gumz,ET,2021,8,6,ETH,ET060404,3.0,3.0
ET060404,Dembe,ET0604,Kamashi,ET06,Benishangul Gumz,ET,2021,9,0,ETH,ET060404,0.0,0.0
ET060404,Dembe,ET0604,Kamashi,ET06,Benishangul Gumz,ET,2021,11,0,ETH,ET060404,0.0,0.0
ET060404,Dembe,ET0604,Kamashi,ET06,Benishangul Gumz,ET,2021,12,0,ETH,ET060404,0.0,0.0
ET060404,Dembe,ET0604,Kamashi,ET06,Benishangul Gumz,ET,2022,3,0,ETH,ET060404,0.0,0.0
ET060404,Dembe,ET0604,Kamashi,ET06,Benishangul Gumz,ET,2022,6,0,ETH,ET060404,0.0,0.0
ET060405,Mizyiga,ET0604,Kamashi,ET06,Benishangul Gumz,ET,2021,8,50,ETH,ET060405,25.0,25.0
ET060405,Mizyiga,ET0604,Kamashi,ET06,Benishangul Gumz,ET,2022,6,457,ETH,ET060405,228.5,228.5
ET060405,Mizyiga,ET0604,Kamashi,ET06,Benishangul Gumz,ET,2022,7,0,ETH,ET060405,0.0,0.0
ET060405,Mizyiga,ET0604,Kamashi,ET06,Benishangul Gumz,ET,2022,11,2,ETH,ET060405,1.0,1.0
ET060405,Mizyiga,ET0604,Kamashi,ET06,Benishangul Gumz,ET,2023,12,3,ETH,ET060405,1.5,1.5
ET060405,Mizyiga,ET0604,Kamashi,ET06,Benishangul Gumz,ET,2024,3,4,ETH,ET060405,2.0,2.0
ET060405,Mizyiga,ET0604,Kamashi,ET06,Benishangul Gumz,ET,2025,4,3,ETH,ET060405,1.5,1.5
ET060405,Mizyiga,ET0604,Kamashi,ET06,Benishangul Gumz,ET,2025,5,20,ETH,ET060405,10.0,10.0
ET060508,Maokomo Special,ET0605,Mao Komo Special,ET06,Benishangul Gumz,ET,2021,12,0,ETH,ET060508,0.0,0.0
ET060508,Maokomo Special,ET0605,Mao Komo Special,ET06,Benishangul Gumz,ET,2022,1,0,ETH,ET060508,0.0,0.0
ET060508,Maokomo Special,ET0605,Mao Komo Special,ET06,Benishangul Gumz,ET,2024,5,0,ETH,ET060508,0.0,0.0
ET070102,Abeshege,ET0701,Guraghe,ET07,SNNP,ET,2000,6,21,ETH,ET070102,10.5,10.5
ET070102,Abeshege,ET0701,Guraghe,ET07,SNNP,ET,2024,6,0,ETH,ET070102,0.0,0.0
ET070102,Abeshege,ET0701,Guraghe,ET07,SNNP,ET,2024,10,0,ETH,ET070102,0.0,0.0
ET070102,Abeshege,ET0701,Guraghe,ET07,SNNP,ET,2024,12,2,ETH,ET070102,1.0,1.0
ET070103,Ezha,ET0701,Guraghe,ET07,SNNP,ET,2011,9,6,ETH,ET070103,3.0,3.0
ET070103,Ezha,ET0701,Guraghe,ET07,SNNP,ET,2018,2,1,ETH,ET070103,0.5,0.5
ET070105,Sodo,ET0701,Guraghe,ET07,SNNP,ET,2023,6,1,ETH,ET070105,0.5,0.5
ET070105,Sodo,ET0701,Guraghe,ET07,SNNP,ET,2023,7,1,ETH,ET070105,0.5,0.5
ET070105,Sodo,ET0701,Guraghe,ET07,SNNP,ET,2023,8,10,ETH,ET070105,5.0,5.0
ET070105,Sodo,ET0701,Guraghe,ET07,SNNP,ET,2023,9,1,ETH,ET070105,0.5,0.5
ET070105,Sodo,ET0701,Guraghe,ET07,SNNP,ET,2023,10,3,ETH,ET070105,1.5,1.5
ET070105,Sodo,ET0701,Guraghe,ET07,SNNP,ET,2024,10,2,ETH,ET070105,1.0,1.0
ET070105,Sodo,ET0701,Guraghe,ET07,SNNP,ET,2025,6,3,ETH,ET070105,1.5,1.5
ET070106,Meskan,ET0701,Guraghe,ET07,SNNP,ET,2023,7,0,ETH,ET070106,0.0,0.0
ET070106,Meskan,ET0701,Guraghe,ET07,SNNP,ET,2024,6,0,ETH,ET070106,0.0,0.0
ET070107,Mareko,ET0701,Guraghe,ET07,SNNP,ET,2023,9,11,ETH,ET070107,5.5,5.5
ET070107,Mareko,ET0701,Guraghe,ET07,SNNP,ET,2023,10,6,ETH,ET070107,3.0,3.0
ET070107,Mareko,ET0701,Guraghe,ET07,SNNP,ET,2024,4,1,ETH,ET070107,0.5,0.5
ET070107,Mareko,ET0701,Guraghe,ET07,SNNP,ET,2024,5,4,ETH,ET070107,2.0,2.0
ET070107,Mareko,ET0701,Guraghe,ET07,SNNP,ET,2024,6,4,ETH,ET070107,2.0,2.0
ET070107,Mareko,ET0701,Guraghe,ET07,SNNP,ET,2024,8,17,ETH,ET070107,8.5,8.5
ET070107,Mareko,ET0701,Guraghe,ET07,SNNP,ET,2024,9,7,ETH,ET070107,3.5,3.5
ET070109,Gumer,ET0701,Guraghe,ET07,SNNP,ET,2002,4,16,ETH,ET070109,8.0,8.0
ET070111,Enemor Ener,ET0701,Guraghe,ET07,SNNP,ET,2023,4,0,ETH,ET070111,0.0,0.0
ET070111,Enemor Ener,ET0701,Guraghe,ET07,SNNP,ET,2025,5,0,ETH,ET070111,0.0,0.0
ET070112,Muhur Na Aklil,ET0701,Guraghe,ET07,SNNP,ET,2012,7,0,ETH,ET070112,0.0,0.0
ET070112,Muhur Na Aklil,ET0701,Guraghe,ET07,SNNP,ET,2019,4,0,ETH,ET070112,0.0,0.0
ET070114,Welkite town,ET0701,Guraghe,ET07,SNNP,ET,2016,3,0,ETH,ET070114,0.0,0.0
ET070114,Welkite town,ET0701,Guraghe,ET07,SNNP,ET,2017,12,0,ETH,ET070114,0.0,0.0
ET070114,Welkite town,ET0701,Guraghe,ET07,SNNP,ET,2018,1,0,ETH,ET070114,0.0,0.0
ET070114,Welkite town,ET0701,Guraghe,ET07,SNNP,ET,2018,2,4,ETH,ET070114,2.0,2.0
ET070114,Welkite town,ET0701,Guraghe,ET07,SNNP,ET,2018,6,4,ETH,ET070114,2.0,2.0
ET070114,Welkite town,ET0701,Guraghe,ET07,SNNP,ET,2021,12,0,ETH,ET070114,0.0,0.0
ET070114,Welkite town,ET0701,Guraghe,ET07,SNNP,ET,2022,8,0,ETH,ET070114,0.0,0.0
ET070114,Welkite town,ET0701,Guraghe,ET07,SNNP,ET,2022,11,0,ETH,ET070114,0.0,0.0
ET070114,Welkite town,ET0701,Guraghe,ET07,SNNP,ET,2023,2,3,ETH,ET070114,1.5,1.5
ET070114,Welkite town,ET0701,Guraghe,ET07,SNNP,ET,2023,8,0,ETH,ET070114,0.0,0.0
ET070114,Welkite town,ET0701,Guraghe,ET07,SNNP,ET,2023,9,0,ETH,ET070114,0.0,0.0
ET070114,Welkite town,ET0701,Guraghe,ET07,SNNP,ET,2023,10,4,ETH,ET070114,2.0,2.0
ET070114,Welkite town,ET0701,Guraghe,ET07,SNNP,ET,2023,11,0,ETH,ET070114,0.0,0.0
ET070114,Welkite town,ET0701,Guraghe,ET07,SNNP,ET,2023,12,2,ETH,ET070114,1.0,1.0
ET070114,Welkite town,ET0701,Guraghe,ET07,SNNP,ET,2024,1,0,ETH,ET070114,0.0,0.0
ET070114,Welkite town,ET0701,Guraghe,ET07,SNNP,ET,2024,7,3,ETH,ET070114,1.5,1.5
ET070114,Welkite town,ET0701,Guraghe,ET07,SNNP,ET,2025,7,0,ETH,ET070114,0.0,0.0
ET070116,Emdebir town,ET0701,Guraghe,ET07,SNNP,ET,2018,2,1,ETH,ET070116,0.5,0.5
ET070117,Bui town,ET0701,Guraghe,ET07,SNNP,ET,2023,6,0,ETH,ET070117,0.0,0.0
ET070117,Bui town,ET0701,Guraghe,ET07,SNNP,ET,2023,8,0,ETH,ET070117,0.0,0.0
ET070118,Misrak Meskan,ET0701,Guraghe,ET07,SNNP,ET,2018,9,36,ETH,ET070118,18.0,18.0
ET070118,Misrak Meskan,ET0701,Guraghe,ET07,SNNP,ET,2021,12,1,ETH,ET070118,0.5,0.5
ET070118,Misrak Meskan,ET0701,Guraghe,ET07,SNNP,ET,2023,7,20,ETH,ET070118,10.0,10.0
ET070118,Misrak Meskan,ET0701,Guraghe,ET07,SNNP,ET,2023,9,0,ETH,ET070118,0.0,0.0
ET070118,Misrak Meskan,ET0701,Guraghe,ET07,SNNP,ET,2023,10,2,ETH,ET070118,1.0,1.0
ET070118,Misrak Meskan,ET0701,Guraghe,ET07,SNNP,ET,2024,6,3,ETH,ET070118,1.5,1.5
ET070118,Misrak Meskan,ET0701,Guraghe,ET07,SNNP,ET,2024,7,3,ETH,ET070118,1.5,1.5
ET070118,Misrak Meskan,ET0701,Guraghe,ET07,SNNP,ET,2024,8,8,ETH,ET070118,4.0,4.0
ET070118,Misrak Meskan,ET0701,Guraghe,ET07,SNNP,ET,2024,9,5,ETH,ET070118,2.5,2.5
ET070118,Misrak Meskan,ET0701,Guraghe,ET07,SNNP,ET,2024,10,1,ETH,ET070118,0.5,0.5
ET070118,Misrak Meskan,ET0701,Guraghe,ET07,SNNP,ET,2025,1,2,ETH,ET070118,1.0,1.0
ET070203,Lemmo,ET0702,Hadiya,ET07,SNNP,ET,2024,11,0,ETH,ET070203,0.0,0.0
ET070206,Soro,ET0702,Hadiya,ET07,SNNP,ET,2015,6,1,ETH,ET070206,0.5,0.5
ET070206,Soro,ET0702,Hadiya,ET07,SNNP,ET,2023,10,0,ETH,ET070206,0.0,0.0
ET070208,Analemmo,ET0702,Hadiya,ET07,SNNP,ET,2025,6,0,ETH,ET070208,0.0,0.0
ET070210,Gibe,ET0702,Hadiya,ET07,SNNP,ET,2024,11,0,ETH,ET070210,0.0,0.0
ET070210,Gibe,ET0702,Hadiya,ET07,SNNP,ET,2024,12,0,ETH,ET070210,0.0,0.0
ET070211,Hosaena town,ET0702,Hadiya,ET07,SNNP,ET,2021,5,0,ETH,ET070211,0.0,0.0
ET070211,Hosaena town,ET0702,Hadiya,ET07,SNNP,ET,2021,7,0,ETH,ET070211,0.0,0.0
ET070211,Hosaena town,ET0702,Hadiya,ET07,SNNP,ET,2022,3,0,ETH,ET070211,0.0,0.0
ET070211,Hosaena town,ET0702,Hadiya,ET07,SNNP,ET,2022,5,0,ETH,ET070211,0.0,0.0
ET070211,Hosaena town,ET0702,Hadiya,ET07,SNNP,ET,2022,8,0,ETH,ET070211,0.0,0.0
ET070211,Hosaena town,ET0702,Hadiya,ET07,SNNP,ET,2022,10,0,ETH,ET070211,0.0,0.0
ET070211,Hosaena town,ET0702,Hadiya,ET07,SNNP,ET,2022,12,0,ETH,ET070211,0.0,0.0
ET070211,Hosaena town,ET0702,Hadiya,ET07,SNNP,ET,2023,6,0,ETH,ET070211,0.0,0.0
ET070211,Hosaena town,ET0702,Hadiya,ET07,SNNP,ET,2023,7,0,ETH,ET070211,0.0,0.0
ET070211,Hosaena town,ET0702,Hadiya,ET07,SNNP,ET,2023,12,0,ETH,ET070211,0.0,0.0
ET070211,Hosaena town,ET0702,Hadiya,ET07,SNNP,ET,2024,1,0,ETH,ET070211,0.0,0.0
ET070211,Hosaena town,ET0702,Hadiya,ET07,SNNP,ET,2024,7,0,ETH,ET070211,0.0,0.0
ET070211,Hosaena town,ET0702,Hadiya,ET07,SNNP,ET,2025,5,0,ETH,ET070211,0.0,0.0
ET070212,Shone Town,ET0702,Hadiya,ET07,SNNP,ET,2021,9,0,ETH,ET070212,0.0,0.0
ET070212,Shone Town,ET0702,Hadiya,ET07,SNNP,ET,2023,4,0,ETH,ET070212,0.0,0.0
ET070212,Shone Town,ET0702,Hadiya,ET07,SNNP,ET,2023,5,0,ETH,ET070212,0.0,0.0
ET070212,Shone Town,ET0702,Hadiya,ET07,SNNP,ET,2023,10,0,ETH,ET070212,0.0,0.0
ET070212,Shone Town,ET0702,Hadiya,ET07,SNNP,ET,2023,11,0,ETH,ET070212,0.0,0.0
ET070304,Kacha Bira,ET0703,Kembata Tembaro,ET07,SNNP,ET,1999,8,202,ETH,ET070304,101.0,101.0
ET070304,Kacha Bira,ET0703,Kembata Tembaro,ET07,SNNP,ET,2018,2,0,ETH,ET070304,0.0,0.0
ET070307,Damboya,ET0703,Kembata Tembaro,ET07,SNNP,ET,2024,10,0,ETH,ET070307,0.0,0.0
ET070308,Durame town,ET0703,Kembata Tembaro,ET07,SNNP,ET,2018,2,0,ETH,ET070308,0.0,0.0
ET070308,Durame town,ET0703,Kembata Tembaro,ET07,SNNP,ET,2023,8,0,ETH,ET070308,0.0,0.0
ET070310,Shinshincho town,ET0703,Kembata Tembaro,ET07,SNNP,ET,2018,2,0,ETH,ET070310,0.0,0.0
ET070312,Hadero town,ET0703,Kembata Tembaro,ET07,SNNP,ET,2024,4,0,ETH,ET070312,0.0,0.0
ET070501,Wenago,ET0705,Gedeo,ET07,SNNP,ET,2016,10,4,ETH,ET070501,2.0,2.0
ET070502,Yirgachefe,ET0705,Gedeo,ET07,SNNP,ET,2016,10,8,ETH,ET070502,4.0,4.0
ET070502,Yirgachefe,ET0705,Gedeo,ET07,SNNP,ET,2025,2,0,ETH,ET070502,0.0,0.0
ET070506,Gedeb,ET0705,Gedeo,ET07,SNNP,ET,2018,6,0,ETH,ET070506,0.0,0.0
ET070506,Gedeb,ET0705,Gedeo,ET07,SNNP,ET,2023,1,5,ETH,ET070506,2.5,2.5
ET070507,Dila town,ET0705,Gedeo,ET07,SNNP,ET,1998,7,140,ETH,ET070507,70.0,70.0
ET070507,Dila town,ET0705,Gedeo,ET07,SNNP,ET,2015,12,3,ETH,ET070507,1.5,1.5
ET070507,Dila town,ET0705,Gedeo,ET07,SNNP,ET,2016,2,1,ETH,ET070507,0.5,0.5
ET070507,Dila town,ET0705,Gedeo,ET07,SNNP,ET,2016,6,0,ETH,ET070507,0.0,0.0
ET070507,Dila town,ET0705,Gedeo,ET07,SNNP,ET,2016,10,12,ETH,ET070507,6.0,6.0
ET070507,Dila town,ET0705,Gedeo,ET07,SNNP,ET,2018,4,10,ETH,ET070507,5.0,5.0
ET070507,Dila town,ET0705,Gedeo,ET07,SNNP,ET,2018,7,2,ETH,ET070507,1.0,1.0
ET070507,Dila town,ET0705,Gedeo,ET07,SNNP,ET,2022,10,0,ETH,ET070507,0.0,0.0
ET070507,Dila town,ET0705,Gedeo,ET07,SNNP,ET,2022,12,0,ETH,ET070507,0.0,0.0
ET070507,Dila town,ET0705,Gedeo,ET07,SNNP,ET,2025,5,0,ETH,ET070507,0.0,0.0
ET070602,Damot Gale,ET0706,Wolayita,ET07,SNNP,ET,2020,8,2,ETH,ET070602,1.0,1.0
ET070612,Duguna Fango,ET0706,Wolayita,ET07,SNNP,ET,2021,7,3,ETH,ET070612,1.5,1.5
ET070613,Sodo Town,ET0706,Wolayita,ET07,SNNP,ET,2018,6,3,ETH,ET070613,1.5,1.5
ET070613,Sodo Town,ET0706,Wolayita,ET07,SNNP,ET,2019,2,0,ETH,ET070613,0.0,0.0
ET070613,Sodo Town,ET0706,Wolayita,ET07,SNNP,ET,2019,5,0,ETH,ET070613,0.0,0.0
ET070613,Sodo Town,ET0706,Wolayita,ET07,SNNP,ET,2019,12,0,ETH,ET070613,0.0,0.0
ET070613,Sodo Town,ET0706,Wolayita,ET07,SNNP,ET,2020,8,12,ETH,ET070613,6.0,6.0
ET070613,Sodo Town,ET0706,Wolayita,ET07,SNNP,ET,2021,5,0,ETH,ET070613,0.0,0.0
ET070613,Sodo Town,ET0706,Wolayita,ET07,SNNP,ET,2021,7,0,ETH,ET070613,0.0,0.0
ET070613,Sodo Town,ET0706,Wolayita,ET07,SNNP,ET,2021,8,0,ETH,ET070613,0.0,0.0
ET070613,Sodo Town,ET0706,Wolayita,ET07,SNNP,ET,2021,11,0,ETH,ET070613,0.0,0.0
ET070613,Sodo Town,ET0706,Wolayita,ET07,SNNP,ET,2022,10,0,ETH,ET070613,0.0,0.0
ET070613,Sodo Town,ET0706,Wolayita,ET07,SNNP,ET,2023,4,0,ETH,ET070613,0.0,0.0
ET070613,Sodo Town,ET0706,Wolayita,ET07,SNNP,ET,2023,6,0,ETH,ET070613,0.0,0.0
ET070613,Sodo Town,ET0706,Wolayita,ET07,SNNP,ET,2024,5,0,ETH,ET070613,0.0,0.0
ET070613,Sodo Town,ET0706,Wolayita,ET07,SNNP,ET,2024,8,0,ETH,ET070613,0.0,0.0
ET070613,Sodo Town,ET0706,Wolayita,ET07,SNNP,ET,2024,10,0,ETH,ET070613,0.0,0.0
ET070613,Sodo Town,ET0706,Wolayita,ET07,SNNP,ET,2025,3,0,ETH,ET070613,0.0,0.0
ET070613,Sodo Town,ET0706,Wolayita,ET07,SNNP,ET,2025,5,0,ETH,ET070613,0.0,0.0
ET070614,Areka town,ET0706,Wolayita,ET07,SNNP,ET,2020,8,1,ETH,ET070614,0.5,0.5
ET070615,Boditi town,ET0706,Wolayita,ET07,SNNP,ET,2019,12,0,ETH,ET070615,0.0,0.0
ET070615,Boditi town,ET0706,Wolayita,ET07,SNNP,ET,2020,8,6,ETH,ET070615,3.0,3.0
ET070618,Gununo Hamus town,ET0706,Wolayita,ET07,SNNP,ET,2020,8,0,ETH,ET070618,0.0,0.0
ET070619,Hobicha Abaya,ET0706,Wolayita,ET07,SNNP,ET,2024,8,0,ETH,ET070619,0.0,0.0
ET070621,Abela Abaya,ET0706,Wolayita,ET07,SNNP,ET,2019,12,0,ETH,ET070621,0.0,0.0
ET070621,Abela Abaya,ET0706,Wolayita,ET07,SNNP,ET,2024,12,3,ETH,ET070621,1.5,1.5
ET070622,Bayera Koisha,ET0706,Wolayita,ET07,SNNP,ET,2021,5,0,ETH,ET070622,0.0,0.0
ET070701,Salamago,ET0707,South Omo,ET07,SNNP,ET,2020,1,0,ETH,ET070701,0.0,0.0
ET070701,Salamago,ET0707,South Omo,ET07,SNNP,ET,2023,4,11,ETH,ET070701,5.5,5.5
ET070702,South Ari,ET0707,South Omo,ET07,SNNP,ET,2022,3,0,ETH,ET070702,0.0,0.0
ET070702,South Ari,ET0707,South Omo,ET07,SNNP,ET,2022,4,0,ETH,ET070702,0.0,0.0
ET070702,South Ari,ET0707,South Omo,ET07,SNNP,ET,2023,5,1,ETH,ET070702,0.5,0.5
ET070702,South Ari,ET0707,South Omo,ET07,SNNP,ET,2024,5,8,ETH,ET070702,4.0,4.0
ET070704,Hamer,ET0707,South Omo,ET07,SNNP,ET,2023,3,0,ETH,ET070704,0.0,0.0
ET070704,Hamer,ET0707,South Omo,ET07,SNNP,ET,2025,7,0,ETH,ET070704,0.0,0.0
ET070706,Dasenech /Kuraz,ET0707,South Omo,ET07,SNNP,ET,2008,11,13,ETH,ET070706,6.5,6.5
ET070706,Dasenech /Kuraz,ET0707,South Omo,ET07,SNNP,ET,2023,1,2,ETH,ET070706,1.0,1.0
ET070706,Dasenech /Kuraz,ET0707,South Omo,ET07,SNNP,ET,2025,2,4,ETH,ET070706,2.0,2.0
ET070706,Dasenech /Kuraz,ET0707,South Omo,ET07,SNNP,ET,2025,3,10,ETH,ET070706,5.0,5.0
ET070706,Dasenech /Kuraz,ET0707,South Omo,ET07,SNNP,ET,2025,5,0,ETH,ET070706,0.0,0.0
ET070706,Dasenech /Kuraz,ET0707,South Omo,ET07,SNNP,ET,2025,7,3,ETH,ET070706,1.5,1.5
ET070706,Dasenech /Kuraz,ET0707,South Omo,ET07,SNNP,ET,2025,8,0,ETH,ET070706,0.0,0.0
ET070706,Dasenech /Kuraz,ET0707,South Omo,ET07,SNNP,ET,2025,9,1,ETH,ET070706,0.5,0.5
ET070708,Nyngatom,ET0707,South Omo,ET07,SNNP,ET,1999,11,0,ETH,ET070708,0.0,0.0
ET070708,Nyngatom,ET0707,South Omo,ET07,SNNP,ET,1999,12,8,ETH,ET070708,4.0,4.0
ET070708,Nyngatom,ET0707,South Omo,ET07,SNNP,ET,2018,12,0,ETH,ET070708,0.0,0.0
ET070708,Nyngatom,ET0707,South Omo,ET07,SNNP,ET,2025,6,1,ETH,ET070708,0.5,0.5
ET070708,Nyngatom,ET0707,South Omo,ET07,SNNP,ET,2025,8,0,ETH,ET070708,0.0,0.0
ET070709,Jinka town,ET0707,South Omo,ET07,SNNP,ET,2011,4,0,ETH,ET070709,0.0,0.0
ET070709,Jinka town,ET0707,South Omo,ET07,SNNP,ET,2011,6,0,ETH,ET070709,0.0,0.0
ET070709,Jinka town,ET0707,South Omo,ET07,SNNP,ET,2012,1,3,ETH,ET070709,1.5,1.5
ET070709,Jinka town,ET0707,South Omo,ET07,SNNP,ET,2012,2,1,ETH,ET070709,0.5,0.5
ET070709,Jinka town,ET0707,South Omo,ET07,SNNP,ET,2012,11,6,ETH,ET070709,3.0,3.0
ET070709,Jinka town,ET0707,South Omo,ET07,SNNP,ET,2013,7,0,ETH,ET070709,0.0,0.0
ET070709,Jinka town,ET0707,South Omo,ET07,SNNP,ET,2015,6,48,ETH,ET070709,24.0,24.0
ET070709,Jinka town,ET0707,South Omo,ET07,SNNP,ET,2016,10,1,ETH,ET070709,0.5,0.5
ET070709,Jinka town,ET0707,South Omo,ET07,SNNP,ET,2017,12,13,ETH,ET070709,6.5,6.5
ET070709,Jinka town,ET0707,South Omo,ET07,SNNP,ET,2019,9,30,ETH,ET070709,15.0,15.0
ET070709,Jinka town,ET0707,South Omo,ET07,SNNP,ET,2019,10,10,ETH,ET070709,5.0,5.0
ET070709,Jinka town,ET0707,South Omo,ET07,SNNP,ET,2021,7,0,ETH,ET070709,0.0,0.0
ET070709,Jinka town,ET0707,South Omo,ET07,SNNP,ET,2022,4,1,ETH,ET070709,0.5,0.5
ET070709,Jinka town,ET0707,South Omo,ET07,SNNP,ET,2022,5,3,ETH,ET070709,1.5,1.5
ET070709,Jinka town,ET0707,South Omo,ET07,SNNP,ET,2022,10,0,ETH,ET070709,0.0,0.0
ET070709,Jinka town,ET0707,South Omo,ET07,SNNP,ET,2022,12,0,ETH,ET070709,0.0,0.0
ET071005,Mirab Abaya,ET0710,Gamo,ET07,SNNP,ET,2021,11,84,ETH,ET071005,42.0,42.0
ET071010,Chencha,ET0710,Gamo,ET07,SNNP,ET,2017,1,0,ETH,ET071010,0.0,0.0
ET071015,Arba Minch Zuria,ET0710,Gamo,ET07,SNNP,ET,2023,2,0,ETH,ET071015,0.0,0.0
ET071015,Arba Minch Zuria,ET0710,Gamo,ET07,SNNP,ET,2023,8,7,ETH,ET071015,3.5,3.5
ET071015,Arba Minch Zuria,ET0710,Gamo,ET07,SNNP,ET,2023,10,1,ETH,ET071015,0.5,0.5
ET071015,Arba Minch Zuria,ET0710,Gamo,ET07,SNNP,ET,2024,1,8,ETH,ET071015,4.0,4.0
ET071015,Arba Minch Zuria,ET0710,Gamo,ET07,SNNP,ET,2024,6,5,ETH,ET071015,2.5,2.5
ET071015,Arba Minch Zuria,ET0710,Gamo,ET07,SNNP,ET,2024,7,0,ETH,ET071015,0.0,0.0
ET071015,Arba Minch Zuria,ET0710,Gamo,ET07,SNNP,ET,2025,3,2,ETH,ET071015,1.0,1.0
ET071015,Arba Minch Zuria,ET0710,Gamo,ET07,SNNP,ET,2025,5,8,ETH,ET071015,4.0,4.0
ET071019,Kucha,ET0710,Gamo,ET07,SNNP,ET,2023,2,0,ETH,ET071019,0.0,0.0
ET071021,Arba Minch town,ET0710,Gamo,ET07,SNNP,ET,1997,5,0,ETH,ET071021,0.0,0.0
ET071021,Arba Minch town,ET0710,Gamo,ET07,SNNP,ET,2005,11,8,ETH,ET071021,4.0,4.0
ET071021,Arba Minch town,ET0710,Gamo,ET07,SNNP,ET,2016,10,0,ETH,ET071021,0.0,0.0
ET071021,Arba Minch town,ET0710,Gamo,ET07,SNNP,ET,2017,12,0,ETH,ET071021,0.0,0.0
ET071021,Arba Minch town,ET0710,Gamo,ET07,SNNP,ET,2018,5,1,ETH,ET071021,0.5,0.5
ET071021,Arba Minch town,ET0710,Gamo,ET07,SNNP,ET,2018,7,0,ETH,ET071021,0.0,0.0
ET071021,Arba Minch town,ET0710,Gamo,ET07,SNNP,ET,2018,9,0,ETH,ET071021,0.0,0.0
ET071021,Arba Minch town,ET0710,Gamo,ET07,SNNP,ET,2018,10,4,ETH,ET071021,2.0,2.0
ET071021,Arba Minch town,ET0710,Gamo,ET07,SNNP,ET,2021,11,3,ETH,ET071021,1.5,1.5
ET071021,Arba Minch town,ET0710,Gamo,ET07,SNNP,ET,2022,10,0,ETH,ET071021,0.0,0.0
ET071021,Arba Minch town,ET0710,Gamo,ET07,SNNP,ET,2023,4,0,ETH,ET071021,0.0,0.0
ET071021,Arba Minch town,ET0710,Gamo,ET07,SNNP,ET,2023,8,0,ETH,ET071021,0.0,0.0
ET071021,Arba Minch town,ET0710,Gamo,ET07,SNNP,ET,2023,10,1,ETH,ET071021,0.5,0.5
ET071021,Arba Minch town,ET0710,Gamo,ET07,SNNP,ET,2023,11,3,ETH,ET071021,1.5,1.5
ET071021,Arba Minch town,ET0710,Gamo,ET07,SNNP,ET,2023,12,0,ETH,ET071021,0.0,0.0
ET071021,Arba Minch town,ET0710,Gamo,ET07,SNNP,ET,2024,1,7,ETH,ET071021,3.5,3.5
ET071021,Arba Minch town,ET0710,Gamo,ET07,SNNP,ET,2024,3,0,ETH,ET071021,0.0,0.0
ET071021,Arba Minch town,ET0710,Gamo,ET07,SNNP,ET,2024,6,5,ETH,ET071021,2.5,2.5
ET071021,Arba Minch town,ET0710,Gamo,ET07,SNNP,ET,2025,5,0,ETH,ET071021,0.0,0.0
ET071021,Arba Minch town,ET0710,Gamo,ET07,SNNP,ET,2025,7,0,ETH,ET071021,0.0,0.0
ET071205,Alle Special,ET0712,Alle,ET07,SNNP,ET,2022,3,3,ETH,ET071205,1.5,1.5
ET071302,Segen Zuria,ET0713,Konso,ET07,SNNP,ET,2020,11,25,ETH,ET071302,12.5,12.5
ET071302,Segen Zuria,ET0713,Konso,ET07,SNNP,ET,2021,8,3,ETH,ET071302,1.5,1.5
ET071302,Segen Zuria,ET0713,Konso,ET07,SNNP,ET,2021,10,5,ETH,ET071302,2.5,2.5
ET071302,Segen Zuria,ET0713,Konso,ET07,SNNP,ET,2022,3,14,ETH,ET071302,7.0,7.0
ET071302,Segen Zuria,ET0713,Konso,ET07,SNNP,ET,2022,5,1,ETH,ET071302,0.5,0.5
ET071302,Segen Zuria,ET0713,Konso,ET07,SNNP,ET,2024,8,13,ETH,ET071302,6.5,6.5
ET071302,Segen Zuria,ET0713,Konso,ET07,SNNP,ET,2024,10,2,ETH,ET071302,1.0,1.0
ET071303,Karat Zuria,ET0713,Konso,ET07,SNNP,ET,2016,3,3,ETH,ET071303,1.5,1.5
ET071303,Karat Zuria,ET0713,Konso,ET07,SNNP,ET,2016,9,35,ETH,ET071303,17.5,17.5
ET071303,Karat Zuria,ET0713,Konso,ET07,SNNP,ET,2019,1,0,ETH,ET071303,0.0,0.0
ET071303,Karat Zuria,ET0713,Konso,ET07,SNNP,ET,2020,7,11,ETH,ET071303,5.5,5.5
ET071303,Karat Zuria,ET0713,Konso,ET07,SNNP,ET,2020,9,4,ETH,ET071303,2.0,2.0
ET071303,Karat Zuria,ET0713,Konso,ET07,SNNP,ET,2020,11,22,ETH,ET071303,11.0,11.0
ET071303,Karat Zuria,ET0713,Konso,ET07,SNNP,ET,2020,12,0,ETH,ET071303,0.0,0.0
ET071303,Karat Zuria,ET0713,Konso,ET07,SNNP,ET,2021,1,9,ETH,ET071303,4.5,4.5
ET071303,Karat Zuria,ET0713,Konso,ET07,SNNP,ET,2021,6,0,ETH,ET071303,0.0,0.0
ET071303,Karat Zuria,ET0713,Konso,ET07,SNNP,ET,2022,3,3,ETH,ET071303,1.5,1.5
ET071303,Karat Zuria,ET0713,Konso,ET07,SNNP,ET,2023,7,3,ETH,ET071303,1.5,1.5
ET071303,Karat Zuria,ET0713,Konso,ET07,SNNP,ET,2025,5,0,ETH,ET071303,0.0,0.0
ET071404,Wera Djo,ET0714,Halaba,ET07,SNNP,ET,2018,9,0,ETH,ET071404,0.0,0.0
ET071404,Wera Djo,ET0714,Halaba,ET07,SNNP,ET,2019,2,0,ETH,ET071404,0.0,0.0
ET071404,Wera Djo,ET0714,Halaba,ET07,SNNP,ET,2023,1,1,ETH,ET071404,0.5,0.5
ET071404,Wera Djo,ET0714,Halaba,ET07,SNNP,ET,2023,3,0,ETH,ET071404,0.0,0.0
ET071505,Gezei Gofa,ET0715,Gofa,ET07,SNNP,ET,1998,10,0,ETH,ET071505,0.0,0.0
ET071506,O'yida,ET0715,Gofa,ET07,SNNP,ET,2004,1,50,ETH,ET071506,25.0,25.0
ET071506,O'yida,ET0715,Gofa,ET07,SNNP,ET,2004,2,0,ETH,ET071506,0.0,0.0
ET071601,Basketo SP Woreda,ET0716,Basketo,ET07,SNNP,ET,2023,9,6,ETH,ET071601,3.0,3.0
ET071601,Basketo SP Woreda,ET0716,Basketo,ET07,SNNP,ET,2024,3,4,ETH,ET071601,2.0,2.0
ET072006,Sankura,ET0720,Siltie,ET07,SNNP,ET,2022,4,0,ETH,ET072006,0.0,0.0
ET072010,Worabe town,ET0720,Siltie,ET07,SNNP,ET,2011,4,14,ETH,ET072010,7.0,7.0
ET072010,Worabe town,ET0720,Siltie,ET07,SNNP,ET,2012,7,0,ETH,ET072010,0.0,0.0
ET072010,Worabe town,ET0720,Siltie,ET07,SNNP,ET,2013,9,1,ETH,ET072010,0.5,0.5
ET072010,Worabe town,ET0720,Siltie,ET07,SNNP,ET,2016,3,0,ETH,ET072010,0.0,0.0
ET072010,Worabe town,ET0720,Siltie,ET07,SNNP,ET,2017,11,0,ETH,ET072010,0.0,0.0
ET072010,Worabe town,ET0720,Siltie,ET07,SNNP,ET,2019,4,0,ETH,ET072010,0.0,0.0
ET072010,Worabe town,ET0720,Siltie,ET07,SNNP,ET,2020,4,1,ETH,ET072010,0.5,0.5
ET072010,Worabe town,ET0720,Siltie,ET07,SNNP,ET,2021,11,0,ETH,ET072010,0.0,0.0
ET072010,Worabe town,ET0720,Siltie,ET07,SNNP,ET,2022,4,0,ETH,ET072010,0.0,0.0
ET072010,Worabe town,ET0720,Siltie,ET07,SNNP,ET,2022,12,0,ETH,ET072010,0.0,0.0
ET072010,Worabe town,ET0720,Siltie,ET07,SNNP,ET,2023,8,0,ETH,ET072010,0.0,0.0
ET072010,Worabe town,ET0720,Siltie,ET07,SNNP,ET,2024,11,0,ETH,ET072010,0.0,0.0
ET072011,Kibet town,ET0720,Siltie,ET07,SNNP,ET,2023,9,1,ETH,ET072011,0.5,0.5
ET072102,Amaro,ET0721,Amaro,ET07,SNNP,ET,2018,12,5,ETH,ET072102,2.5,2.5
ET072102,Amaro,ET0721,Amaro,ET07,SNNP,ET,2019,10,20,ETH,ET072102,10.0,10.0
ET072102,Amaro,ET0721,Amaro,ET07,SNNP,ET,2020,11,22,ETH,ET072102,11.0,11.0
ET072102,Amaro,ET0721,Amaro,ET07,SNNP,ET,2021,3,6,ETH,ET072102,3.0,3.0
ET072102,Amaro,ET0721,Amaro,ET07,SNNP,ET,2021,4,6,ETH,ET072102,3.0,3.0
ET072102,Amaro,ET0721,Amaro,ET07,SNNP,ET,2021,6,2,ETH,ET072102,1.0,1.0
ET072102,Amaro,ET0721,Amaro,ET07,SNNP,ET,2022,5,2,ETH,ET072102,1.0,1.0
ET072102,Amaro,ET0721,Amaro,ET07,SNNP,ET,2022,6,4,ETH,ET072102,2.0,2.0
ET072102,Amaro,ET0721,Amaro,ET07,SNNP,ET,2022,7,6,ETH,ET072102,3.0,3.0
ET072102,Amaro,ET0721,Amaro,ET07,SNNP,ET,2022,9,5,ETH,ET072102,2.5,2.5
ET072102,Amaro,ET0721,Amaro,ET07,SNNP,ET,2023,8,0,ETH,ET072102,0.0,0.0
ET072102,Amaro,ET0721,Amaro,ET07,SNNP,ET,2023,9,0,ETH,ET072102,0.0,0.0
ET072102,Amaro,ET0721,Amaro,ET07,SNNP,ET,2023,11,2,ETH,ET072102,1.0,1.0
ET072102,Amaro,ET0721,Amaro,ET07,SNNP,ET,2024,4,12,ETH,ET072102,6.0,6.0
ET072102,Amaro,ET0721,Amaro,ET07,SNNP,ET,2024,5,4,ETH,ET072102,2.0,2.0
ET072102,Amaro,ET0721,Amaro,ET07,SNNP,ET,2024,9,4,ETH,ET072102,2.0,2.0
ET072102,Amaro,ET0721,Amaro,ET07,SNNP,ET,2024,10,9,ETH,ET072102,4.5,4.5
ET072102,Amaro,ET0721,Amaro,ET07,SNNP,ET,2024,11,0,ETH,ET072102,0.0,0.0
ET072102,Amaro,ET0721,Amaro,ET07,SNNP,ET,2024,12,2,ETH,ET072102,1.0,1.0
ET072102,Amaro,ET0721,Amaro,ET07,SNNP,ET,2025,1,2,ETH,ET072102,1.0,1.0
ET072102,Amaro,ET0721,Amaro,ET07,SNNP,ET,2025,3,4,ETH,ET072102,2.0,2.0
ET072102,Amaro,ET0721,Amaro,ET07,SNNP,ET,2025,6,2,ETH,ET072102,1.0,1.0
ET072203,Burji Special,ET0722,Burji,ET07,SNNP,ET,2022,6,11,ETH,ET072203,5.5,5.5
ET072203,Burji Special,ET0722,Burji,ET07,SNNP,ET,2022,7,4,ETH,ET072203,2.0,2.0
ET072203,Burji Special,ET0722,Burji,ET07,SNNP,ET,2022,9,2,ETH,ET072203,1.0,1.0
ET072203,Burji Special,ET0722,Burji,ET07,SNNP,ET,2024,4,1,ETH,ET072203,0.5,0.5
ET072203,Burji Special,ET0722,Burji,ET07,SNNP,ET,2025,9,1,ETH,ET072203,0.5,0.5
ET072304,Derashe Special,ET0723,Derashe,ET07,SNNP,ET,2022,4,10,ETH,ET072304,5.0,5.0
ET072304,Derashe Special,ET0723,Derashe,ET07,SNNP,ET,2022,5,3,ETH,ET072304,1.5,1.5
ET072304,Derashe Special,ET0723,Derashe,ET07,SNNP,ET,2022,6,3,ETH,ET072304,1.5,1.5
ET072304,Derashe Special,ET0723,Derashe,ET07,SNNP,ET,2022,7,4,ETH,ET072304,2.0,2.0
ET072304,Derashe Special,ET0723,Derashe,ET07,SNNP,ET,2022,8,8,ETH,ET072304,4.0,4.0
ET072304,Derashe Special,ET0723,Derashe,ET07,SNNP,ET,2023,1,2,ETH,ET072304,1.0,1.0
ET072304,Derashe Special,ET0723,Derashe,ET07,SNNP,ET,2023,4,2,ETH,ET072304,1.0,1.0
ET072304,Derashe Special,ET0723,Derashe,ET07,SNNP,ET,2023,12,1,ETH,ET072304,0.5,0.5
ET072304,Derashe Special,ET0723,Derashe,ET07,SNNP,ET,2025,3,3,ETH,ET072304,1.5,1.5
ET072304,Derashe Special,ET0723,Derashe,ET07,SNNP,ET,2025,4,2,ETH,ET072304,1.0,1.0
ET110102,Masha,ET1101,Sheka,ET11,South West Ethiopia,ET,2024,11,20,ETH,ET110102,10.0,10.0
ET110104,Tepi,ET1101,Sheka,ET11,South West Ethiopia,ET,2002,3,15,ETH,ET110104,7.5,7.5
ET110104,Tepi,ET1101,Sheka,ET11,South West Ethiopia,ET,2018,8,5,ETH,ET110104,2.5,2.5
ET110104,Tepi,ET1101,Sheka,ET11,South West Ethiopia,ET,2018,9,0,ETH,ET110104,0.0,0.0
ET110104,Tepi,ET1101,Sheka,ET11,South West Ethiopia,ET,2018,10,6,ETH,ET110104,3.0,3.0
ET110104,Tepi,ET1101,Sheka,ET11,South West Ethiopia,ET,2018,12,0,ETH,ET110104,0.0,0.0
ET110104,Tepi,ET1101,Sheka,ET11,South West Ethiopia,ET,2019,1,5,ETH,ET110104,2.5,2.5
ET110104,Tepi,ET1101,Sheka,ET11,South West Ethiopia,ET,2020,1,2,ETH,ET110104,1.0,1.0
ET110104,Tepi,ET1101,Sheka,ET11,South West Ethiopia,ET,2020,2,8,ETH,ET110104,4.0,4.0
ET110104,Tepi,ET1101,Sheka,ET11,South West Ethiopia,ET,2021,11,4,ETH,ET110104,2.0,2.0
ET110104,Tepi,ET1101,Sheka,ET11,South West Ethiopia,ET,2022,8,0,ETH,ET110104,0.0,0.0
ET110104,Tepi,ET1101,Sheka,ET11,South West Ethiopia,ET,2023,6,1,ETH,ET110104,0.5,0.5
ET110104,Tepi,ET1101,Sheka,ET11,South West Ethiopia,ET,2024,11,0,ETH,ET110104,0.0,0.0
ET110202,Gesha,ET1102,Kefa,ET11,South West Ethiopia,ET,2023,3,0,ETH,ET110202,0.0,0.0
ET110204,Gimbo,ET1102,Kefa,ET11,South West Ethiopia,ET,2001,11,60,ETH,ET110204,30.0,30.0
ET110204,Gimbo,ET1102,Kefa,ET11,South West Ethiopia,ET,2006,9,0,ETH,ET110204,0.0,0.0
ET110205,Adiyio,ET1102,Kefa,ET11,South West Ethiopia,ET,2001,1,3,ETH,ET110205,1.5,1.5
ET110205,Adiyio,ET1102,Kefa,ET11,South West Ethiopia,ET,2002,12,0,ETH,ET110205,0.0,0.0
ET110211,Bonga town,ET1102,Kefa,ET11,South West Ethiopia,ET,2018,3,10,ETH,ET110211,5.0,5.0
ET110211,Bonga town,ET1102,Kefa,ET11,South West Ethiopia,ET,2018,10,11,ETH,ET110211,5.5,5.5
ET110211,Bonga town,ET1102,Kefa,ET11,South West Ethiopia,ET,2018,12,10,ETH,ET110211,5.0,5.0
ET110211,Bonga town,ET1102,Kefa,ET11,South West Ethiopia,ET,2019,1,37,ETH,ET110211,18.5,18.5
ET110211,Bonga town,ET1102,Kefa,ET11,South West Ethiopia,ET,2021,11,0,ETH,ET110211,0.0,0.0
ET110211,Bonga town,ET1102,Kefa,ET11,South West Ethiopia,ET,2022,8,0,ETH,ET110211,0.0,0.0
ET110211,Bonga town,ET1102,Kefa,ET11,South West Ethiopia,ET,2023,12,0,ETH,ET110211,0.0,0.0
ET110211,Bonga town,ET1102,Kefa,ET11,South West Ethiopia,ET,2024,11,0,ETH,ET110211,0.0,0.0
ET110301,Sheko,ET1103,Bench Sheko,ET11,South West Ethiopia,ET,2001,1,8,ETH,ET110301,4.0,4.0
ET110302,Gurafereda,ET1103,Bench Sheko,ET11,South West Ethiopia,ET,2020,2,0,ETH,ET110302,0.0,0.0
ET110302,Gurafereda,ET1103,Bench Sheko,ET11,South West Ethiopia,ET,2020,10,31,ETH,ET110302,15.5,15.5
ET110302,Gurafereda,ET1103,Bench Sheko,ET11,South West Ethiopia,ET,2021,2,3,ETH,ET110302,1.5,1.5
ET110302,Gurafereda,ET1103,Bench Sheko,ET11,South West Ethiopia,ET,2021,3,10,ETH,ET110302,5.0,5.0
ET110302,Gurafereda,ET1103,Bench Sheko,ET11,South West Ethiopia,ET,2021,4,34,ETH,ET110302,17.0,17.0
ET110302,Gurafereda,ET1103,Bench Sheko,ET11,South West Ethiopia,ET,2021,6,6,ETH,ET110302,3.0,3.0
ET110302,Gurafereda,ET1103,Bench Sheko,ET11,South West Ethiopia,ET,2022,3,2,ETH,ET110302,1.0,1.0
ET110303,Debub Bench,ET1103,Bench Sheko,ET11,South West Ethiopia,ET,2022,3,1,ETH,ET110303,0.5,0.5
ET110305,Semen Bench,ET1103,Bench Sheko,ET11,South West Ethiopia,ET,2002,3,33,ETH,ET110305,16.5,16.5
ET110305,Semen Bench,ET1103,Bench Sheko,ET11,South West Ethiopia,ET,2011,4,2,ETH,ET110305,1.0,1.0
ET110305,Semen Bench,ET1103,Bench Sheko,ET11,South West Ethiopia,ET,2012,1,0,ETH,ET110305,0.0,0.0
ET110305,Semen Bench,ET1103,Bench Sheko,ET11,South West Ethiopia,ET,2016,1,1,ETH,ET110305,0.5,0.5
ET110305,Semen Bench,ET1103,Bench Sheko,ET11,South West Ethiopia,ET,2016,7,0,ETH,ET110305,0.0,0.0
ET110305,Semen Bench,ET1103,Bench Sheko,ET11,South West Ethiopia,ET,2018,5,0,ETH,ET110305,0.0,0.0
ET110305,Semen Bench,ET1103,Bench Sheko,ET11,South West Ethiopia,ET,2021,4,6,ETH,ET110305,3.0,3.0
ET110305,Semen Bench,ET1103,Bench Sheko,ET11,South West Ethiopia,ET,2021,5,9,ETH,ET110305,4.5,4.5
ET110305,Semen Bench,ET1103,Bench Sheko,ET11,South West Ethiopia,ET,2021,7,0,ETH,ET110305,0.0,0.0
ET110305,Semen Bench,ET1103,Bench Sheko,ET11,South West Ethiopia,ET,2022,12,0,ETH,ET110305,0.0,0.0
ET110404,Gena,ET1104,Dawuro,ET11,South West Ethiopia,ET,2003,10,5,ETH,ET110404,2.5,2.5
ET110503,Gori Gesha,ET1105,Mirab Omo,ET11,South West Ethiopia,ET,2016,11,1,ETH,ET110503,0.5,0.5
ET110503,Gori Gesha,ET1105,Mirab Omo,ET11,South West Ethiopia,ET,2024,12,0,ETH,ET110503,0.0,0.0
ET110505,Bero,ET1105,Mirab Omo,ET11,South West Ethiopia,ET,2025,7,10,ETH,ET110505,5.0,5.0
ET110507,Maji,ET1105,Mirab Omo,ET11,South West Ethiopia,ET,2012,5,65,ETH,ET110507,32.5,32.5
ET110507,Maji,ET1105,Mirab Omo,ET11,South West Ethiopia,ET,2012,10,17,ETH,ET110507,8.5,8.5
ET110507,Maji,ET1105,Mirab Omo,ET11,South West Ethiopia,ET,2018,9,0,ETH,ET110507,0.0,0.0
ET110507,Maji,ET1105,Mirab Omo,ET11,South West Ethiopia,ET,2018,12,0,ETH,ET110507,0.0,0.0
ET110507,Maji,ET1105,Mirab Omo,ET11,South West Ethiopia,ET,2019,12,4,ETH,ET110507,2.0,2.0
ET110507,Maji,ET1105,Mirab Omo,ET11,South West Ethiopia,ET,2020,2,6,ETH,ET110507,3.0,3.0
ET110601,Konta,ET1106,Konta Special,ET11,South West Ethiopia,ET,2015,12,5,ETH,ET110601,2.5,2.5
ET120101,Akobo,ET1201,Nuwer,ET12,Gambela,ET,2002,6,60,ETH,ET120101,30.0,30.0
ET120101,Akobo,ET1201,Nuwer,ET12,Gambela,ET,2013,2,0,ETH,ET120101,0.0,0.0
ET120101,Akobo,ET1201,Nuwer,ET12,Gambela,ET,2013,3,6,ETH,ET120101,3.0,3.0
ET120101,Akobo,ET1201,Nuwer,ET12,Gambela,ET,2014,7,17,ETH,ET120101,8.5,8.5
ET120101,Akobo,ET1201,Nuwer,ET12,Gambela,ET,2014,9,14,ETH,ET120101,7.0,7.0
ET120101,Akobo,ET1201,Nuwer,ET12,Gambela,ET,2022,1,8,ETH,ET120101,4.0,4.0
ET120101,Akobo,ET1201,Nuwer,ET12,Gambela,ET,2022,12,0,ETH,ET120101,0.0,0.0
ET120101,Akobo,ET1201,Nuwer,ET12,Gambela,ET,2025,2,2,ETH,ET120101,1.0,1.0
ET120102,Lare,ET1201,Nuwer,ET12,Gambela,ET,2014,8,0,ETH,ET120102,0.0,0.0
ET120102,Lare,ET1201,Nuwer,ET12,Gambela,ET,2022,3,1,ETH,ET120102,0.5,0.5
ET120102,Lare,ET1201,Nuwer,ET12,Gambela,ET,2023,7,19,ETH,ET120102,9.5,9.5
ET120102,Lare,ET1201,Nuwer,ET12,Gambela,ET,2025,4,0,ETH,ET120102,0.0,0.0
ET120102,Lare,ET1201,Nuwer,ET12,Gambela,ET,2025,5,0,ETH,ET120102,0.0,0.0
ET120102,Lare,ET1201,Nuwer,ET12,Gambela,ET,2025,6,0,ETH,ET120102,0.0,0.0
ET120103,Jikawo,ET1201,Nuwer,ET12,Gambela,ET,2016,4,268,ETH,ET120103,134.0,134.0
ET120103,Jikawo,ET1201,Nuwer,ET12,Gambela,ET,2022,3,0,ETH,ET120103,0.0,0.0
ET120104,Wantawo,ET1201,Nuwer,ET12,Gambela,ET,2012,8,0,ETH,ET120104,0.0,0.0
ET120104,Wantawo,ET1201,Nuwer,ET12,Gambela,ET,2020,2,12,ETH,ET120104,6.0,6.0
ET120104,Wantawo,ET1201,Nuwer,ET12,Gambela,ET,2022,2,2,ETH,ET120104,1.0,1.0
ET120104,Wantawo,ET1201,Nuwer,ET12,Gambela,ET,2023,5,5,ETH,ET120104,2.5,2.5
ET120104,Wantawo,ET1201,Nuwer,ET12,Gambela,ET,2024,7,5,ETH,ET120104,2.5,2.5
ET120104,Wantawo,ET1201,Nuwer,ET12,Gambela,ET,2024,11,0,ETH,ET120104,0.0,0.0
ET120104,Wantawo,ET1201,Nuwer,ET12,Gambela,ET,2025,3,0,ETH,ET120104,0.0,0.0
ET120104,Wantawo,ET1201,Nuwer,ET12,Gambela,ET,2025,5,0,ETH,ET120104,0.0,0.0
ET120104,Wantawo,ET1201,Nuwer,ET12,Gambela,ET,2025,6,2,ETH,ET120104,1.0,1.0
ET120105,Makuey,ET1201,Nuwer,ET12,Gambela,ET,2022,3,1,ETH,ET120105,0.5,0.5
ET120105,Makuey,ET1201,Nuwer,ET12,Gambela,ET,2022,10,3,ETH,ET120105,1.5,1.5
ET120105,Makuey,ET1201,Nuwer,ET12,Gambela,ET,2023,5,5,ETH,ET120105,2.5,2.5
ET120201,Abobo,ET1202,Agnewak,ET12,Gambela,ET,2002,6,410,ETH,ET120201,205.0,205.0
ET120201,Abobo,ET1202,Agnewak,ET12,Gambela,ET,2010,2,5,ETH,ET120201,2.5,2.5
ET120201,Abobo,ET1202,Agnewak,ET12,Gambela,ET,2012,5,0,ETH,ET120201,0.0,0.0
ET120201,Abobo,ET1202,Agnewak,ET12,Gambela,ET,2013,3,1,ETH,ET120201,0.5,0.5
ET120201,Abobo,ET1202,Agnewak,ET12,Gambela,ET,2022,1,0,ETH,ET120201,0.0,0.0
ET120201,Abobo,ET1202,Agnewak,ET12,Gambela,ET,2022,2,2,ETH,ET120201,1.0,1.0
ET120201,Abobo,ET1202,Agnewak,ET12,Gambela,ET,2023,2,1,ETH,ET120201,0.5,0.5
ET120201,Abobo,ET1202,Agnewak,ET12,Gambela,ET,2023,12,4,ETH,ET120201,2.0,2.0
ET120201,Abobo,ET1202,Agnewak,ET12,Gambela,ET,2024,3,5,ETH,ET120201,2.5,2.5
ET120201,Abobo,ET1202,Agnewak,ET12,Gambela,ET,2025,5,0,ETH,ET120201,0.0,0.0
ET120201,Abobo,ET1202,Agnewak,ET12,Gambela,ET,2025,6,6,ETH,ET120201,3.0,3.0
ET120202,Gambela Zuria,ET1202,Agnewak,ET12,Gambela,ET,2023,6,4,ETH,ET120202,2.0,2.0
ET120202,Gambela Zuria,ET1202,Agnewak,ET12,Gambela,ET,2023,7,20,ETH,ET120202,10.0,10.0
ET120202,Gambela Zuria,ET1202,Agnewak,ET12,Gambela,ET,2023,9,0,ETH,ET120202,0.0,0.0
ET120202,Gambela Zuria,ET1202,Agnewak,ET12,Gambela,ET,2024,2,1,ETH,ET120202,0.5,0.5
ET120202,Gambela Zuria,ET1202,Agnewak,ET12,Gambela,ET,2024,3,3,ETH,ET120202,1.5,1.5
ET120202,Gambela Zuria,ET1202,Agnewak,ET12,Gambela,ET,2024,5,0,ETH,ET120202,0.0,0.0
ET120202,Gambela Zuria,ET1202,Agnewak,ET12,Gambela,ET,2024,6,1,ETH,ET120202,0.5,0.5
ET120202,Gambela Zuria,ET1202,Agnewak,ET12,Gambela,ET,2024,7,3,ETH,ET120202,1.5,1.5
ET120202,Gambela Zuria,ET1202,Agnewak,ET12,Gambela,ET,2024,12,2,ETH,ET120202,1.0,1.0
ET120203,Gog,ET1202,Agnewak,ET12,Gambela,ET,2010,11,2,ETH,ET120203,1.0,1.0
ET120203,Gog,ET1202,Agnewak,ET12,Gambela,ET,2013,1,6,ETH,ET120203,3.0,3.0
ET120203,Gog,ET1202,Agnewak,ET12,Gambela,ET,2020,6,0,ETH,ET120203,0.0,0.0
ET120203,Gog,ET1202,Agnewak,ET12,Gambela,ET,2022,2,6,ETH,ET120203,3.0,3.0
ET120203,Gog,ET1202,Agnewak,ET12,Gambela,ET,2023,2,4,ETH,ET120203,2.0,2.0
ET120203,Gog,ET1202,Agnewak,ET12,Gambela,ET,2023,4,1,ETH,ET120203,0.5,0.5
ET120203,Gog,ET1202,Agnewak,ET12,Gambela,ET,2023,5,0,ETH,ET120203,0.0,0.0
ET120203,Gog,ET1202,Agnewak,ET12,Gambela,ET,2023,6,2,ETH,ET120203,1.0,1.0
ET120203,Gog,ET1202,Agnewak,ET12,Gambela,ET,2023,7,5,ETH,ET120203,2.5,2.5
ET120203,Gog,ET1202,Agnewak,ET12,Gambela,ET,2023,8,1,ETH,ET120203,0.5,0.5
ET120203,Gog,ET1202,Agnewak,ET12,Gambela,ET,2023,10,0,ETH,ET120203,0.0,0.0
ET120203,Gog,ET1202,Agnewak,ET12,Gambela,ET,2024,4,10,ETH,ET120203,5.0,5.0
ET120203,Gog,ET1202,Agnewak,ET12,Gambela,ET,2024,10,1,ETH,ET120203,0.5,0.5
ET120203,Gog,ET1202,Agnewak,ET12,Gambela,ET,2025,2,1,ETH,ET120203,0.5,0.5
ET120203,Gog,ET1202,Agnewak,ET12,Gambela,ET,2025,6,0,ETH,ET120203,0.0,0.0
ET120204,Jore,ET1202,Agnewak,ET12,Gambela,ET,2024,4,47,ETH,ET120204,23.5,23.5
ET120205,Dima (GM),ET1202,Agnewak,ET12,Gambela,ET,2021,2,0,ETH,ET120205,0.0,0.0
ET120205,Dima (GM),ET1202,Agnewak,ET12,Gambela,ET,2022,2,0,ETH,ET120205,0.0,0.0
ET120205,Dima (GM),ET1202,Agnewak,ET12,Gambela,ET,2022,5,6,ETH,ET120205,3.0,3.0
ET120205,Dima (GM),ET1202,Agnewak,ET12,Gambela,ET,2022,6,1,ETH,ET120205,0.5,0.5
ET120205,Dima (GM),ET1202,Agnewak,ET12,Gambela,ET,2022,8,2,ETH,ET120205,1.0,1.0
ET120205,Dima (GM),ET1202,Agnewak,ET12,Gambela,ET,2022,10,1,ETH,ET120205,0.5,0.5
ET120205,Dima (GM),ET1202,Agnewak,ET12,Gambela,ET,2022,11,2,ETH,ET120205,1.0,1.0
ET120205,Dima (GM),ET1202,Agnewak,ET12,Gambela,ET,2023,2,6,ETH,ET120205,3.0,3.0
ET120205,Dima (GM),ET1202,Agnewak,ET12,Gambela,ET,2023,7,2,ETH,ET120205,1.0,1.0
ET120205,Dima (GM),ET1202,Agnewak,ET12,Gambela,ET,2023,9,13,ETH,ET120205,6.5,6.5
ET120205,Dima (GM),ET1202,Agnewak,ET12,Gambela,ET,2024,12,4,ETH,ET120205,2.0,2.0
ET120205,Dima (GM),ET1202,Agnewak,ET12,Gambela,ET,2025,5,8,ETH,ET120205,4.0,4.0
ET120206,Gambela town,ET1202,Agnewak,ET12,Gambela,ET,1997,1,0,ETH,ET120206,0.0,0.0
ET120206,Gambela town,ET1202,Agnewak,ET12,Gambela,ET,1997,2,0,ETH,ET120206,0.0,0.0
ET120206,Gambela town,ET1202,Agnewak,ET12,Gambela,ET,1998,9,0,ETH,ET120206,0.0,0.0
ET120206,Gambela town,ET1202,Agnewak,ET12,Gambela,ET,2001,8,0,ETH,ET120206,0.0,0.0
ET120206,Gambela town,ET1202,Agnewak,ET12,Gambela,ET,2002,3,33,ETH,ET120206,16.5,16.5
ET120206,Gambela town,ET1202,Agnewak,ET12,Gambela,ET,2002,6,696,ETH,ET120206,348.0,348.0
ET120206,Gambela town,ET1202,Agnewak,ET12,Gambela,ET,2002,7,85,ETH,ET120206,42.5,42.5
ET120206,Gambela town,ET1202,Agnewak,ET12,Gambela,ET,2002,8,0,ETH,ET120206,0.0,0.0
ET120206,Gambela town,ET1202,Agnewak,ET12,Gambela,ET,2002,9,2,ETH,ET120206,1.0,1.0
ET120206,Gambela town,ET1202,Agnewak,ET12,Gambela,ET,2002,11,46,ETH,ET120206,23.0,23.0
ET120206,Gambela town,ET1202,Agnewak,ET12,Gambela,ET,2002,12,33,ETH,ET120206,16.5,16.5
ET120206,Gambela town,ET1202,Agnewak,ET12,Gambela,ET,2003,1,0,ETH,ET120206,0.0,0.0
ET120206,Gambela town,ET1202,Agnewak,ET12,Gambela,ET,2003,12,113,ETH,ET120206,56.5,56.5
ET120206,Gambela town,ET1202,Agnewak,ET12,Gambela,ET,2004,10,2,ETH,ET120206,1.0,1.0
ET120206,Gambela town,ET1202,Agnewak,ET12,Gambela,ET,2005,10,8,ETH,ET120206,4.0,4.0
ET120206,Gambela town,ET1202,Agnewak,ET12,Gambela,ET,2008,11,0,ETH,ET120206,0.0,0.0
ET120206,Gambela town,ET1202,Agnewak,ET12,Gambela,ET,2010,11,5,ETH,ET120206,2.5,2.5
ET120206,Gambela town,ET1202,Agnewak,ET12,Gambela,ET,2011,1,0,ETH,ET120206,0.0,0.0
ET120206,Gambela town,ET1202,Agnewak,ET12,Gambela,ET,2012,3,19,ETH,ET120206,9.5,9.5
ET120206,Gambela town,ET1202,Agnewak,ET12,Gambela,ET,2012,4,10,ETH,ET120206,5.0,5.0
ET120206,Gambela town,ET1202,Agnewak,ET12,Gambela,ET,2012,5,5,ETH,ET120206,2.5,2.5
ET120206,Gambela town,ET1202,Agnewak,ET12,Gambela,ET,2012,6,0,ETH,ET120206,0.0,0.0
ET120206,Gambela town,ET1202,Agnewak,ET12,Gambela,ET,2013,10,0,ETH,ET120206,0.0,0.0
ET120206,Gambela town,ET1202,Agnewak,ET12,Gambela,ET,2016,1,27,ETH,ET120206,13.5,13.5
ET120206,Gambela town,ET1202,Agnewak,ET12,Gambela,ET,2016,3,0,ETH,ET120206,0.0,0.0
ET120206,Gambela town,ET1202,Agnewak,ET12,Gambela,ET,2016,4,14,ETH,ET120206,7.0,7.0
ET120206,Gambela town,ET1202,Agnewak,ET12,Gambela,ET,2017,1,29,ETH,ET120206,14.5,14.5
ET120206,Gambela town,ET1202,Agnewak,ET12,Gambela,ET,2017,2,12,ETH,ET120206,6.0,6.0
ET120206,Gambela town,ET1202,Agnewak,ET12,Gambela,ET,2017,3,18,ETH,ET120206,9.0,9.0
ET120206,Gambela town,ET1202,Agnewak,ET12,Gambela,ET,2017,12,8,ETH,ET120206,4.0,4.0
ET120206,Gambela town,ET1202,Agnewak,ET12,Gambela,ET,2018,6,0,ETH,ET120206,0.0,0.0
ET120206,Gambela town,ET1202,Agnewak,ET12,Gambela,ET,2018,9,4,ETH,ET120206,2.0,2.0
ET120206,Gambela town,ET1202,Agnewak,ET12,Gambela,ET,2018,10,3,ETH,ET120206,1.5,1.5
ET120206,Gambela town,ET1202,Agnewak,ET12,Gambela,ET,2019,1,6,ETH,ET120206,3.0,3.0
ET120206,Gambela town,ET1202,Agnewak,ET12,Gambela,ET,2019,4,6,ETH,ET120206,3.0,3.0
ET120206,Gambela town,ET1202,Agnewak,ET12,Gambela,ET,2019,7,1,ETH,ET120206,0.5,0.5
ET120206,Gambela town,ET1202,Agnewak,ET12,Gambela,ET,2019,8,8,ETH,ET120206,4.0,4.0
ET120206,Gambela town,ET1202,Agnewak,ET12,Gambela,ET,2019,9,2,ETH,ET120206,1.0,1.0
ET120206,Gambela town,ET1202,Agnewak,ET12,Gambela,ET,2020,11,0,ETH,ET120206,0.0,0.0
ET120206,Gambela town,ET1202,Agnewak,ET12,Gambela,ET,2021,2,0,ETH,ET120206,0.0,0.0
ET120206,Gambela town,ET1202,Agnewak,ET12,Gambela,ET,2021,5,0,ETH,ET120206,0.0,0.0
ET120206,Gambela town,ET1202,Agnewak,ET12,Gambela,ET,2021,8,6,ETH,ET120206,3.0,3.0
ET120206,Gambela town,ET1202,Agnewak,ET12,Gambela,ET,2021,11,0,ETH,ET120206,0.0,0.0
ET120206,Gambela town,ET1202,Agnewak,ET12,Gambela,ET,2021,12,0,ETH,ET120206,0.0,0.0
ET120206,Gambela town,ET1202,Agnewak,ET12,Gambela,ET,2022,1,3,ETH,ET120206,1.5,1.5
ET120206,Gambela town,ET1202,Agnewak,ET12,Gambela,ET,2022,3,2,ETH,ET120206,1.0,1.0
ET120206,Gambela town,ET1202,Agnewak,ET12,Gambela,ET,2022,6,100,ETH,ET120206,50.0,50.0
ET120206,Gambela town,ET1202,Agnewak,ET12,Gambela,ET,2022,10,0,ETH,ET120206,0.0,0.0
ET120206,Gambela town,ET1202,Agnewak,ET12,Gambela,ET,2022,12,0,ETH,ET120206,0.0,0.0
ET120206,Gambela town,ET1202,Agnewak,ET12,Gambela,ET,2023,1,0,ETH,ET120206,0.0,0.0
ET120206,Gambela town,ET1202,Agnewak,ET12,Gambela,ET,2023,3,0,ETH,ET120206,0.0,0.0
ET120206,Gambela town,ET1202,Agnewak,ET12,Gambela,ET,2023,4,0,ETH,ET120206,0.0,0.0
ET120206,Gambela town,ET1202,Agnewak,ET12,Gambela,ET,2023,5,1,ETH,ET120206,0.5,0.5
ET120206,Gambela town,ET1202,Agnewak,ET12,Gambela,ET,2023,7,57,ETH,ET120206,28.5,28.5
ET120206,Gambela town,ET1202,Agnewak,ET12,Gambela,ET,2023,12,0,ETH,ET120206,0.0,0.0
ET120206,Gambela town,ET1202,Agnewak,ET12,Gambela,ET,2024,1,1,ETH,ET120206,0.5,0.5
ET120206,Gambela town,ET1202,Agnewak,ET12,Gambela,ET,2024,3,1,ETH,ET120206,0.5,0.5
ET120206,Gambela town,ET1202,Agnewak,ET12,Gambela,ET,2024,6,2,ETH,ET120206,1.0,1.0
ET120206,Gambela town,ET1202,Agnewak,ET12,Gambela,ET,2024,12,0,ETH,ET120206,0.0,0.0
ET120301,Godere,ET1203,Majang,ET12,Gambela,ET,2023,9,13,ETH,ET120301,6.5,6.5
ET120301,Godere,ET1203,Majang,ET12,Gambela,ET,2024,5,0,ETH,ET120301,0.0,0.0
ET120308,Mengesh,ET1203,Majang,ET12,Gambela,ET,2024,11,0,ETH,ET120308,0.0,0.0
ET120407,Itang,ET1204,Itang Special woreda,ET12,Gambela,ET,1998,10,2,ETH,ET120407,1.0,1.0
ET120407,Itang,ET1204,Itang Special woreda,ET12,Gambela,ET,2000,6,206,ETH,ET120407,103.0,103.0
ET120407,Itang,ET1204,Itang Special woreda,ET12,Gambela,ET,2002,7,54,ETH,ET120407,27.0,27.0
ET120407,Itang,ET1204,Itang Special woreda,ET12,Gambela,ET,2003,1,0,ETH,ET120407,0.0,0.0
ET120407,Itang,ET1204,Itang Special woreda,ET12,Gambela,ET,2016,12,5,ETH,ET120407,2.5,2.5
ET120407,Itang,ET1204,Itang Special woreda,ET12,Gambela,ET,2022,3,0,ETH,ET120407,0.0,0.0
ET120407,Itang,ET1204,Itang Special woreda,ET12,Gambela,ET,2022,6,0,ETH,ET120407,0.0,0.0
ET120407,Itang,ET1204,Itang Special woreda,ET12,Gambela,ET,2023,4,1,ETH,ET120407,0.5,0.5
ET120407,Itang,ET1204,Itang Special woreda,ET12,Gambela,ET,2023,5,5,ETH,ET120407,2.5,2.5
ET120407,Itang,ET1204,Itang Special woreda,ET12,Gambela,ET,2023,7,80,ETH,ET120407,40.0,40.0
ET120407,Itang,ET1204,Itang Special woreda,ET12,Gambela,ET,2023,9,0,ETH,ET120407,0.0,0.0
ET120407,Itang,ET1204,Itang Special woreda,ET12,Gambela,ET,2023,11,0,ETH,ET120407,0.0,0.0
ET120407,Itang,ET1204,Itang Special woreda,ET12,Gambela,ET,2024,1,2,ETH,ET120407,1.0,1.0
ET120407,Itang,ET1204,Itang Special woreda,ET12,Gambela,ET,2024,2,0,ETH,ET120407,0.0,0.0
ET120407,Itang,ET1204,Itang Special woreda,ET12,Gambela,ET,2024,3,0,ETH,ET120407,0.0,0.0
ET120407,Itang,ET1204,Itang Special woreda,ET12,Gambela,ET,2024,5,9,ETH,ET120407,4.5,4.5
ET120407,Itang,ET1204,Itang Special woreda,ET12,Gambela,ET,2025,1,1,ETH,ET120407,0.5,0.5
ET120407,Itang,ET1204,Itang Special woreda,ET12,Gambela,ET,2025,5,5,ETH,ET120407,2.5,2.5
ET120407,Itang,ET1204,Itang Special woreda,ET12,Gambela,ET,2025,6,2,ETH,ET120407,1.0,1.0
ET130101,Sofi,ET1301,Harari,ET13,Harari,ET,2002,6,3,ETH,ET130101,1.5,1.5
ET130101,Sofi,ET1301,Harari,ET13,Harari,ET,2018,8,6,ETH,ET130101,3.0,3.0
ET130109,Abadir,ET1301,Harari,ET13,Harari,ET,1997,2,2,ETH,ET130109,1.0,1.0
ET130109,Abadir,ET1301,Harari,ET13,Harari,ET,1997,8,0,ETH,ET130109,0.0,0.0
ET130109,Abadir,ET1301,Harari,ET13,Harari,ET,2001,1,0,ETH,ET130109,0.0,0.0
ET130109,Abadir,ET1301,Harari,ET13,Harari,ET,2001,3,0,ETH,ET130109,0.0,0.0
ET130109,Abadir,ET1301,Harari,ET13,Harari,ET,2002,9,60,ETH,ET130109,30.0,30.0
ET130109,Abadir,ET1301,Harari,ET13,Harari,ET,2005,11,0,ETH,ET130109,0.0,0.0
ET130109,Abadir,ET1301,Harari,ET13,Harari,ET,2008,10,0,ETH,ET130109,0.0,0.0
ET130109,Abadir,ET1301,Harari,ET13,Harari,ET,2009,8,3,ETH,ET130109,1.5,1.5
ET130109,Abadir,ET1301,Harari,ET13,Harari,ET,2009,9,17,ETH,ET130109,8.5,8.5
ET130109,Abadir,ET1301,Harari,ET13,Harari,ET,2010,7,1,ETH,ET130109,0.5,0.5
ET130109,Abadir,ET1301,Harari,ET13,Harari,ET,2010,8,19,ETH,ET130109,9.5,9.5
ET130109,Abadir,ET1301,Harari,ET13,Harari,ET,2013,11,8,ETH,ET130109,4.0,4.0
ET130109,Abadir,ET1301,Harari,ET13,Harari,ET,2015,11,10,ETH,ET130109,5.0,5.0
ET130109,Abadir,ET1301,Harari,ET13,Harari,ET,2016,1,2,ETH,ET130109,1.0,1.0
ET130109,Abadir,ET1301,Harari,ET13,Harari,ET,2016,2,1,ETH,ET130109,0.5,0.5
ET130109,Abadir,ET1301,Harari,ET13,Harari,ET,2016,7,2,ETH,ET130109,1.0,1.0
ET130109,Abadir,ET1301,Harari,ET13,Harari,ET,2016,8,1,ETH,ET130109,0.5,0.5
ET130109,Abadir,ET1301,Harari,ET13,Harari,ET,2016,9,1,ETH,ET130109,0.5,0.5
ET130109,Abadir,ET1301,Harari,ET13,Harari,ET,2016,10,1,ETH,ET130109,0.5,0.5
ET130109,Abadir,ET1301,Harari,ET13,Harari,ET,2017,8,0,ETH,ET130109,0.0,0.0
ET130109,Abadir,ET1301,Harari,ET13,Harari,ET,2018,1,1,ETH,ET130109,0.5,0.5
ET130109,Abadir,ET1301,Harari,ET13,Harari,ET,2018,3,0,ETH,ET130109,0.0,0.0
ET130109,Abadir,ET1301,Harari,ET13,Harari,ET,2018,6,0,ETH,ET130109,0.0,0.0
ET130109,Abadir,ET1301,Harari,ET13,Harari,ET,2018,10,5,ETH,ET130109,2.5,2.5
ET130109,Abadir,ET1301,Harari,ET13,Harari,ET,2019,3,0,ETH,ET130109,0.0,0.0
ET130109,Abadir,ET1301,Harari,ET13,Harari,ET,2019,8,1,ETH,ET130109,0.5,0.5
ET130109,Abadir,ET1301,Harari,ET13,Harari,ET,2019,10,3,ETH,ET130109,1.5,1.5
ET130109,Abadir,ET1301,Harari,ET13,Harari,ET,2020,1,0,ETH,ET130109,0.0,0.0
ET130109,Abadir,ET1301,Harari,ET13,Harari,ET,2020,2,0,ETH,ET130109,0.0,0.0
ET130109,Abadir,ET1301,Harari,ET13,Harari,ET,2020,6,1,ETH,ET130109,0.5,0.5
ET130109,Abadir,ET1301,Harari,ET13,Harari,ET,2020,8,2,ETH,ET130109,1.0,1.0
ET130109,Abadir,ET1301,Harari,ET13,Harari,ET,2021,1,0,ETH,ET130109,0.0,0.0
ET130109,Abadir,ET1301,Harari,ET13,Harari,ET,2021,5,0,ETH,ET130109,0.0,0.0
ET130109,Abadir,ET1301,Harari,ET13,Harari,ET,2021,11,0,ETH,ET130109,0.0,0.0
ET130109,Abadir,ET1301,Harari,ET13,Harari,ET,2022,1,0,ETH,ET130109,0.0,0.0
ET130109,Abadir,ET1301,Harari,ET13,Harari,ET,2022,4,0,ETH,ET130109,0.0,0.0
ET130109,Abadir,ET1301,Harari,ET13,Harari,ET,2022,10,0,ETH,ET130109,0.0,0.0
ET130109,Abadir,ET1301,Harari,ET13,Harari,ET,2023,6,0,ETH,ET130109,0.0,0.0
ET130109,Abadir,ET1301,Harari,ET13,Harari,ET,2023,12,1,ETH,ET130109,0.5,0.5
ET130109,Abadir,ET1301,Harari,ET13,Harari,ET,2024,1,0,ETH,ET130109,0.0,0.0
ET130109,Abadir,ET1301,Harari,ET13,Harari,ET,2024,3,4,ETH,ET130109,2.0,2.0
ET130109,Abadir,ET1301,Harari,ET13,Harari,ET,2025,1,0,ETH,ET130109,0.0,0.0
ET140101,Akaki Kality,ET1401,Region 14,ET14,Addis Ababa,ET,2016,9,69,ETH,ET140101,34.5,34.5
ET140101,Akaki Kality,ET1401,Region 14,ET14,Addis Ababa,ET,2016,12,0,ETH,ET140101,0.0,0.0
ET140101,Akaki Kality,ET1401,Region 14,ET14,Addis Ababa,ET,2017,1,0,ETH,ET140101,0.0,0.0
ET140101,Akaki Kality,ET1401,Region 14,ET14,Addis Ababa,ET,2019,6,0,ETH,ET140101,0.0,0.0
ET140101,Akaki Kality,ET1401,Region 14,ET14,Addis Ababa,ET,2020,6,1,ETH,ET140101,0.5,0.5
ET140101,Akaki Kality,ET1401,Region 14,ET14,Addis Ababa,ET,2023,5,1,ETH,ET140101,0.5,0.5
ET140101,Akaki Kality,ET1401,Region 14,ET14,Addis Ababa,ET,2024,1,0,ETH,ET140101,0.0,0.0
ET140101,Akaki Kality,ET1401,Region 14,ET14,Addis Ababa,ET,2025,8,0,ETH,ET140101,0.0,0.0
ET140102,Nifas Silk Lafto,ET1401,Region 14,ET14,Addis Ababa,ET,2016,6,4,ETH,ET140102,2.0,2.0
ET140102,Nifas Silk Lafto,ET1401,Region 14,ET14,Addis Ababa,ET,2018,9,0,ETH,ET140102,0.0,0.0
ET140102,Nifas Silk Lafto,ET1401,Region 14,ET14,Addis Ababa,ET,2023,3,1,ETH,ET140102,0.5,0.5
ET140102,Nifas Silk Lafto,ET1401,Region 14,ET14,Addis Ababa,ET,2023,9,0,ETH,ET140102,0.0,0.0
ET140102,Nifas Silk Lafto,ET1401,Region 14,ET14,Addis Ababa,ET,2025,4,1,ETH,ET140102,0.5,0.5
ET140102,Nifas Silk Lafto,ET1401,Region 14,ET14,Addis Ababa,ET,2025,8,0,ETH,ET140102,0.0,0.0
ET140103,Kolfe Keraniyo,ET1401,Region 14,ET14,Addis Ababa,ET,2016,10,0,ETH,ET140103,0.0,0.0
ET140103,Kolfe Keraniyo,ET1401,Region 14,ET14,Addis Ababa,ET,2018,9,2,ETH,ET140103,1.0,1.0
ET140103,Kolfe Keraniyo,ET1401,Region 14,ET14,Addis Ababa,ET,2022,12,0,ETH,ET140103,0.0,0.0
ET140103,Kolfe Keraniyo,ET1401,Region 14,ET14,Addis Ababa,ET,2023,2,0,ETH,ET140103,0.0,0.0
ET140103,Kolfe Keraniyo,ET1401,Region 14,ET14,Addis Ababa,ET,2023,9,0,ETH,ET140103,0.0,0.0
ET140103,Kolfe Keraniyo,ET1401,Region 14,ET14,Addis Ababa,ET,2023,12,0,ETH,ET140103,0.0,0.0
ET140103,Kolfe Keraniyo,ET1401,Region 14,ET14,Addis Ababa,ET,2024,1,0,ETH,ET140103,0.0,0.0
ET140104,Bole,ET1401,Region 14,ET14,Addis Ababa,ET,2018,10,4,ETH,ET140104,2.0,2.0
ET140104,Bole,ET1401,Region 14,ET14,Addis Ababa,ET,2019,10,0,ETH,ET140104,0.0,0.0
ET140104,Bole,ET1401,Region 14,ET14,Addis Ababa,ET,2019,11,1,ETH,ET140104,0.5,0.5
ET140104,Bole,ET1401,Region 14,ET14,Addis Ababa,ET,2020,3,0,ETH,ET140104,0.0,0.0
ET140104,Bole,ET1401,Region 14,ET14,Addis Ababa,ET,2020,5,0,ETH,ET140104,0.0,0.0
ET140104,Bole,ET1401,Region 14,ET14,Addis Ababa,ET,2020,12,0,ETH,ET140104,0.0,0.0
ET140104,Bole,ET1401,Region 14,ET14,Addis Ababa,ET,2021,2,0,ETH,ET140104,0.0,0.0
ET140104,Bole,ET1401,Region 14,ET14,Addis Ababa,ET,2021,7,0,ETH,ET140104,0.0,0.0
ET140104,Bole,ET1401,Region 14,ET14,Addis Ababa,ET,2022,9,0,ETH,ET140104,0.0,0.0
ET140104,Bole,ET1401,Region 14,ET14,Addis Ababa,ET,2023,2,0,ETH,ET140104,0.0,0.0
ET140104,Bole,ET1401,Region 14,ET14,Addis Ababa,ET,2023,3,0,ETH,ET140104,0.0,0.0
ET140104,Bole,ET1401,Region 14,ET14,Addis Ababa,ET,2023,7,0,ETH,ET140104,0.0,0.0
ET140104,Bole,ET1401,Region 14,ET14,Addis Ababa,ET,2023,11,0,ETH,ET140104,0.0,0.0
ET140104,Bole,ET1401,Region 14,ET14,Addis Ababa,ET,2024,4,3,ETH,ET140104,1.5,1.5
ET140104,Bole,ET1401,Region 14,ET14,Addis Ababa,ET,2024,5,0,ETH,ET140104,0.0,0.0
ET140104,Bole,ET1401,Region 14,ET14,Addis Ababa,ET,2024,7,2,ETH,ET140104,1.0,1.0
ET140104,Bole,ET1401,Region 14,ET14,Addis Ababa,ET,2024,8,0,ETH,ET140104,0.0,0.0
ET140104,Bole,ET1401,Region 14,ET14,Addis Ababa,ET,2025,2,0,ETH,ET140104,0.0,0.0
ET140104,Bole,ET1401,Region 14,ET14,Addis Ababa,ET,2025,8,1,ETH,ET140104,0.5,0.5
ET140105,Lideta,ET1401,Region 14,ET14,Addis Ababa,ET,1997,3,0,ETH,ET140105,0.0,0.0
ET140105,Lideta,ET1401,Region 14,ET14,Addis Ababa,ET,1997,4,1,ETH,ET140105,0.5,0.5
ET140105,Lideta,ET1401,Region 14,ET14,Addis Ababa,ET,1997,5,1,ETH,ET140105,0.5,0.5
ET140105,Lideta,ET1401,Region 14,ET14,Addis Ababa,ET,1997,9,1,ETH,ET140105,0.5,0.5
ET140105,Lideta,ET1401,Region 14,ET14,Addis Ababa,ET,1997,10,6,ETH,ET140105,3.0,3.0
ET140105,Lideta,ET1401,Region 14,ET14,Addis Ababa,ET,1998,7,0,ETH,ET140105,0.0,0.0
ET140105,Lideta,ET1401,Region 14,ET14,Addis Ababa,ET,2000,2,1,ETH,ET140105,0.5,0.5
ET140105,Lideta,ET1401,Region 14,ET14,Addis Ababa,ET,2001,1,1,ETH,ET140105,0.5,0.5
ET140105,Lideta,ET1401,Region 14,ET14,Addis Ababa,ET,2001,4,79,ETH,ET140105,39.5,39.5
ET140105,Lideta,ET1401,Region 14,ET14,Addis Ababa,ET,2001,11,1,ETH,ET140105,0.5,0.5
ET140105,Lideta,ET1401,Region 14,ET14,Addis Ababa,ET,2002,4,100,ETH,ET140105,50.0,50.0
ET140105,Lideta,ET1401,Region 14,ET14,Addis Ababa,ET,2002,9,2,ETH,ET140105,1.0,1.0
ET140105,Lideta,ET1401,Region 14,ET14,Addis Ababa,ET,2002,12,0,ETH,ET140105,0.0,0.0
ET140105,Lideta,ET1401,Region 14,ET14,Addis Ababa,ET,2003,7,0,ETH,ET140105,0.0,0.0
ET140105,Lideta,ET1401,Region 14,ET14,Addis Ababa,ET,2003,8,2,ETH,ET140105,1.0,1.0
ET140105,Lideta,ET1401,Region 14,ET14,Addis Ababa,ET,2004,4,0,ETH,ET140105,0.0,0.0
ET140105,Lideta,ET1401,Region 14,ET14,Addis Ababa,ET,2005,3,0,ETH,ET140105,0.0,0.0
ET140105,Lideta,ET1401,Region 14,ET14,Addis Ababa,ET,2005,4,1,ETH,ET140105,0.5,0.5
ET140105,Lideta,ET1401,Region 14,ET14,Addis Ababa,ET,2005,6,23,ETH,ET140105,11.5,11.5
ET140105,Lideta,ET1401,Region 14,ET14,Addis Ababa,ET,2005,11,44,ETH,ET140105,22.0,22.0
ET140105,Lideta,ET1401,Region 14,ET14,Addis Ababa,ET,2005,12,0,ETH,ET140105,0.0,0.0
ET140105,Lideta,ET1401,Region 14,ET14,Addis Ababa,ET,2006,1,3,ETH,ET140105,1.5,1.5
ET140105,Lideta,ET1401,Region 14,ET14,Addis Ababa,ET,2006,2,0,ETH,ET140105,0.0,0.0
ET140105,Lideta,ET1401,Region 14,ET14,Addis Ababa,ET,2006,4,0,ETH,ET140105,0.0,0.0
ET140105,Lideta,ET1401,Region 14,ET14,Addis Ababa,ET,2006,5,0,ETH,ET140105,0.0,0.0
ET140105,Lideta,ET1401,Region 14,ET14,Addis Ababa,ET,2006,9,0,ETH,ET140105,0.0,0.0
ET140105,Lideta,ET1401,Region 14,ET14,Addis Ababa,ET,2006,11,0,ETH,ET140105,0.0,0.0
ET140105,Lideta,ET1401,Region 14,ET14,Addis Ababa,ET,2007,9,0,ETH,ET140105,0.0,0.0
ET140105,Lideta,ET1401,Region 14,ET14,Addis Ababa,ET,2007,11,0,ETH,ET140105,0.0,0.0
ET140105,Lideta,ET1401,Region 14,ET14,Addis Ababa,ET,2008,4,0,ETH,ET140105,0.0,0.0
ET140105,Lideta,ET1401,Region 14,ET14,Addis Ababa,ET,2008,5,0,ETH,ET140105,0.0,0.0
ET140105,Lideta,ET1401,Region 14,ET14,Addis Ababa,ET,2008,9,0,ETH,ET140105,0.0,0.0
ET140105,Lideta,ET1401,Region 14,ET14,Addis Ababa,ET,2008,11,0,ETH,ET140105,0.0,0.0
ET140105,Lideta,ET1401,Region 14,ET14,Addis Ababa,ET,2009,4,0,ETH,ET140105,0.0,0.0
ET140105,Lideta,ET1401,Region 14,ET14,Addis Ababa,ET,2009,10,0,ETH,ET140105,0.0,0.0
ET140105,Lideta,ET1401,Region 14,ET14,Addis Ababa,ET,2010,4,1,ETH,ET140105,0.5,0.5
ET140105,Lideta,ET1401,Region 14,ET14,Addis Ababa,ET,2010,5,0,ETH,ET140105,0.0,0.0
ET140105,Lideta,ET1401,Region 14,ET14,Addis Ababa,ET,2010,6,0,ETH,ET140105,0.0,0.0
ET140105,Lideta,ET1401,Region 14,ET14,Addis Ababa,ET,2010,7,0,ETH,ET140105,0.0,0.0
ET140105,Lideta,ET1401,Region 14,ET14,Addis Ababa,ET,2010,8,0,ETH,ET140105,0.0,0.0
ET140105,Lideta,ET1401,Region 14,ET14,Addis Ababa,ET,2010,9,0,ETH,ET140105,0.0,0.0
ET140105,Lideta,ET1401,Region 14,ET14,Addis Ababa,ET,2010,10,0,ETH,ET140105,0.0,0.0
ET140105,Lideta,ET1401,Region 14,ET14,Addis Ababa,ET,2010,12,0,ETH,ET140105,0.0,0.0
ET140105,Lideta,ET1401,Region 14,ET14,Addis Ababa,ET,2011,3,0,ETH,ET140105,0.0,0.0
ET140105,Lideta,ET1401,Region 14,ET14,Addis Ababa,ET,2011,5,0,ETH,ET140105,0.0,0.0
ET140105,Lideta,ET1401,Region 14,ET14,Addis Ababa,ET,2011,8,0,ETH,ET140105,0.0,0.0
ET140105,Lideta,ET1401,Region 14,ET14,Addis Ababa,ET,2011,9,4,ETH,ET140105,2.0,2.0
ET140105,Lideta,ET1401,Region 14,ET14,Addis Ababa,ET,2012,3,22,ETH,ET140105,11.0,11.0
ET140105,Lideta,ET1401,Region 14,ET14,Addis Ababa,ET,2012,5,1,ETH,ET140105,0.5,0.5
ET140105,Lideta,ET1401,Region 14,ET14,Addis Ababa,ET,2012,6,2,ETH,ET140105,1.0,1.0
ET140105,Lideta,ET1401,Region 14,ET14,Addis Ababa,ET,2012,7,0,ETH,ET140105,0.0,0.0
ET140105,Lideta,ET1401,Region 14,ET14,Addis Ababa,ET,2012,8,0,ETH,ET140105,0.0,0.0
ET140105,Lideta,ET1401,Region 14,ET14,Addis Ababa,ET,2012,10,0,ETH,ET140105,0.0,0.0
ET140105,Lideta,ET1401,Region 14,ET14,Addis Ababa,ET,2012,11,0,ETH,ET140105,0.0,0.0
ET140105,Lideta,ET1401,Region 14,ET14,Addis Ababa,ET,2013,1,0,ETH,ET140105,0.0,0.0
ET140105,Lideta,ET1401,Region 14,ET14,Addis Ababa,ET,2013,3,23,ETH,ET140105,11.5,11.5
ET140105,Lideta,ET1401,Region 14,ET14,Addis Ababa,ET,2013,6,0,ETH,ET140105,0.0,0.0
ET140105,Lideta,ET1401,Region 14,ET14,Addis Ababa,ET,2013,7,0,ETH,ET140105,0.0,0.0
ET140105,Lideta,ET1401,Region 14,ET14,Addis Ababa,ET,2013,8,3,ETH,ET140105,1.5,1.5
ET140105,Lideta,ET1401,Region 14,ET14,Addis Ababa,ET,2013,9,0,ETH,ET140105,0.0,0.0
ET140105,Lideta,ET1401,Region 14,ET14,Addis Ababa,ET,2013,10,2,ETH,ET140105,1.0,1.0
ET140105,Lideta,ET1401,Region 14,ET14,Addis Ababa,ET,2013,11,0,ETH,ET140105,0.0,0.0
ET140105,Lideta,ET1401,Region 14,ET14,Addis Ababa,ET,2014,1,0,ETH,ET140105,0.0,0.0
ET140105,Lideta,ET1401,Region 14,ET14,Addis Ababa,ET,2014,4,0,ETH,ET140105,0.0,0.0
ET140105,Lideta,ET1401,Region 14,ET14,Addis Ababa,ET,2014,5,0,ETH,ET140105,0.0,0.0
ET140105,Lideta,ET1401,Region 14,ET14,Addis Ababa,ET,2014,7,0,ETH,ET140105,0.0,0.0
ET140105,Lideta,ET1401,Region 14,ET14,Addis Ababa,ET,2014,8,0,ETH,ET140105,0.0,0.0
ET140105,Lideta,ET1401,Region 14,ET14,Addis Ababa,ET,2014,10,0,ETH,ET140105,0.0,0.0
ET140105,Lideta,ET1401,Region 14,ET14,Addis Ababa,ET,2014,11,0,ETH,ET140105,0.0,0.0
ET140105,Lideta,ET1401,Region 14,ET14,Addis Ababa,ET,2014,12,0,ETH,ET140105,0.0,0.0
ET140105,Lideta,ET1401,Region 14,ET14,Addis Ababa,ET,2015,1,0,ETH,ET140105,0.0,0.0
ET140105,Lideta,ET1401,Region 14,ET14,Addis Ababa,ET,2015,4,0,ETH,ET140105,0.0,0.0
ET140105,Lideta,ET1401,Region 14,ET14,Addis Ababa,ET,2015,6,0,ETH,ET140105,0.0,0.0
ET140105,Lideta,ET1401,Region 14,ET14,Addis Ababa,ET,2015,7,0,ETH,ET140105,0.0,0.0
ET140105,Lideta,ET1401,Region 14,ET14,Addis Ababa,ET,2015,9,0,ETH,ET140105,0.0,0.0
ET140105,Lideta,ET1401,Region 14,ET14,Addis Ababa,ET,2015,12,0,ETH,ET140105,0.0,0.0
ET140105,Lideta,ET1401,Region 14,ET14,Addis Ababa,ET,2016,1,0,ETH,ET140105,0.0,0.0
ET140105,Lideta,ET1401,Region 14,ET14,Addis Ababa,ET,2016,2,0,ETH,ET140105,0.0,0.0
ET140105,Lideta,ET1401,Region 14,ET14,Addis Ababa,ET,2016,3,1,ETH,ET140105,0.5,0.5
ET140105,Lideta,ET1401,Region 14,ET14,Addis Ababa,ET,2016,5,11,ETH,ET140105,5.5,5.5
ET140105,Lideta,ET1401,Region 14,ET14,Addis Ababa,ET,2016,6,0,ETH,ET140105,0.0,0.0
ET140105,Lideta,ET1401,Region 14,ET14,Addis Ababa,ET,2016,8,0,ETH,ET140105,0.0,0.0
ET140105,Lideta,ET1401,Region 14,ET14,Addis Ababa,ET,2016,9,0,ETH,ET140105,0.0,0.0
ET140105,Lideta,ET1401,Region 14,ET14,Addis Ababa,ET,2016,10,0,ETH,ET140105,0.0,0.0
ET140105,Lideta,ET1401,Region 14,ET14,Addis Ababa,ET,2016,11,1,ETH,ET140105,0.5,0.5
ET140105,Lideta,ET1401,Region 14,ET14,Addis Ababa,ET,2016,12,0,ETH,ET140105,0.0,0.0
ET140105,Lideta,ET1401,Region 14,ET14,Addis Ababa,ET,2017,1,0,ETH,ET140105,0.0,0.0
ET140105,Lideta,ET1401,Region 14,ET14,Addis Ababa,ET,2017,2,1,ETH,ET140105,0.5,0.5
ET140105,Lideta,ET1401,Region 14,ET14,Addis Ababa,ET,2017,3,0,ETH,ET140105,0.0,0.0
ET140105,Lideta,ET1401,Region 14,ET14,Addis Ababa,ET,2017,6,0,ETH,ET140105,0.0,0.0
ET140105,Lideta,ET1401,Region 14,ET14,Addis Ababa,ET,2017,7,0,ETH,ET140105,0.0,0.0
ET140105,Lideta,ET1401,Region 14,ET14,Addis Ababa,ET,2017,8,0,ETH,ET140105,0.0,0.0
ET140105,Lideta,ET1401,Region 14,ET14,Addis Ababa,ET,2017,9,0,ETH,ET140105,0.0,0.0
ET140105,Lideta,ET1401,Region 14,ET14,Addis Ababa,ET,2017,10,4,ETH,ET140105,2.0,2.0
ET140105,Lideta,ET1401,Region 14,ET14,Addis Ababa,ET,2017,11,40,ETH,ET140105,20.0,20.0
ET140105,Lideta,ET1401,Region 14,ET14,Addis Ababa,ET,2017,12,0,ETH,ET140105,0.0,0.0
ET140105,Lideta,ET1401,Region 14,ET14,Addis Ababa,ET,2018,1,0,ETH,ET140105,0.0,0.0
ET140105,Lideta,ET1401,Region 14,ET14,Addis Ababa,ET,2018,2,1,ETH,ET140105,0.5,0.5
ET140105,Lideta,ET1401,Region 14,ET14,Addis Ababa,ET,2018,3,13,ETH,ET140105,6.5,6.5
ET140105,Lideta,ET1401,Region 14,ET14,Addis Ababa,ET,2018,4,0,ETH,ET140105,0.0,0.0
ET140105,Lideta,ET1401,Region 14,ET14,Addis Ababa,ET,2018,6,2,ETH,ET140105,1.0,1.0
ET140105,Lideta,ET1401,Region 14,ET14,Addis Ababa,ET,2018,7,1,ETH,ET140105,0.5,0.5
ET140105,Lideta,ET1401,Region 14,ET14,Addis Ababa,ET,2018,8,0,ETH,ET140105,0.0,0.0
ET140105,Lideta,ET1401,Region 14,ET14,Addis Ababa,ET,2018,9,9,ETH,ET140105,4.5,4.5
ET140105,Lideta,ET1401,Region 14,ET14,Addis Ababa,ET,2018,10,0,ETH,ET140105,0.0,0.0
ET140105,Lideta,ET1401,Region 14,ET14,Addis Ababa,ET,2018,11,0,ETH,ET140105,0.0,0.0
ET140105,Lideta,ET1401,Region 14,ET14,Addis Ababa,ET,2018,12,0,ETH,ET140105,0.0,0.0
ET140105,Lideta,ET1401,Region 14,ET14,Addis Ababa,ET,2019,1,0,ETH,ET140105,0.0,0.0
ET140105,Lideta,ET1401,Region 14,ET14,Addis Ababa,ET,2019,3,0,ETH,ET140105,0.0,0.0
ET140105,Lideta,ET1401,Region 14,ET14,Addis Ababa,ET,2019,4,0,ETH,ET140105,0.0,0.0
ET140105,Lideta,ET1401,Region 14,ET14,Addis Ababa,ET,2019,5,0,ETH,ET140105,0.0,0.0
ET140105,Lideta,ET1401,Region 14,ET14,Addis Ababa,ET,2019,6,2,ETH,ET140105,1.0,1.0
ET140105,Lideta,ET1401,Region 14,ET14,Addis Ababa,ET,2019,8,2,ETH,ET140105,1.0,1.0
ET140105,Lideta,ET1401,Region 14,ET14,Addis Ababa,ET,2019,10,0,ETH,ET140105,0.0,0.0
ET140105,Lideta,ET1401,Region 14,ET14,Addis Ababa,ET,2019,11,0,ETH,ET140105,0.0,0.0
ET140105,Lideta,ET1401,Region 14,ET14,Addis Ababa,ET,2019,12,0,ETH,ET140105,0.0,0.0
ET140105,Lideta,ET1401,Region 14,ET14,Addis Ababa,ET,2020,1,0,ETH,ET140105,0.0,0.0
ET140105,Lideta,ET1401,Region 14,ET14,Addis Ababa,ET,2020,2,2,ETH,ET140105,1.0,1.0
ET140105,Lideta,ET1401,Region 14,ET14,Addis Ababa,ET,2020,3,0,ETH,ET140105,0.0,0.0
ET140105,Lideta,ET1401,Region 14,ET14,Addis Ababa,ET,2020,6,1,ETH,ET140105,0.5,0.5
ET140105,Lideta,ET1401,Region 14,ET14,Addis Ababa,ET,2020,7,10,ETH,ET140105,5.0,5.0
ET140105,Lideta,ET1401,Region 14,ET14,Addis Ababa,ET,2020,11,0,ETH,ET140105,0.0,0.0
ET140105,Lideta,ET1401,Region 14,ET14,Addis Ababa,ET,2020,12,4,ETH,ET140105,2.0,2.0
ET140105,Lideta,ET1401,Region 14,ET14,Addis Ababa,ET,2021,4,2,ETH,ET140105,1.0,1.0
ET140105,Lideta,ET1401,Region 14,ET14,Addis Ababa,ET,2021,5,0,ETH,ET140105,0.0,0.0
ET140105,Lideta,ET1401,Region 14,ET14,Addis Ababa,ET,2021,6,0,ETH,ET140105,0.0,0.0
ET140105,Lideta,ET1401,Region 14,ET14,Addis Ababa,ET,2021,7,0,ETH,ET140105,0.0,0.0
ET140105,Lideta,ET1401,Region 14,ET14,Addis Ababa,ET,2021,8,0,ETH,ET140105,0.0,0.0
ET140105,Lideta,ET1401,Region 14,ET14,Addis Ababa,ET,2021,9,0,ETH,ET140105,0.0,0.0
ET140105,Lideta,ET1401,Region 14,ET14,Addis Ababa,ET,2021,10,0,ETH,ET140105,0.0,0.0
ET140105,Lideta,ET1401,Region 14,ET14,Addis Ababa,ET,2021,11,0,ETH,ET140105,0.0,0.0
ET140105,Lideta,ET1401,Region 14,ET14,Addis Ababa,ET,2022,3,0,ETH,ET140105,0.0,0.0
ET140105,Lideta,ET1401,Region 14,ET14,Addis Ababa,ET,2022,4,0,ETH,ET140105,0.0,0.0
ET140105,Lideta,ET1401,Region 14,ET14,Addis Ababa,ET,2022,5,0,ETH,ET140105,0.0,0.0
ET140105,Lideta,ET1401,Region 14,ET14,Addis Ababa,ET,2022,6,0,ETH,ET140105,0.0,0.0
ET140105,Lideta,ET1401,Region 14,ET14,Addis Ababa,ET,2022,7,0,ETH,ET140105,0.0,0.0
ET140105,Lideta,ET1401,Region 14,ET14,Addis Ababa,ET,2022,8,0,ETH,ET140105,0.0,0.0
ET140105,Lideta,ET1401,Region 14,ET14,Addis Ababa,ET,2022,9,2,ETH,ET140105,1.0,1.0
ET140105,Lideta,ET1401,Region 14,ET14,Addis Ababa,ET,2022,10,0,ETH,ET140105,0.0,0.0
ET140105,Lideta,ET1401,Region 14,ET14,Addis Ababa,ET,2022,11,0,ETH,ET140105,0.0,0.0
ET140105,Lideta,ET1401,Region 14,ET14,Addis Ababa,ET,2022,12,0,ETH,ET140105,0.0,0.0
ET140105,Lideta,ET1401,Region 14,ET14,Addis Ababa,ET,2023,1,0,ETH,ET140105,0.0,0.0
ET140105,Lideta,ET1401,Region 14,ET14,Addis Ababa,ET,2023,2,0,ETH,ET140105,0.0,0.0
ET140105,Lideta,ET1401,Region 14,ET14,Addis Ababa,ET,2023,3,0,ETH,ET140105,0.0,0.0
ET140105,Lideta,ET1401,Region 14,ET14,Addis Ababa,ET,2023,4,0,ETH,ET140105,0.0,0.0
ET140105,Lideta,ET1401,Region 14,ET14,Addis Ababa,ET,2023,5,0,ETH,ET140105,0.0,0.0
ET140105,Lideta,ET1401,Region 14,ET14,Addis Ababa,ET,2023,8,0,ETH,ET140105,0.0,0.0
ET140105,Lideta,ET1401,Region 14,ET14,Addis Ababa,ET,2023,9,0,ETH,ET140105,0.0,0.0
ET140105,Lideta,ET1401,Region 14,ET14,Addis Ababa,ET,2023,10,0,ETH,ET140105,0.0,0.0
ET140105,Lideta,ET1401,Region 14,ET14,Addis Ababa,ET,2023,12,0,ETH,ET140105,0.0,0.0
ET140105,Lideta,ET1401,Region 14,ET14,Addis Ababa,ET,2024,1,0,ETH,ET140105,0.0,0.0
ET140105,Lideta,ET1401,Region 14,ET14,Addis Ababa,ET,2024,2,0,ETH,ET140105,0.0,0.0
ET140105,Lideta,ET1401,Region 14,ET14,Addis Ababa,ET,2024,4,0,ETH,ET140105,0.0,0.0
ET140105,Lideta,ET1401,Region 14,ET14,Addis Ababa,ET,2024,7,0,ETH,ET140105,0.0,0.0
ET140105,Lideta,ET1401,Region 14,ET14,Addis Ababa,ET,2024,8,0,ETH,ET140105,0.0,0.0
ET140105,Lideta,ET1401,Region 14,ET14,Addis Ababa,ET,2024,9,0,ETH,ET140105,0.0,0.0
ET140105,Lideta,ET1401,Region 14,ET14,Addis Ababa,ET,2024,10,0,ETH,ET140105,0.0,0.0
ET140105,Lideta,ET1401,Region 14,ET14,Addis Ababa,ET,2024,11,0,ETH,ET140105,0.0,0.0
ET140105,Lideta,ET1401,Region 14,ET14,Addis Ababa,ET,2024,12,1,ETH,ET140105,0.5,0.5
ET140105,Lideta,ET1401,Region 14,ET14,Addis Ababa,ET,2025,1,0,ETH,ET140105,0.0,0.0
ET140105,Lideta,ET1401,Region 14,ET14,Addis Ababa,ET,2025,2,0,ETH,ET140105,0.0,0.0
ET140105,Lideta,ET1401,Region 14,ET14,Addis Ababa,ET,2025,3,0,ETH,ET140105,0.0,0.0
ET140105,Lideta,ET1401,Region 14,ET14,Addis Ababa,ET,2025,4,0,ETH,ET140105,0.0,0.0
ET140105,Lideta,ET1401,Region 14,ET14,Addis Ababa,ET,2025,5,0,ETH,ET140105,0.0,0.0
ET140105,Lideta,ET1401,Region 14,ET14,Addis Ababa,ET,2025,6,0,ETH,ET140105,0.0,0.0
ET140105,Lideta,ET1401,Region 14,ET14,Addis Ababa,ET,2025,7,0,ETH,ET140105,0.0,0.0
ET140105,Lideta,ET1401,Region 14,ET14,Addis Ababa,ET,2025,8,0,ETH,ET140105,0.0,0.0
ET140105,Lideta,ET1401,Region 14,ET14,Addis Ababa,ET,2025,9,0,ETH,ET140105,0.0,0.0
ET140106,Kirkos,ET1401,Region 14,ET14,Addis Ababa,ET,2021,7,0,ETH,ET140106,0.0,0.0
ET140106,Kirkos,ET1401,Region 14,ET14,Addis Ababa,ET,2021,11,0,ETH,ET140106,0.0,0.0
ET140106,Kirkos,ET1401,Region 14,ET14,Addis Ababa,ET,2022,3,0,ETH,ET140106,0.0,0.0
ET140106,Kirkos,ET1401,Region 14,ET14,Addis Ababa,ET,2022,5,0,ETH,ET140106,0.0,0.0
ET140106,Kirkos,ET1401,Region 14,ET14,Addis Ababa,ET,2022,9,0,ETH,ET140106,0.0,0.0
ET140106,Kirkos,ET1401,Region 14,ET14,Addis Ababa,ET,2022,10,0,ETH,ET140106,0.0,0.0
ET140106,Kirkos,ET1401,Region 14,ET14,Addis Ababa,ET,2023,2,0,ETH,ET140106,0.0,0.0
ET140106,Kirkos,ET1401,Region 14,ET14,Addis Ababa,ET,2023,5,1,ETH,ET140106,0.5,0.5
ET140106,Kirkos,ET1401,Region 14,ET14,Addis Ababa,ET,2023,8,0,ETH,ET140106,0.0,0.0
ET140106,Kirkos,ET1401,Region 14,ET14,Addis Ababa,ET,2023,12,0,ETH,ET140106,0.0,0.0
ET140106,Kirkos,ET1401,Region 14,ET14,Addis Ababa,ET,2024,3,0,ETH,ET140106,0.0,0.0
ET140106,Kirkos,ET1401,Region 14,ET14,Addis Ababa,ET,2024,5,0,ETH,ET140106,0.0,0.0
ET140106,Kirkos,ET1401,Region 14,ET14,Addis Ababa,ET,2024,8,0,ETH,ET140106,0.0,0.0
ET140106,Kirkos,ET1401,Region 14,ET14,Addis Ababa,ET,2024,12,0,ETH,ET140106,0.0,0.0
ET140106,Kirkos,ET1401,Region 14,ET14,Addis Ababa,ET,2025,2,0,ETH,ET140106,0.0,0.0
ET140106,Kirkos,ET1401,Region 14,ET14,Addis Ababa,ET,2025,5,0,ETH,ET140106,0.0,0.0
ET140107,Yeka,ET1401,Region 14,ET14,Addis Ababa,ET,2016,5,0,ETH,ET140107,0.0,0.0
ET140107,Yeka,ET1401,Region 14,ET14,Addis Ababa,ET,2020,4,1,ETH,ET140107,0.5,0.5
ET140107,Yeka,ET1401,Region 14,ET14,Addis Ababa,ET,2022,12,0,ETH,ET140107,0.0,0.0
ET140107,Yeka,ET1401,Region 14,ET14,Addis Ababa,ET,2023,2,0,ETH,ET140107,0.0,0.0
ET140107,Yeka,ET1401,Region 14,ET14,Addis Ababa,ET,2023,12,0,ETH,ET140107,0.0,0.0
ET140107,Yeka,ET1401,Region 14,ET14,Addis Ababa,ET,2024,3,0,ETH,ET140107,0.0,0.0
ET140107,Yeka,ET1401,Region 14,ET14,Addis Ababa,ET,2024,11,0,ETH,ET140107,0.0,0.0
ET140108,Addis Ketema,ET1401,Region 14,ET14,Addis Ababa,ET,2014,7,0,ETH,ET140108,0.0,0.0
ET140108,Addis Ketema,ET1401,Region 14,ET14,Addis Ababa,ET,2015,12,0,ETH,ET140108,0.0,0.0
ET140108,Addis Ketema,ET1401,Region 14,ET14,Addis Ababa,ET,2018,9,6,ETH,ET140108,3.0,3.0
ET140108,Addis Ketema,ET1401,Region 14,ET14,Addis Ababa,ET,2022,12,0,ETH,ET140108,0.0,0.0
ET140108,Addis Ketema,ET1401,Region 14,ET14,Addis Ababa,ET,2023,5,3,ETH,ET140108,1.5,1.5
ET140108,Addis Ketema,ET1401,Region 14,ET14,Addis Ababa,ET,2023,6,3,ETH,ET140108,1.5,1.5
ET140108,Addis Ketema,ET1401,Region 14,ET14,Addis Ababa,ET,2025,2,0,ETH,ET140108,0.0,0.0
ET140109,Arada,ET1401,Region 14,ET14,Addis Ababa,ET,2020,11,0,ETH,ET140109,0.0,0.0
ET140109,Arada,ET1401,Region 14,ET14,Addis Ababa,ET,2021,6,0,ETH,ET140109,0.0,0.0
ET140109,Arada,ET1401,Region 14,ET14,Addis Ababa,ET,2021,7,0,ETH,ET140109,0.0,0.0
ET140109,Arada,ET1401,Region 14,ET14,Addis Ababa,ET,2021,11,0,ETH,ET140109,0.0,0.0
ET140109,Arada,ET1401,Region 14,ET14,Addis Ababa,ET,2023,3,2,ETH,ET140109,1.0,1.0
ET140109,Arada,ET1401,Region 14,ET14,Addis Ababa,ET,2023,5,0,ETH,ET140109,0.0,0.0
ET140109,Arada,ET1401,Region 14,ET14,Addis Ababa,ET,2023,6,0,ETH,ET140109,0.0,0.0
ET140109,Arada,ET1401,Region 14,ET14,Addis Ababa,ET,2023,8,0,ETH,ET140109,0.0,0.0
ET140109,Arada,ET1401,Region 14,ET14,Addis Ababa,ET,2024,2,0,ETH,ET140109,0.0,0.0
ET140109,Arada,ET1401,Region 14,ET14,Addis Ababa,ET,2024,3,0,ETH,ET140109,0.0,0.0
ET140109,Arada,ET1401,Region 14,ET14,Addis Ababa,ET,2024,6,0,ETH,ET140109,0.0,0.0
ET140109,Arada,ET1401,Region 14,ET14,Addis Ababa,ET,2025,1,0,ETH,ET140109,0.0,0.0
ET140109,Arada,ET1401,Region 14,ET14,Addis Ababa,ET,2025,3,0,ETH,ET140109,0.0,0.0
ET140110,Gulele,ET1401,Region 14,ET14,Addis Ababa,ET,2015,12,0,ETH,ET140110,0.0,0.0
ET140110,Gulele,ET1401,Region 14,ET14,Addis Ababa,ET,2018,9,4,ETH,ET140110,2.0,2.0
ET140110,Gulele,ET1401,Region 14,ET14,Addis Ababa,ET,2020,6,0,ETH,ET140110,0.0,0.0
ET140110,Gulele,ET1401,Region 14,ET14,Addis Ababa,ET,2021,11,0,ETH,ET140110,0.0,0.0
ET140110,Gulele,ET1401,Region 14,ET14,Addis Ababa,ET,2021,12,0,ETH,ET140110,0.0,0.0
ET140110,Gulele,ET1401,Region 14,ET14,Addis Ababa,ET,2022,3,0,ETH,ET140110,0.0,0.0
ET140110,Gulele,ET1401,Region 14,ET14,Addis Ababa,ET,2022,6,0,ETH,ET140110,0.0,0.0
ET140110,Gulele,ET1401,Region 14,ET14,Addis Ababa,ET,2022,12,1,ETH,ET140110,0.5,0.5
ET140110,Gulele,ET1401,Region 14,ET14,Addis Ababa,ET,2024,3,0,ETH,ET140110,0.0,0.0
ET140110,Gulele,ET1401,Region 14,ET14,Addis Ababa,ET,2024,4,0,ETH,ET140110,0.0,0.0
ET140110,Gulele,ET1401,Region 14,ET14,Addis Ababa,ET,2024,11,0,ETH,ET140110,0.0,0.0
ET140110,Gulele,ET1401,Region 14,ET14,Addis Ababa,ET,2025,6,0,ETH,ET140110,0.0,0.0
ET150104,Malka Jabti /M.Jebdu),ET1501,Dire Dawa urban,ET15,Dire Dawa,ET,1999,11,2,ETH,ET150104,1.0,1.0
ET150104,Malka Jabti /M.Jebdu),ET1501,Dire Dawa urban,ET15,Dire Dawa,ET,2018,10,2,ETH,ET150104,1.0,1.0
ET150104,Malka Jabti /M.Jebdu),ET1501,Dire Dawa urban,ET15,Dire Dawa,ET,2021,2,1,ETH,ET150104,0.5,0.5
ET150104,Malka Jabti /M.Jebdu),ET1501,Dire Dawa urban,ET15,Dire Dawa,ET,2025,7,1,ETH,ET150104,0.5,0.5
ET150110,Gende Kore,ET1501,Dire Dawa urban,ET15,Dire Dawa,ET,1997,4,0,ETH,ET150110,0.0,0.0
ET150110,Gende Kore,ET1501,Dire Dawa urban,ET15,Dire Dawa,ET,1998,12,1,ETH,ET150110,0.5,0.5
ET150110,Gende Kore,ET1501,Dire Dawa urban,ET15,Dire Dawa,ET,1999,8,0,ETH,ET150110,0.0,0.0
ET150110,Gende Kore,ET1501,Dire Dawa urban,ET15,Dire Dawa,ET,2000,3,0,ETH,ET150110,0.0,0.0
ET150110,Gende Kore,ET1501,Dire Dawa urban,ET15,Dire Dawa,ET,2000,8,42,ETH,ET150110,21.0,21.0
ET150110,Gende Kore,ET1501,Dire Dawa urban,ET15,Dire Dawa,ET,2002,6,0,ETH,ET150110,0.0,0.0
ET150110,Gende Kore,ET1501,Dire Dawa urban,ET15,Dire Dawa,ET,2003,9,2,ETH,ET150110,1.0,1.0
ET150110,Gende Kore,ET1501,Dire Dawa urban,ET15,Dire Dawa,ET,2005,11,0,ETH,ET150110,0.0,0.0
ET150110,Gende Kore,ET1501,Dire Dawa urban,ET15,Dire Dawa,ET,2009,7,0,ETH,ET150110,0.0,0.0
ET150110,Gende Kore,ET1501,Dire Dawa urban,ET15,Dire Dawa,ET,2010,1,6,ETH,ET150110,3.0,3.0
ET150110,Gende Kore,ET1501,Dire Dawa urban,ET15,Dire Dawa,ET,2011,3,0,ETH,ET150110,0.0,0.0
ET150110,Gende Kore,ET1501,Dire Dawa urban,ET15,Dire Dawa,ET,2011,4,1,ETH,ET150110,0.5,0.5
ET150110,Gende Kore,ET1501,Dire Dawa urban,ET15,Dire Dawa,ET,2012,12,0,ETH,ET150110,0.0,0.0
ET150110,Gende Kore,ET1501,Dire Dawa urban,ET15,Dire Dawa,ET,2013,1,0,ETH,ET150110,0.0,0.0
ET150110,Gende Kore,ET1501,Dire Dawa urban,ET15,Dire Dawa,ET,2014,4,0,ETH,ET150110,0.0,0.0
ET150110,Gende Kore,ET1501,Dire Dawa urban,ET15,Dire Dawa,ET,2016,1,0,ETH,ET150110,0.0,0.0
ET150110,Gende Kore,ET1501,Dire Dawa urban,ET15,Dire Dawa,ET,2016,3,0,ETH,ET150110,0.0,0.0
ET150110,Gende Kore,ET1501,Dire Dawa urban,ET15,Dire Dawa,ET,2016,5,0,ETH,ET150110,0.0,0.0
ET150110,Gende Kore,ET1501,Dire Dawa urban,ET15,Dire Dawa,ET,2016,6,0,ETH,ET150110,0.0,0.0
ET150110,Gende Kore,ET1501,Dire Dawa urban,ET15,Dire Dawa,ET,2016,7,0,ETH,ET150110,0.0,0.0
ET150110,Gende Kore,ET1501,Dire Dawa urban,ET15,Dire Dawa,ET,2016,8,1,ETH,ET150110,0.5,0.5
ET150110,Gende Kore,ET1501,Dire Dawa urban,ET15,Dire Dawa,ET,2016,9,0,ETH,ET150110,0.0,0.0
ET150110,Gende Kore,ET1501,Dire Dawa urban,ET15,Dire Dawa,ET,2016,10,0,ETH,ET150110,0.0,0.0
ET150110,Gende Kore,ET1501,Dire Dawa urban,ET15,Dire Dawa,ET,2017,4,1,ETH,ET150110,0.5,0.5
ET150110,Gende Kore,ET1501,Dire Dawa urban,ET15,Dire Dawa,ET,2017,12,0,ETH,ET150110,0.0,0.0
ET150110,Gende Kore,ET1501,Dire Dawa urban,ET15,Dire Dawa,ET,2018,2,1,ETH,ET150110,0.5,0.5
ET150110,Gende Kore,ET1501,Dire Dawa urban,ET15,Dire Dawa,ET,2018,3,0,ETH,ET150110,0.0,0.0
ET150110,Gende Kore,ET1501,Dire Dawa urban,ET15,Dire Dawa,ET,2018,4,0,ETH,ET150110,0.0,0.0
ET150110,Gende Kore,ET1501,Dire Dawa urban,ET15,Dire Dawa,ET,2018,5,0,ETH,ET150110,0.0,0.0
ET150110,Gende Kore,ET1501,Dire Dawa urban,ET15,Dire Dawa,ET,2018,6,3,ETH,ET150110,1.5,1.5
ET150110,Gende Kore,ET1501,Dire Dawa urban,ET15,Dire Dawa,ET,2018,8,10,ETH,ET150110,5.0,5.0
ET150110,Gende Kore,ET1501,Dire Dawa urban,ET15,Dire Dawa,ET,2018,11,1,ETH,ET150110,0.5,0.5
ET150110,Gende Kore,ET1501,Dire Dawa urban,ET15,Dire Dawa,ET,2019,1,1,ETH,ET150110,0.5,0.5
ET150110,Gende Kore,ET1501,Dire Dawa urban,ET15,Dire Dawa,ET,2019,4,0,ETH,ET150110,0.0,0.0
ET150110,Gende Kore,ET1501,Dire Dawa urban,ET15,Dire Dawa,ET,2019,9,5,ETH,ET150110,2.5,2.5
ET150110,Gende Kore,ET1501,Dire Dawa urban,ET15,Dire Dawa,ET,2019,10,7,ETH,ET150110,3.5,3.5
ET150110,Gende Kore,ET1501,Dire Dawa urban,ET15,Dire Dawa,ET,2019,11,0,ETH,ET150110,0.0,0.0
ET150110,Gende Kore,ET1501,Dire Dawa urban,ET15,Dire Dawa,ET,2019,12,1,ETH,ET150110,0.5,0.5
ET150110,Gende Kore,ET1501,Dire Dawa urban,ET15,Dire Dawa,ET,2020,1,1,ETH,ET150110,0.5,0.5
ET150110,Gende Kore,ET1501,Dire Dawa urban,ET15,Dire Dawa,ET,2020,6,0,ETH,ET150110,0.0,0.0
ET150110,Gende Kore,ET1501,Dire Dawa urban,ET15,Dire Dawa,ET,2020,7,2,ETH,ET150110,1.0,1.0
ET150110,Gende Kore,ET1501,Dire Dawa urban,ET15,Dire Dawa,ET,2020,8,3,ETH,ET150110,1.5,1.5
ET150110,Gende Kore,ET1501,Dire Dawa urban,ET15,Dire Dawa,ET,2021,2,0,ETH,ET150110,0.0,0.0
ET150110,Gende Kore,ET1501,Dire Dawa urban,ET15,Dire Dawa,ET,2021,5,0,ETH,ET150110,0.0,0.0
ET150110,Gende Kore,ET1501,Dire Dawa urban,ET15,Dire Dawa,ET,2021,6,0,ETH,ET150110,0.0,0.0
ET150110,Gende Kore,ET1501,Dire Dawa urban,ET15,Dire Dawa,ET,2021,7,0,ETH,ET150110,0.0,0.0
ET150110,Gende Kore,ET1501,Dire Dawa urban,ET15,Dire Dawa,ET,2021,11,0,ETH,ET150110,0.0,0.0
ET150110,Gende Kore,ET1501,Dire Dawa urban,ET15,Dire Dawa,ET,2022,1,0,ETH,ET150110,0.0,0.0
ET150110,Gende Kore,ET1501,Dire Dawa urban,ET15,Dire Dawa,ET,2022,4,1,ETH,ET150110,0.5,0.5
ET150110,Gende Kore,ET1501,Dire Dawa urban,ET15,Dire Dawa,ET,2022,10,0,ETH,ET150110,0.0,0.0
ET150110,Gende Kore,ET1501,Dire Dawa urban,ET15,Dire Dawa,ET,2022,12,0,ETH,ET150110,0.0,0.0
ET150110,Gende Kore,ET1501,Dire Dawa urban,ET15,Dire Dawa,ET,2024,1,0,ETH,ET150110,0.0,0.0
ET150110,Gende Kore,ET1501,Dire Dawa urban,ET15,Dire Dawa,ET,2024,11,0,ETH,ET150110,0.0,0.0
ET150110,Gende Kore,ET1501,Dire Dawa urban,ET15,Dire Dawa,ET,2025,9,0,ETH,ET150110,0.0,0.0
ET150207,Wahil,ET1502,Dire Dawa rural,ET15,Dire Dawa,ET,2021,12,3,ETH,ET150207,1.5,1.5
ET150208,Biyoawale,ET1502,Dire Dawa rural,ET15,Dire Dawa,ET,2000,8,41,ETH,ET150208,20.5,20.5
ET150208,Biyoawale,ET1502,Dire Dawa rural,ET15,Dire Dawa,ET,2016,8,2,ETH,ET150208,1.0,1.0
ET150208,Biyoawale,ET1502,Dire Dawa rural,ET15,Dire Dawa,ET,2018,6,3,ETH,ET150208,1.5,1.5
ET160001,Shebe Dino,ET1600,Sidama,ET16,Sidama,ET,2002,7,3,ETH,ET160001,1.5,1.5
ET160002,Hawassa Zuria,ET1600,Sidama,ET16,Sidama,ET,2025,7,0,ETH,ET160002,0.0,0.0
ET160007,Hulla,ET1600,Sidama,ET16,Sidama,ET,2019,7,14,ETH,ET160007,7.0,7.0
ET160009,Aroresa,ET1600,Sidama,ET16,Sidama,ET,2025,5,0,ETH,ET160009,0.0,0.0
ET160015,Bursa,ET1600,Sidama,ET16,Sidama,ET,2000,3,14,ETH,ET160015,7.0,7.0
ET160018,Hawasa town,ET1600,Sidama,ET16,Sidama,ET,1997,6,27,ETH,ET160018,13.5,13.5
ET160018,Hawasa town,ET1600,Sidama,ET16,Sidama,ET,2002,3,34,ETH,ET160018,17.0,17.0
ET160018,Hawasa town,ET1600,Sidama,ET16,Sidama,ET,2002,5,293,ETH,ET160018,146.5,146.5
ET160018,Hawasa town,ET1600,Sidama,ET16,Sidama,ET,2002,6,38,ETH,ET160018,19.0,19.0
ET160018,Hawasa town,ET1600,Sidama,ET16,Sidama,ET,2005,6,0,ETH,ET160018,0.0,0.0
ET160018,Hawasa town,ET1600,Sidama,ET16,Sidama,ET,2005,11,0,ETH,ET160018,0.0,0.0
ET160018,Hawasa town,ET1600,Sidama,ET16,Sidama,ET,2009,6,0,ETH,ET160018,0.0,0.0
ET160018,Hawasa town,ET1600,Sidama,ET16,Sidama,ET,2010,1,0,ETH,ET160018,0.0,0.0
ET160018,Hawasa town,ET1600,Sidama,ET16,Sidama,ET,2014,5,0,ETH,ET160018,0.0,0.0
ET160018,Hawasa town,ET1600,Sidama,ET16,Sidama,ET,2016,1,1,ETH,ET160018,0.5,0.5
ET160018,Hawasa town,ET1600,Sidama,ET16,Sidama,ET,2016,3,0,ETH,ET160018,0.0,0.0
ET160018,Hawasa town,ET1600,Sidama,ET16,Sidama,ET,2016,10,0,ETH,ET160018,0.0,0.0
ET160018,Hawasa town,ET1600,Sidama,ET16,Sidama,ET,2018,6,10,ETH,ET160018,5.0,5.0
ET160018,Hawasa town,ET1600,Sidama,ET16,Sidama,ET,2018,8,0,ETH,ET160018,0.0,0.0
ET160018,Hawasa town,ET1600,Sidama,ET16,Sidama,ET,2018,10,0,ETH,ET160018,0.0,0.0
ET160018,Hawasa town,ET1600,Sidama,ET16,Sidama,ET,2019,2,0,ETH,ET160018,0.0,0.0
ET160018,Hawasa town,ET1600,Sidama,ET16,Sidama,ET,2019,3,0,ETH,ET160018,0.0,0.0
ET160018,Hawasa town,ET1600,Sidama,ET16,Sidama,ET,2019,4,0,ETH,ET160018,0.0,0.0
ET160018,Hawasa town,ET1600,Sidama,ET16,Sidama,ET,2019,7,37,ETH,ET160018,18.5,18.5
ET160018,Hawasa town,ET1600,Sidama,ET16,Sidama,ET,2019,12,0,ETH,ET160018,0.0,0.0
ET160018,Hawasa town,ET1600,Sidama,ET16,Sidama,ET,2020,1,1,ETH,ET160018,0.5,0.5
ET160018,Hawasa town,ET1600,Sidama,ET16,Sidama,ET,2020,2,0,ETH,ET160018,0.0,0.0
ET160018,Hawasa town,ET1600,Sidama,ET16,Sidama,ET,2021,6,0,ETH,ET160018,0.0,0.0
ET160018,Hawasa town,ET1600,Sidama,ET16,Sidama,ET,2021,7,0,ETH,ET160018,0.0,0.0
ET160018,Hawasa town,ET1600,Sidama,ET16,Sidama,ET,2021,11,7,ETH,ET160018,3.5,3.5
ET160018,Hawasa town,ET1600,Sidama,ET16,Sidama,ET,2022,4,0,ETH,ET160018,0.0,0.0
ET160018,Hawasa town,ET1600,Sidama,ET16,Sidama,ET,2022,6,0,ETH,ET160018,0.0,0.0
ET160018,Hawasa town,ET1600,Sidama,ET16,Sidama,ET,2022,9,0,ETH,ET160018,0.0,0.0
ET160018,Hawasa town,ET1600,Sidama,ET16,Sidama,ET,2022,10,0,ETH,ET160018,0.0,0.0
ET160018,Hawasa town,ET1600,Sidama,ET16,Sidama,ET,2023,1,0,ETH,ET160018,0.0,0.0
ET160018,Hawasa town,ET1600,Sidama,ET16,Sidama,ET,2023,7,0,ETH,ET160018,0.0,0.0
ET160018,Hawasa town,ET1600,Sidama,ET16,Sidama,ET,2023,8,0,ETH,ET160018,0.0,0.0
ET160018,Hawasa town,ET1600,Sidama,ET16,Sidama,ET,2023,10,0,ETH,ET160018,0.0,0.0
ET160018,Hawasa town,ET1600,Sidama,ET16,Sidama,ET,2023,11,0,ETH,ET160018,0.0,0.0
ET160018,Hawasa town,ET1600,Sidama,ET16,Sidama,ET,2024,1,0,ETH,ET160018,0.0,0.0
ET160018,Hawasa town,ET1600,Sidama,ET16,Sidama,ET,2024,2,0,ETH,ET160018,0.0,0.0
ET160018,Hawasa town,ET1600,Sidama,ET16,Sidama,ET,2025,1,0,ETH,ET160018,0.0,0.0
ET160018,Hawasa town,ET1600,Sidama,ET16,Sidama,ET,2025,5,0,ETH,ET160018,0.0,0.0
ET160018,Hawasa town,ET1600,Sidama,ET16,Sidama,ET,2025,6,0,ETH,ET160018,0.0,0.0
ET160019,Wondo-Genet,ET1600,Sidama,ET16,Sidama,ET,2008,3,0,ETH,ET160019,0.0,0.0
ET160019,Wondo-Genet,ET1600,Sidama,ET16,Sidama,ET,2008,4,41,ETH,ET160019,20.5,20.5
ET160019,Wondo-Genet,ET1600,Sidama,ET16,Sidama,ET,2011,1,5,ETH,ET160019,2.5,2.5
ET160019,Wondo-Genet,ET1600,Sidama,ET16,Sidama,ET,2019,3,0,ETH,ET160019,0.0,0.0
ET160019,Wondo-Genet,ET1600,Sidama,ET16,Sidama,ET,2019,7,3,ETH,ET160019,1.5,1.5
ET160019,Wondo-Genet,ET1600,Sidama,ET16,Sidama,ET,2023,12,0,ETH,ET160019,0.0,0.0
ET160019,Wondo-Genet,ET1600,Sidama,ET16,Sidama,ET,2024,2,1,ETH,ET160019,0.5,0.5
ET160020,Yirgalem town,ET1600,Sidama,ET16,Sidama,ET,2018,1,4,ETH,ET160020,2.0,2.0
ET160020,Yirgalem town,ET1600,Sidama,ET16,Sidama,ET,2019,7,0,ETH,ET160020,0.0,0.0
ET160020,Yirgalem town,ET1600,Sidama,ET16,Sidama,ET,2020,3,0,ETH,ET160020,0.0,0.0
ET160024,Bura,ET1600,Sidama,ET16,Sidama,ET,2022,5,3,ETH,ET160024,1.5,1.5
ET160024,Bura,ET1600,Sidama,ET16,Sidama,ET,2024,2,0,ETH,ET160024,0.0,0.0
ET160026,Teticha,ET1600,Sidama,ET16,Sidama,ET,2024,12,0,ETH,ET160026,0.0,0.0
ET160030,Daye town,ET1600,Sidama,ET16,Sidama,ET,2022,4,1,ETH,ET160030,0.5,0.5
ET160030,Daye town,ET1600,Sidama,ET16,Sidama,ET,2022,5,3,ETH,ET160030,1.5,1.5
ET160032,Bilate Zuria,ET1600,Sidama,ET16,Sidama,ET,2009,5,100,ETH,ET160032,50.0,50.0
ET160033,Darara,ET1600,Sidama,ET16,Sidama,ET,1998,11,3,ETH,ET160033,1.5,1.5
ET160033,Darara,ET1600,Sidama,ET16,Sidama,ET,1998,12,2,ETH,ET160033,1.0,1.0
ET160034,Daella,ET1600,Sidama,ET16,Sidama,ET,2022,4,0,ETH,ET160034,0.0,0.0
ET160037,Loka Abaya,ET1600,Sidama,ET16,Sidama,ET,2002,7,0,ETH,ET160037,0.0,0.0
